﻿icd_code,cn_title
A00,"霍乱"
A000,"霍乱弧菌 01 引起的霍乱，生物型霍乱"
A001,"霍乱弧菌 01 引起的霍乱，生物型型 eltor"
A009,"霍乱，未指定"
A01,"伤寒和副伤寒"
A010,"伤寒"
A0100,"伤寒，未指明"
A0101,"伤寒脑膜炎"
A0102,"伤寒伴心脏受累"
A0103,"伤寒肺炎"
A0104,"伤寒关节炎"
A0105,"伤寒骨髓炎"
A0109,"伤寒伴其他并发症"
A011,"副伤寒 A"
A012,"副伤寒 B"
A013,"副伤寒丙型"
A014,"副伤寒，未指明"
A02,"其他沙门氏菌感染"
A020,"沙门氏菌肠炎"
A021,"沙门氏菌败血症"
A022,"局部沙门氏菌感染"
A0220,"局部沙门菌感染，未明确"
A0221,"沙门菌脑膜炎"
A0222,"沙门菌肺炎"
A0223,"沙门菌关节炎"
A0224,"沙门菌骨髓炎"
A0225,"沙门氏菌肾盂肾炎"
A0229,"沙门氏菌伴其他局部感染"
A028,"其他特定的沙门菌感染"
A029,"沙门氏菌感染，未指定"
A03,"志贺氏菌病"
A030,"痢疾志贺菌引起的志贺菌病"
A031,"福氏志贺氏菌引起的志贺氏菌病"
A032,"博伊志贺氏菌引起的志贺氏菌病"
A033,"宋内志贺氏菌引起的志贺氏菌病"
A038,"其他志贺菌病"
A039,"志贺菌病，未指定"
A04,"其他细菌性肠道感染"
A040,"肠致病性大肠埃希菌感染"
A041,"产肠毒素大肠埃希菌感染"
A042,"肠道侵袭性大肠埃希菌感染"
A043,"肠出血性大肠埃希菌感染"
A044,"其他肠道大肠埃希菌感染"
A045,"弯曲杆菌肠炎"
A046,"小肠结肠炎耶尔森菌引起的肠炎"
A047,"艰难梭菌引起的小肠结肠炎"
A0471,"艰难梭菌引起的小肠结肠炎，复发性"
A0472,"艰难梭菌引起的小肠结肠炎，未指定为复发性"
A048,"其他特定的细菌性肠道感染"
A049,"细菌性肠道感染，未指定"
A05,"其他未分类的细菌性食源性中毒"
A050,"食源性葡萄球菌中毒"
A051,"肉毒杆菌中毒食物中毒"
A052,"食源性产气荚膜梭菌 [Clostridium welchii] 中毒"
A053,"食源性副溶血性弧菌中毒"
A054,"食源性蜡样芽孢杆菌中毒"
A055,"食源性创伤弧菌中毒"
A058,"其他指明的细菌性食源性中毒"
A059,"细菌性食源性中毒，未指定"
A06,"阿米巴病"
A060,"急性阿米巴痢疾"
A061,"慢性肠道阿米巴病"
A062,"阿米巴非痢疾性结肠炎"
A063,"肠阿米巴瘤"
A064,"阿米巴肝脓肿"
A065,"阿米巴肺脓肿"
A066,"阿米巴脑脓肿"
A067,"皮肤阿米巴病"
A068,"其他部位的阿米巴感染"
A0681,"阿米巴膀胱炎"
A0682,"其他阿米巴泌尿生殖系统感染"
A0689,"其他阿米巴感染"
A069,"阿米巴病，未指定"
A07,"其他原生动物肠道疾病"
A070,"Balantidias病"
A071,"贾第鞭毛虫病 [lambliasis]"
A072,"隐孢子虫病"
A073,"同孢子虫病"
A074,"环孢子虫病"
A078,"其他特定的原生动物肠道疾病"
A079,"原生动物肠道疾病，未指定"
A08,"病毒和其他特定的肠道感染"
A080,"轮状病毒性肠炎"
A081,"由 Norwalk 剂和其他小圆病毒引起的急性胃肠病"
A0811,"Norwalk 药物引起的急性胃肠病"
A0819,"其他小圆病毒引起的急性胃肠病"
A082,"腺病毒性肠炎"
A083,"其他病毒性肠炎"
A0831,"杯状病毒性肠炎"
A0832,"星状病毒肠炎"
A0839,"其他病毒性肠炎"
A084,"病毒性肠道感染，未明确"
A088,"其他特定的肠道感染"
A09,"感染性胃肠炎和结肠炎，未指定"
A15,"呼吸道结核病"
A150,"肺结核"
A154,"胸腔内淋巴结结核"
A155,"喉、气管和支气管结核"
A156,"结核性胸膜炎"
A157,"原发性呼吸道结核"
A158,"其他呼吸道结核病"
A159,"未分类的呼吸道结核病"
A17,"神经系统结核病"
A170,"结核性脑膜炎"
A171,"脑膜结核瘤"
A178,"神经系统的其他结核病"
A1781,"脑和脊髓结核瘤"
A1782,"结核性脑膜脑炎"
A1783,"结核性神经炎"
A1789,"神经系统的其他结核病"
A179,"神经系统结核病，未指定"
A18,"其他器官结核病"
A180,"骨骼和关节结核"
A1801,"脊柱结核"
A1802,"其他关节的结核性关节炎"
A1803,"其他骨骼结核"
A1809,"其他肌肉骨骼结核病"
A181,"泌尿生殖系统结核病"
A1810,"泌尿生殖系统结核病，未明确"
A1811,"肾结核和输尿管结核"
A1812,"膀胱结核"
A1813,"其他泌尿器官结核病"
A1814,"前列腺结核"
A1815,"其他男性生殖器官的结核病"
A1816,"宫颈结核"
A1817,"结核性女性盆腔炎性疾病"
A1818,"其他女性生殖器官的结核病"
A182,"结核性外周淋巴结肿大"
A183,"肠、腹膜和肠系膜腺结核"
A1831,"结核性腹膜炎"
A1832,"结核性肠炎"
A1839,"腹膜后结核病"
A184,"皮肤和皮下组织结核"
A185,"眼结核"
A1850,"眼结核，未指定"
A1851,"结核性表层硬化炎"
A1852,"结核性角膜炎"
A1853,"结核性脉络膜视网膜炎"
A1854,"结核性虹膜睫状体炎"
A1859,"其他眼结核"
A186,"（内耳）（中耳）结核病"
A187,"肾上腺结核病"
A188,"其他特定器官的结核病"
A1881,"甲状腺结核"
A1882,"其他内分泌腺的结核病"
A1883,"消化道器官结核病，未在其他地方分类"
A1884,"心脏结核"
A1885,"脾脏结核"
A1889,"其他部位的结核病"
A19,"粟粒性肺结核"
A190,"单个指定部位的急性粟粒性结核病"
A191,"多部位急性粟粒性结核病"
A192,"急性粟粒性结核病，未指定"
A198,"其他粟粒性结核病"
A199,"粟粒性结核病，未指定"
A20,"瘟疫"
A200,"黑死病"
A201,"睑皮瘟疫"
A202,"肺鼠疫"
A203,"鼠疫脑膜炎"
A207,"败血性鼠疫"
A208,"其他形式的鼠疫"
A209,"瘟疫，未指明"
A21,"野兔病"
A210,"溃疡腺型土拉菌病"
A211,"眼腺型土拉菌病"
A212,"肺土拉菌病"
A213,"胃肠道土拉菌病"
A217,"全身性土拉菌病"
A218,"其他形式的土拉菌病"
A219,"兔热病，未指定"
A22,"炭疽"
A220,"皮肤炭疽"
A221,"肺炭疽"
A222,"胃肠道炭疽"
A227,"炭疽败血症"
A228,"其他形式的炭疽"
A229,"炭疽，未指定"
A23,"布鲁氏菌病"
A230,"布鲁氏菌病"
A231,"流产布鲁氏菌引起的布鲁氏菌病"
A232,"猪布鲁氏菌引起的布鲁氏菌病"
A233,"犬布鲁氏菌引起的布鲁氏菌病"
A238,"其他布鲁氏菌病"
A239,"布鲁氏菌病，未指定"
A24,"腺体和类鼻疽"
A240,"压盖"
A241,"急性和暴发性类鼻疽"
A242,"亚急性和慢性类鼻疽"
A243,"其他类鼻疽"
A249,"类鼻疽，未指定"
A25,"鼠咬热"
A250,"螺旋体病"
A251,"链杆菌病"
A259,"鼠咬热，未指明"
A26,"类丹毒"
A260,"皮肤丹毒样"
A267,"败血症"
A268,"其他形式的丹毒样"
A269,"丹毒样，未指定"
A27,"钩端螺旋体病"
A270,"钩端螺旋体病黄疸出血"
A278,"其他形式的钩端螺旋体病"
A2781,"钩端螺旋体病的无菌性脑膜炎"
A2789,"其他形式的钩端螺旋体病"
A279,"钩端螺旋体病，未指定"
A28,"其他未分类的人畜共患细菌性疾病"
A280,"巴氏杆菌病"
A281,"猫抓病"
A282,"肠外耶尔森菌病"
A288,"其他未分类的特定人畜共患细菌性疾病"
A289,"人畜共患细菌病，未明确"
A30,"麻风病 [汉森病]"
A300,"不确定的麻风病"
A301,"结核样麻风病"
A302,"交界性结核样麻风病"
A303,"交界性麻风病"
A304,"交界性麻风病"
A305,"麻风病"
A308,"其他形式的麻风病"
A309,"麻风病，未指明"
A31,"其他分枝杆菌引起的感染"
A310,"肺分枝杆菌感染"
A311,"皮肤分枝杆菌感染"
A312,"播散性鸟分枝杆菌-细胞内复合体 （DMAC）"
A318,"其他分枝杆菌感染"
A319,"分枝杆菌感染，未指定"
A32,"李斯特菌病"
A320,"皮肤李斯特菌病"
A321,"李斯特菌性脑膜炎和脑膜脑炎"
A3211,"李斯特菌性脑膜炎"
A3212,"李斯特菌性脑膜脑炎"
A327,"李斯特菌败血症"
A328,"其他形式的李斯特菌病"
A3281,"眼腺型李斯特菌病"
A3282,"李斯特菌性心内膜炎"
A3289,"其他形式的李斯特菌病"
A329,"李斯特菌病，未指定"
A33,"新生儿破伤风"
A34,"产科破伤风"
A35,"其他破伤风"
A36,"白喉"
A360,"咽部白喉"
A361,"鼻咽白喉"
A362,"喉白喉"
A363,"皮肤白喉"
A368,"其他白喉"
A3681,"白喉心肌病"
A3682,"白喉神经根炎"
A3683,"白喉性多发性神经炎"
A3684,"白喉性肾小管间质性肾病"
A3685,"白喉性膀胱炎"
A3686,"白喉性结膜炎"
A3689,"其他白喉并发症"
A369,"白喉，未指定"
A37,"百日咳"
A370,"百日咳博德特氏菌"
A3700,"百日咳博德特氏菌引起的百日咳，无肺炎"
A3701,"百日咳博德特氏菌伴肺炎"
A371,"副百日咳博德特氏菌 引起的百日咳"
A3710,"副百日咳引起的百日咳，不伴肺炎"
A3711,"副百日咳伴肺炎引起的百日咳"
A378,"由其他博德特氏菌属引起的百日咳"
A3780,"由其他博德特氏菌属引起的百日咳，无肺炎"
A3781,"由其他博德特氏菌属肺炎引起的百日咳"
A379,"百日咳，未指定物种"
A3790,"百日咳，未指定种属，无肺炎"
A3791,"百日咳，未指定种类的肺炎"
A38,"猩红热"
A380,"猩红热伴中耳炎"
A381,"猩红热伴心肌炎"
A388,"猩红热伴其他并发症"
A389,"猩红热，无并发症"
A39,"脑膜炎球菌感染"
A390,"脑膜炎球菌性脑膜炎"
A391,"Waterhouse-Friderichsen 综合征"
A392,"急性脑膜炎球菌性菌血症"
A393,"慢性脑膜炎球菌性菌血症"
A394,"脑膜炎球菌性菌血症，未指明"
A395,"脑膜炎球菌性心脏病"
A3950,"脑膜炎球菌性心脏炎，未指定"
A3951,"脑膜炎球菌性心内膜炎"
A3952,"脑膜炎球菌性心肌炎"
A3953,"脑膜炎球菌性心包炎"
A398,"其他脑膜炎球菌感染"
A3981,"脑膜炎球菌性脑炎"
A3982,"脑膜炎球菌性球后神经炎"
A3983,"脑膜炎球菌关节炎"
A3984,"脑膜炎球菌后关节炎"
A3989,"其他脑膜炎球菌感染"
A399,"脑膜炎球菌感染，未指定"
A40,"链球菌败血症"
A400,"链球菌引起的脓毒症，A 组"
A401,"链球菌引起的脓毒症，B 组"
A403,"肺炎链球菌引起的脓毒症"
A408,"其他链球菌脓毒症"
A409,"链球菌败血症，未指定"
A41,"其他脓毒症"
A410,"金黄色葡萄球菌引起的脓毒症"
A4101,"由甲氧西林敏感的 金黄色葡萄球菌 引起的败血症"
A4102,"耐甲氧西林金黄色葡萄球菌引起的脓毒症"
A411,"其他特定葡萄球菌引起的脓毒症"
A412,"未指明的葡萄球菌引起的脓毒症"
A413,"流感嗜血杆菌引起的脓毒症"
A414,"厌氧菌引起的脓毒症"
A415,"其他革兰氏阴性菌引起的脓毒症"
A4150,"革兰阴性脓毒症，未明确"
A4151,"大肠杆菌 [E. coli] 引起的脓毒症"
A4152,"假单胞菌引起的脓毒症"
A4153,"沙雷氏菌引起的脓毒症"
A4159,"其他 革兰氏阴性脓毒症"
A418,"其他特定脓毒症"
A4181,"肠球菌引起的脓毒症"
A4189,"其他特定脓毒症"
A419,"脓毒症，未分明的病原体"
A42,"放线菌病"
A420,"肺放线菌病"
A421,"腹部放线菌病"
A422,"宫颈面放线菌病"
A427,"放线菌性脓毒症"
A428,"其他形式的放线菌病"
A4281,"放线菌性脑膜炎"
A4282,"放线菌性脑炎"
A4289,"其他形式的放线菌病"
A429,"放线菌病，未指定"
A43,"诺卡菌病"
A430,"肺诺卡菌病"
A431,"皮肤诺卡菌病"
A438,"其他形式的诺卡菌病"
A439,"诺卡菌病，未指定"
A44,"巴尔通体病"
A440,"系统性巴尔通体病"
A441,"皮肤和皮肤黏膜巴尔通体病"
A448,"其他形式的巴尔通体病"
A449,"巴尔通体病，未指定"
A46,"丹毒"
A48,"其他未分类的细菌性疾病"
A480,"气性坏疽"
A481,"军团病"
A482,"非肺炎军团病 [庞蒂亚克热]"
A483,"中毒性休克综合征"
A484,"巴西紫癜热"
A485,"其他特定肉毒杆菌中毒"
A4851,"婴儿肉毒中毒"
A4852,"伤口肉毒中毒"
A488,"其他特定细菌性疾病"
A49,"不明部位的细菌感染"
A490,"葡萄球菌感染，部位不明"
A4901,"甲氧西林敏感 金黄色葡萄球菌感染，部位未指定"
A4902,"耐甲氧西林金黄色葡萄球菌感染，部位不明"
A491,"链球菌感染，部位不明"
A492,"流感嗜血杆菌感染，部位不明"
A493,"支原体感染，部位不明"
A498,"其他未指定部位的细菌感染"
A499,"细菌感染，未指定"
A50,"先天性梅毒"
A500,"早期先天性梅毒，有症状"
A5001,"早期先天性梅毒性眼病"
A5002,"早期先天性梅毒性骨软骨病"
A5003,"早期先天性梅毒性咽炎"
A5004,"早期先天性梅毒肺炎"
A5005,"早期先天性梅毒性鼻炎"
A5006,"早期皮肤先天性梅毒"
A5007,"早期皮肤黏膜先天性梅毒"
A5008,"早期内脏先天性梅毒"
A5009,"其他早期先天性梅毒，有症状"
A501,"早期先天性梅毒，潜伏性"
A502,"早期先天性梅毒，未明确"
A503,"晚期先天性梅毒眼病"
A5030,"晚期先天性梅毒性眼球病，未明确"
A5031,"晚期先天性梅毒间质性角膜炎"
A5032,"晚期先天性梅毒脉络膜视网膜炎"
A5039,"其他晚期先天性梅毒性眼球病"
A504,"晚期先天性神经梅毒 [juvenile neurosyphilis]"
A5040,"晚期先天性神经梅毒，未指定"
A5041,"晚期先天性梅毒性脑膜炎"
A5042,"晚期先天性梅毒性脑炎"
A5043,"晚期先天性梅毒性多发性神经病"
A5044,"晚期先天性梅毒性视神经萎缩"
A5045,"青少年全身麻痹"
A5049,"其他晚期先天性神经梅毒"
A505,"其他晚期先天性梅毒，有症状"
A5051,"Clutton 关节"
A5052,"Hutchinson 的牙齿"
A5053,"Hutchinson 三联征"
A5054,"晚期先天性心血管梅毒"
A5055,"晚期先天性梅毒性关节病"
A5056,"晚期先天性梅毒性骨软骨病"
A5057,"梅毒鞍鼻"
A5059,"其他晚期先天性梅毒，有症状"
A506,"晚期先天性梅毒，潜伏性"
A507,"晚期先天性梅毒，未指定"
A509,"先天性梅毒，未指定"
A51,"早期梅毒"
A510,"一期生殖器梅毒"
A511,"一期肛门梅毒"
A512,"其他部位的一期梅毒"
A513,"皮肤和粘膜的二期梅毒"
A5131,"阔阔湿疣"
A5132,"梅毒性脱发"
A5139,"其他皮肤二期梅毒"
A514,"其他二期梅毒"
A5141,"继发性梅毒性脑膜炎"
A5142,"二期梅毒女性盆腔病"
A5143,"继发性梅毒性眼病"
A5144,"继发性梅毒性肾炎"
A5145,"继发性梅毒性肝炎"
A5146,"二期梅毒性整骨病"
A5149,"其他二期梅毒"
A515,"早期梅毒，潜伏性"
A519,"早期梅毒，未分类"
A52,"晚期梅毒"
A520,"心脑血管梅毒"
A5200,"心血管梅毒，未指定"
A5201,"主动脉梅毒性动脉瘤"
A5202,"梅毒性主动脉炎"
A5203,"梅毒性心内膜炎"
A5204,"梅毒性脑动脉炎"
A5205,"其他 脑血管梅毒"
A5206,"其他梅毒性心脏受累"
A5209,"其他心血管梅毒"
A521,"症状性神经梅毒"
A5210,"症状性神经梅毒，未指定"
A5211,"Tabes dorsalis"
A5212,"其他脑脊髓梅毒"
A5213,"晚期梅毒性脑膜炎"
A5214,"晚期梅毒性脑炎"
A5215,"晚期梅毒性神经病"
A5216,"Charcot 关节病（tabetic）"
A5217,"全身麻痹"
A5219,"其他症状性神经梅毒"
A522,"无症状神经梅毒"
A523,"神经梅毒，未指定"
A527,"其他有症状的晚期梅毒"
A5271,"晚期梅毒性眼病"
A5272,"肺梅毒和支气管梅毒"
A5273,"其他呼吸器官的症状性晚期梅毒"
A5274,"肝脏和其他内脏梅毒"
A5275,"肾脏和输尿管梅毒"
A5276,"其他 有泌尿生殖系统症状的晚期梅毒"
A5277,"骨和关节梅毒"
A5278,"其他肌肉骨骼组织的梅毒"
A5279,"其他有症状的晚期梅毒"
A528,"晚期梅毒，潜伏性"
A529,"晚期梅毒，未指明"
A53,"其他和未指明的梅毒"
A530,"潜伏梅毒，未明确为早期或晚期"
A539,"梅毒，未指定"
A54,"淋球菌感染"
A540,"无尿道周围或副腺脓肿的下泌尿生殖尿路淋球菌感染"
A5400,"下泌尿生殖道淋球菌感染，未明确"
A5401,"淋球菌性膀胱炎和尿道炎，未指定"
A5402,"淋球菌性外阴阴道炎，未指定"
A5403,"淋球菌性宫颈炎，未指定"
A5409,"其他下泌尿生殖道淋球菌感染"
A541,"下泌尿生殖道淋球菌感染伴尿道周围和副腺脓肿"
A542,"淋球菌性盆腹膜炎和其他淋球菌性泌尿生殖系统感染"
A5421,"肾脏和输尿管淋球菌感染"
A5422,"淋球菌性前列腺炎"
A5423,"其他男性生殖器官的淋球菌感染"
A5424,"淋球菌性女性盆腔炎"
A5429,"其他淋球菌性泌尿生殖系统感染"
A543,"眼部淋球菌感染"
A5430,"眼部淋球菌感染，未明确"
A5431,"淋球菌性结膜炎"
A5432,"淋球菌性虹膜睫状体炎"
A5433,"淋球菌性角膜炎"
A5439,"其他淋球菌性眼感染"
A544,"肌肉骨骼系统淋球菌感染"
A5440,"肌肉骨骼系统淋球菌感染，未指定"
A5441,"淋球菌性脊柱病"
A5442,"淋球菌性关节炎"
A5443,"淋球菌性骨髓炎"
A5449,"其他肌肉骨骼组织的淋球菌感染"
A545,"淋球菌性咽炎"
A546,"肛门和直肠淋球菌感染"
A548,"其他淋球菌感染"
A5481,"淋球菌性脑膜炎"
A5482,"淋球菌性脑脓肿"
A5483,"淋球菌性心脏病感染"
A5484,"淋球菌性肺炎"
A5485,"淋球菌性腹膜炎"
A5486,"淋球菌败血症"
A5489,"其他淋球菌感染"
A549,"淋球菌感染，未指定"
A55,"衣原体淋巴肉芽肿（性病）"
A56,"其他性传播衣原体疾病"
A560,"下泌尿生殖道衣原体感染"
A5600,"下泌尿生殖道衣原体感染，未指定"
A5601,"衣原体膀胱炎和尿道炎"
A5602,"衣原体性外阴阴道炎"
A5609,"其他下泌尿生殖道衣原体感染"
A561,"盆腔腹膜和其他泌尿生殖器官的衣原体感染"
A5611,"衣原体女性盆腔炎"
A5619,"其他衣原体泌尿生殖系统感染"
A562,"泌尿生殖道衣原体感染，未指定"
A563,"肛门和直肠衣原体感染"
A564,"咽部衣原体感染"
A568,"其他部位的性传播衣原体感染"
A57,"软下疳"
A58,"腹股沟肉芽肿"
A59,"滴虫 病"
A590,"泌尿生殖系统滴虫病"
A5900,"泌尿生殖系统滴虫病，未指定"
A5901,"毛滴虫性外阴阴道炎"
A5902,"毛滴虫性前列腺炎"
A5903,"毛滴虫性膀胱炎和尿道炎"
A5909,"其他泌尿生殖系统滴虫病"
A598,"其他部位的滴虫病"
A599,"滴虫病，未指定"
A60,"肛门生殖器疱疹病毒 [单纯疱疹] 感染"
A600,"生殖器和泌尿生殖道疱疹病毒感染"
A6000,"泌尿生殖系统疱疹病毒感染，未明确"
A6001,"阴茎疱疹病毒感染"
A6002,"其他男性生殖器官的疱疹病毒感染"
A6003,"疱疹病毒性宫颈炎"
A6004,"疱疹病毒性外阴阴道炎"
A6009,"其他泌尿生殖道疱疹病毒感染"
A601,"肛周皮肤和直肠的疱疹病毒感染"
A609,"肛门生殖器疱疹病毒感染，未明确"
A63,"其他主要由性传播的疾病，未在其他地方分类"
A630,"肛门生殖器（性）疣"
A638,"其他特定的主要性传播疾病"
A64,"未指明的性传播疾病"
A65,"非性梅毒"
A66,"雅司病"
A660,"雅司病的初始病变"
A661,"多发状瘤和湿蟹油司病"
A662,"雅司病的其他早期皮肤病变"
A663,"雅司病角化过度"
A664,"雅司病的胶质瘤和溃疡"
A665,"甘戈萨"
A666,"雅司病的骨骼和关节病变"
A667,"雅司病的其他表现"
A668,"潜伏雅司病"
A669,"偏航，未指定"
A67,"Pinta [空手岛]"
A670,"Pinta 的原发性病变"
A671,"Pinta 的中间病变"
A672,"pinta 晚期病变"
A673,"pinta 的混合病变"
A679,"Pinta，未指定"
A68,"回归热"
A680,"虱传回归热"
A681,"蜱传回归热"
A689,"回归热，未指定"
A69,"其他螺旋体感染"
A690,"坏死性溃疡性口炎"
A691,"其他 Vincent 感染"
A692,"莱姆病"
A6920,"莱姆病，未指定"
A6921,"莱姆病引起的脑膜炎"
A6922,"莱姆病的其他神经系统疾病"
A6923,"莱姆病引起的关节炎"
A6929,"与莱姆病相关的其他疾病"
A698,"其他特定的螺旋体感染"
A699,"螺旋体感染，未指定"
A70,"鹦鹉热衣原体感染"
A71,"沙眼"
A710,"沙眼的初始阶段"
A711,"沙眼的活动期"
A719,"沙眼，未指定"
A74,"衣原体引起的其他疾病"
A740,"衣原体结膜炎"
A748,"其他衣原体病"
A7481,"衣原体腹膜炎"
A7489,"其他衣原体病"
A749,"衣原体感染，未指定"
A75,"斑疹伤寒"
A750,"普氏立克次体引起的流行性虱传斑疹伤寒"
A751,"复发性斑疹伤寒 [Brill 病]"
A752,"伤寒立克次体引起的斑疹伤寒"
A753,"Rickettsia tsutsugamushi 引起的斑疹伤寒"
A759,"斑疹伤寒，未指明"
A77,"斑疹热 [蜱传立克次体]"
A770,"立克次体引起的斑疹热"
A771,"康氏立克次体引起的斑疹热"
A772,"西伯利亚立克次体引起的斑疹热"
A773,"南方立克次体引起的斑疹热"
A774,"埃立克体病"
A7740,"埃立克体病，未指定"
A7741,"查菲埃立克体病 [E. chafeensis]"
A7749,"其他埃立克体病"
A778,"其他斑疹热"
A779,"斑疹热，未指明"
A78,"Q热"
A79,"其他立克次体"
A790,"战壕热"
A791,"立克次体引起的立克次体 akari"
A798,"其他特定的立克次体"
A7981,"塞氏埃立克体引起的立克次体病"
A7982,"无形体病 [A. phagocytophilum]"
A7989,"其他特定的立克次体"
A799,"立克次体病，未指定"
A80,"急性脊髓灰质炎"
A800,"急性麻痹性脊髓灰质炎，疫苗相关"
A801,"急性麻痹性脊髓灰质炎，野生病毒，输入性"
A802,"急性麻痹性脊髓灰质炎，野生病毒，本地"
A803,"急性麻痹性脊髓灰质炎，其他和未指定"
A8030,"急性麻痹性脊髓灰质炎，未指定"
A8039,"其他急性麻痹性脊髓灰质炎"
A804,"急性非麻痹性脊髓灰质炎"
A809,"急性脊髓灰质炎，未指定"
A81,"中枢神经系统的非典型病毒感染"
A810,"克雅氏病"
A8100,"克雅氏病，未明确"
A8101,"变异型克雅氏病"
A8109,"其他 克雅氏病"
A811,"亚急性硬化性全脑炎"
A812,"进行性多灶性白质脑病"
A818,"中枢神经系统的其他非典型病毒感染"
A8181,"库鲁病"
A8182,"Gerstmann-Straussler-Scheinker 综合征"
A8183,"致命的家族性失眠"
A8189,"中枢神经系统的其他非典型病毒感染"
A819,"中枢神经系统非典型病毒感染，未指定"
A82,"狂犬病"
A820,"丛林狂犬病"
A821,"城市狂犬病"
A829,"狂犬病，未指定"
A83,"蚊媒病毒性脑炎"
A830,"日本脑炎"
A831,"西部马脑炎"
A832,"东方马脑炎"
A833,"圣路易斯脑炎"
A834,"澳大利亚脑炎"
A835,"加利福尼亚脑炎"
A836,"罗西奥病毒病"
A838,"其他蚊媒病毒性脑炎"
A839,"蚊媒病毒性脑炎，未明确"
A84,"蜱传病毒性脑炎"
A840,"远东蜱传脑炎 [俄罗斯春夏脑炎]"
A841,"中欧蜱传脑炎"
A848,"其他蜱传病毒性脑炎"
A8481,"Powassan 病毒病"
A8489,"其他蜱传病毒性脑炎"
A849,"蜱传病毒性脑炎，未指定"
A85,"其他未分类的病毒性脑炎"
A850,"肠道病毒性脑炎"
A851,"腺病毒性脑炎"
A852,"节肢动物传播的病毒性脑炎，未指定"
A858,"其他特定的病毒性脑炎"
A86,"未分类的病毒性脑炎"
A87,"病毒性脑膜炎"
A870,"肠道病毒性脑膜炎"
A871,"腺病毒性脑膜炎"
A872,"淋巴细胞性脉络丛脑膜炎"
A878,"其他病毒性脑膜炎"
A879,"病毒性脑膜炎，未指定"
A88,"其他中枢神经系统病毒感染，未分类"
A880,"肠道病毒发疹性热 [Boston exanthem]"
A881,"流行性眩晕"
A888,"其他特定的中枢神经系统病毒感染"
A89,"中枢神经系统的未指定病毒感染"
A90,"登革热 [经典登革热]"
A91,"登革出血热"
A92,"其他蚊媒病毒性发热"
A920,"基孔肯雅热病毒病"
A921,"O'nyong-nyong 热"
A922,"委内瑞拉马热"
A923,"西尼罗河病毒感染"
A9230,"西尼罗河病毒感染，未指明"
A9231,"西尼罗河病毒感染伴脑炎"
A9232,"西尼罗河病毒感染伴有其他神经系统表现"
A9239,"西尼罗河病毒感染伴其他并发症"
A924,"裂谷热"
A925,"寨卡病毒病"
A928,"其他特定的蚊媒病毒性发热"
A929,"蚊媒病毒热，未明确"
A93,"其他节肢动物传播的病毒性发热，未在其他地方分类"
A930,"Oropouche 病毒病"
A931,"白蛉热"
A932,"科罗拉多蜱热"
A938,"其他特定的节肢动物传播病毒性发热"
A94,"未指定的节肢动物传播病毒性热"
A95,"黄热病"
A950,"森林型黄热病"
A951,"城市黄热病"
A959,"黄热病，未指明"
A96,"沙粒病毒出血热"
A960,"胡宁出血热"
A961,"马丘波出血热"
A962,"拉沙热"
A968,"其他沙粒病毒性出血热"
A969,"沙粒病毒出血热，未指定"
A98,"其他未分类的病毒性出血热"
A980,"克里米亚-刚果出血热"
A981,"鄂木斯克出血热"
A982,"Kyasanur 森林病"
A983,"马尔堡病毒病"
A984,"埃博拉病毒病"
A985,"出血热伴肾综合征"
A988,"其他特定的病毒性出血热"
A99,"未分类的病毒性出血热"
B00,"疱疹病毒 [单纯疱疹] 感染"
B000,"疱疹"
B001,"疱疹病毒性水疱性皮炎"
B002,"疱疹病毒性龈口炎和咽扁桃体炎"
B003,"疱疹病毒性脑膜炎"
B004,"疱疹病毒性脑炎"
B005,"疱疹病毒性眼部疾病"
B0050,"疱疹病毒性眼部疾病，未指定"
B0051,"疱疹病毒性虹膜睫状体炎"
B0052,"疱疹病毒性角膜炎"
B0053,"疱疹病毒性结膜炎"
B0059,"其他眼疱疹病毒性疾病"
B007,"播散性疱疹病毒病"
B008,"其他形式的疱疹病毒感染"
B0081,"疱疹病毒性肝炎"
B0082,"单纯疱疹性脊髓炎"
B0089,"其他疱疹病毒感染"
B009,"疱疹病毒感染，未指定"
B01,"水痘 [水痘]"
B010,"水痘脑膜炎"
B011,"水痘脑炎、脊髓炎和脑脊髓炎"
B0111,"水痘脑炎和脑脊髓炎"
B0112,"水痘脊髓炎"
B012,"水痘肺炎"
B018,"水痘伴有其他并发症"
B0181,"水痘 角膜炎"
B0189,"其他水痘并发症"
B019,"无并发症的水痘"
B02,"带状疱疹 [herpes zoster]"
B020,"带状疱疹脑炎"
B021,"带状疱疹脑膜炎"
B022,"带状疱疹伴有其他神经系统受累"
B0221,"带状疱疹后膝状神经节炎"
B0222,"带状疱疹后三叉神经痛"
B0223,"带状疱疹后多发性神经病"
B0224,"带状疱疹后脊髓炎"
B0229,"其他带状疱疹后神经系统受累"
B023,"带状疱疹眼病"
B0230,"带状疱疹眼病，未指定"
B0231,"带状疱疹结膜炎"
B0232,"带状疱疹虹膜睫状体炎"
B0233,"带状疱疹性角膜炎"
B0234,"带状疱疹巩膜炎"
B0239,"其他带状疱疹眼病"
B027,"播散性带状疱疹"
B028,"带状疱疹伴有其他并发症"
B029,"无并发症的带状疱疹"
B03,"天花"
B04,"猴痘"
B05,"麻疹"
B050,"麻疹并发脑炎"
B051,"麻疹并发脑膜炎"
B052,"麻疹并发肺炎"
B053,"麻疹并发中耳炎"
B054,"伴有肠道并发症的麻疹"
B058,"麻疹伴其他并发症"
B0581,"麻疹角膜炎和角膜结膜炎"
B0589,"其他麻疹并发症"
B059,"无并发症的麻疹"
B06,"风疹 [德国麻疹]"
B060,"风疹伴神经系统并发症"
B0600,"风疹伴神经系统并发症，未指定"
B0601,"风疹脑炎"
B0602,"风疹性脑膜炎"
B0609,"风疹的其他神经系统并发症"
B068,"风疹伴其他并发症"
B0681,"风疹肺炎"
B0682,"风疹关节炎"
B0689,"其他风疹并发症"
B069,"无并发症的风疹"
B07,"病毒性疣"
B070,"跖疣"
B078,"其他病毒性疣"
B079,"病毒疣，未指定"
B08,"其他以皮肤和黏膜病变为特征的病毒感染，未在其他部位分类"
B080,"其他正痘病毒感染"
B0801,"牛痘和牛痘不是来自疫苗"
B08010,"牛痘"
B08011,"不是疫苗引起的牛痘"
B0802,"Orf 病毒病"
B0803,"假牛痘 [挤奶淋巴结]"
B0804,"副牛蜡，未指定"
B0809,"其他正痘病毒感染"
B081,"传染性软疣"
B082,"皮疹 [第六病]"
B0820,"皮疹 [第六病]，未指定"
B0821,"人类疱疹病毒 6 引起的皮疹 [第六病]"
B0822,"人类疱疹病毒 7 引起的皮疹 [第六病]"
B083,"传染性红斑 [第五病]"
B084,"肠病毒性水疱性口炎伴皮疹"
B085,"肠道病毒性水疱性咽炎"
B086,"副痘病毒感染"
B0860,"副痘病毒感染，未明确"
B0861,"牛口腔炎"
B0862,"海豹痘"
B0869,"其他副痘病毒感染"
B087,"Yatapox病毒感染"
B0870,"Yatapox病毒感染，未指定"
B0871,"Tanapox 病毒病"
B0872,"Yaba 痘病毒病"
B0879,"其他 yatapoxvirus 感染"
B088,"其他以皮肤和粘膜病变为特征的特定病毒感染"
B09,"以皮肤和粘膜病变为特征的不明病毒感染"
B10,"其他人类疱疹病毒"
B100,"其他人类疱疹病毒性脑炎"
B1001,"人类疱疹病毒 6 型脑炎"
B1009,"其他人类疱疹病毒性脑炎"
B108,"其他人类疱疹病毒感染"
B1081,"人疱疹病毒 6 型感染"
B1082,"人类疱疹病毒 7 型感染"
B1089,"其他人类疱疹病毒感染"
B15,"急性甲型肝炎"
B150,"甲型肝炎伴肝昏迷"
B159,"无肝昏迷的甲型肝炎"
B16,"急性乙型肝炎"
B160,"急性乙型肝炎伴 delta 药物伴肝昏迷"
B161,"急性乙型肝炎伴 delta 药物，无肝昏迷"
B162,"无 delta 药物的急性乙型肝炎伴肝昏迷"
B169,"无 delta 药物且无肝昏迷的急性乙型肝炎"
B17,"其他急性病毒性肝炎"
B170,"乙型肝炎携带者的急性 delta-（super） 感染"
B171,"急性丙型肝炎"
B1710,"无肝昏迷的急性丙型肝炎"
B1711,"急性丙型肝炎伴肝昏迷"
B172,"急性戊型肝炎"
B178,"其他特定的急性病毒性肝炎"
B179,"急性病毒性肝炎，未明确"
B18,"慢性病毒性肝炎"
B180,"带有 delta 药物的慢性病毒性乙型肝炎"
B181,"无 delta 药物的慢性病毒性乙型肝炎"
B182,"慢性病毒性丙型肝炎"
B188,"其他慢性病毒性肝炎"
B189,"慢性病毒性肝炎，未明确"
B19,"未指明的病毒性肝炎"
B190,"未指定的病毒性肝炎伴肝昏迷"
B191,"未指明的病毒性乙型肝炎"
B1910,"无肝昏迷的未指明病毒性乙型肝炎"
B1911,"未指明的病毒性乙型肝炎伴肝昏迷"
B192,"未指明的病毒性丙型肝炎"
B1920,"未指明的病毒性丙型肝炎，无肝昏迷"
B1921,"未指明的病毒性丙型肝炎伴肝昏迷"
B199,"不明病毒性肝炎，无肝昏迷"
B20,"人类免疫缺陷病毒 [HIV] 病"
B25,"巨细胞病毒病"
B250,"巨细胞病毒性肺炎"
B251,"巨细胞病毒性肝炎"
B252,"巨细胞病毒性胰腺炎"
B258,"其他巨细胞病毒病"
B259,"巨细胞病毒病，未明确"
B26,"腮腺炎"
B260,"流行性腮腺炎性睾丸炎"
B261,"流行性腮腺炎性脑膜炎"
B262,"流行性腮腺炎脑炎"
B263,"流行性腮腺炎胰腺炎"
B268,"流行性腮腺炎伴有其他并发症"
B2681,"流行性腮腺炎肝炎"
B2682,"流行性腮腺炎心肌炎"
B2683,"流行性腮腺炎肾炎"
B2684,"流行性腮腺炎多发性神经病"
B2685,"流行性腮腺炎关节炎"
B2689,"其他流行性腮腺炎并发症"
B269,"无并发症的流行性腮腺炎"
B27,"传染性单核细胞增多症"
B270,"γ疱疹病毒性单核细胞增多症"
B2700,"无并发症的 γ 疱疹病毒性单核细胞增多症"
B2701,"γ疱疹病毒性单核细胞增多症伴多发性神经病"
B2702,"γ疱疹病毒性单核细胞增多症伴脑膜炎"
B2709,"γ疱疹病毒性单核细胞增多症伴其他并发症"
B271,"巨细胞病毒单核细胞增多症"
B2710,"无并发症的巨细胞病毒单核细胞增多症"
B2711,"巨细胞病毒单核细胞增多症伴多发性神经病"
B2712,"巨细胞病毒单核细胞增多症伴脑膜炎"
B2719,"巨细胞病毒单核细胞增多症伴其他并发症"
B278,"其他传染性单核细胞增多症"
B2780,"其他无并发症的感染性单核细胞增多症"
B2781,"其他感染性单核细胞增多症伴多发性神经病"
B2782,"其他感染性单核细胞增多症伴脑膜炎"
B2789,"其他感染性单核细胞增多症伴其他并发症"
B279,"传染性单核细胞增多症，未指定"
B2790,"传染性单核细胞增多症，未分类，无并发症"
B2791,"感染性单核细胞增多症，未特指的多发性神经病"
B2792,"传染性单核细胞增多症，未特指的脑膜炎"
B2799,"传染性单核细胞增多症，未明确其他并发症"
B30,"病毒性结膜炎"
B300,"腺病毒引起的角膜结膜炎"
B301,"腺病毒引起的结膜炎"
B302,"病毒性咽结膜炎"
B303,"急性流行性出血性结膜炎（肠道病毒性）"
B308,"其他病毒性结膜炎"
B309,"病毒性结膜炎，未指定"
B33,"其他未分类的病毒性疾病"
B330,"流行性肌痛"
B331,"Ross River 病"
B332,"病毒性心脏炎"
B3320,"病毒性心脏炎，未指定"
B3321,"病毒性心内膜炎"
B3322,"性 心肌炎"
B3323,"病毒性心包炎"
B3324,"病毒性心肌病"
B333,"逆转录病毒感染，未分类"
B334,"汉坦病毒（心肺）-肺综合征 [HPS]"
B338,"其他特定病毒性疾病"
B34,"未指定部位的病毒感染"
B340,"腺病毒感染，未明确"
B341,"肠道病毒感染，未指定"
B342,"冠状病毒感染，未指定"
B343,"细小病毒感染，未指定"
B344,"巴波瓦病毒感染，未指定"
B348,"其他未指定部位的病毒感染"
B349,"病毒感染，未明确"
B35,"脚气"
B350,"须癣和头癣"
B351,"癣 unguium"
B352,"手癣"
B353,"足癣"
B354,"体癣"
B355,"癣"
B356,"股癣"
B358,"其他皮肤癣菌病"
B359,"皮肤癣菌病，未指定"
B36,"其他浅表性真菌病"
B360,"花斑糠疹"
B361,"黑癣"
B362,"白色 piedra"
B363,"黑色 piedra"
B368,"其他特定的浅表真菌病"
B369,"浅表性真菌病，未指定"
B37,"念珠菌病"
B370,"念珠菌性口炎"
B371,"肺念珠菌病"
B372,"皮肤和指甲念珠菌病"
B373,"外阴和阴道念珠菌病"
B3731,"外阴和阴道急性念珠菌病"
B3732,"外阴和阴道慢性念珠菌病"
B374,"其他泌尿生殖系统部位的念珠菌病"
B3741,"念珠菌性膀胱炎和尿道炎"
B3742,"念珠菌性炎"
B3749,"其他泌尿生殖系统念珠菌病"
B375,"念珠菌性脑膜炎"
B376,"念珠菌性心内膜炎"
B377,"念珠菌脓毒症"
B378,"其他部位的念珠菌病"
B3781,"念珠菌性食管炎"
B3782,"念珠菌性肠炎"
B3783,"念珠菌性唇炎"
B3784,"念珠菌性外耳道炎"
B3789,"念珠菌病的其他部位"
B379,"念珠菌病，未指定"
B38,"球孢子菌病"
B380,"急性肺球孢子菌病"
B381,"慢性肺球孢子菌病"
B382,"肺球孢子菌病，未指定"
B383,"皮肤球孢子菌病"
B384,"球孢子菌病 脑膜炎"
B387,"播散性球孢子菌病"
B388,"其他形式的球孢子菌病"
B3881,"前列腺球孢子菌病"
B3889,"其他形式的球孢子菌病"
B389,"球孢子菌病，未指定"
B39,"组织胞浆菌病"
B390,"急性肺组织胞浆菌病 荚膜"
B391,"慢性肺组织胞浆菌病 capsulati"
B392,"荚膜肺组织胞浆菌病，未指定"
B393,"播散性荚膜组织胞浆菌病"
B394,"荚膜组织胞浆菌病，未指定"
B395,"杜波伊斯组织胞浆菌病"
B399,"组织胞浆菌病，未指定"
B40,"芽生菌病"
B400,"急性肺芽生菌病"
B401,"慢性肺芽生菌病"
B402,"肺芽生菌病，未指定"
B403,"皮肤芽生菌病"
B407,"播散性芽生菌病"
B408,"其他形式的芽生菌病"
B4081,"芽生菌性脑膜脑炎"
B4089,"其他形式的芽生菌病"
B409,"芽生菌病，未指定"
B41,"副球孢子菌病"
B410,"肺副球孢子菌病"
B417,"播散性副球孢子菌病"
B418,"其他形式的副球孢子菌病"
B419,"副球孢子菌病，未指定"
B42,"孢子丝虫病"
B420,"肺孢子丝菌病"
B421,"淋巴皮肤孢子丝菌病"
B427,"播散性孢子丝菌病"
B428,"其他形式的孢子丝菌病"
B4281,"脑孢子丝菌病"
B4282,"孢子丝菌病关节炎"
B4289,"其他形式的孢子丝菌病"
B429,"孢子丝菌病，未指定"
B43,"染色体真菌病和嗜苯酵母菌脓肿"
B430,"皮肤色菌病"
B431,"嗜脓菌性脑脓肿"
B432,"皮下嗜苯瘤脓肿和囊肿"
B438,"其他形式的色菌病"
B439,"染色体菌病，未指定"
B44,"曲霉病"
B440,"侵袭性肺曲霉病"
B441,"其他肺曲霉病"
B442,"扁桃体曲霉病"
B447,"播散性曲霉病"
B448,"其他形式的曲霉病"
B4481,"过敏性支气管肺曲霉病"
B4489,"其他形式的曲霉病"
B449,"曲霉菌病，未指定"
B45,"隐 球菌"
B450,"肺隐球菌病"
B451,"脑隐球菌病"
B452,"皮肤隐球菌病"
B453,"骨性隐球菌病"
B457,"播散性隐球菌病"
B458,"其他形式的隐球菌病"
B459,"隐球菌病，未指定"
B46,"接合菌病"
B460,"肺毛霉菌病"
B461,"鼻脑毛霉菌病"
B462,"胃肠道毛霉菌病"
B463,"皮肤毛霉菌病"
B464,"播散性毛霉菌病"
B465,"毛霉菌病，未指定"
B468,"其他接合菌病"
B469,"接合菌病，未指定"
B47,"足菌肿"
B470,"真菌瘤"
B471,"放线菌"
B479,"足菌瘤，未指定"
B48,"其他未分类的真菌病"
B480,"叶霉菌病"
B481,"鼻孢子虫病"
B482,"Allescheriasis 阿莱舍利菌病"
B483,"地毛症"
B484,"青霉病"
B488,"其他特定的真菌病"
B49,"未指明的蕈样肉芽肿"
B50,"恶性疟原虫疟疾"
B500,"伴有脑并发症的恶性疟原虫疟疾"
B508,"其他严重和复杂的 恶性疟原虫 疟疾"
B509,"恶性疟原虫疟疾，未指定"
B51,"间日疟原虫疟疾"
B510,"间日疟原虫疟疾伴脾破裂"
B518,"间日疟原虫疟疾及其并发症"
B519,"无并发症的间日疟原虫疟疾"
B52,"疟原虫疟疾"
B520,"疟原虫疟疾伴肾病"
B528,"疟原虫疟疾伴其他并发症"
B529,"疟原虫疟疾 无并发症"
B53,"其他特定疟疾"
B530,"卵形疟原虫疟疾"
B531,"猿猴疟原虫引起的疟疾"
B538,"其他未分类的疟疾"
B54,"未指明的疟疾"
B55,"利什曼病"
B550,"内脏利什曼病"
B551,"皮肤利什曼病"
B552,"皮肤粘膜利什曼病"
B559,"利什曼病，未指定"
B56,"非洲锥虫病"
B560,"冈比亚锥虫病"
B561,"罗得西亚锥虫病"
B569,"非洲锥虫病，未指明"
B57,"美洲锥虫病"
B570,"急性恰加斯病伴心脏受累"
B571,"不伴心脏受累的急性美洲锥虫病"
B572,"伴有心脏受累的美洲锥虫病（慢性）"
B573,"消化系统受累的美洲锥虫病（慢性）"
B5730,"消化系统受累的美洲锥虫病，未明确"
B5731,"美洲锥虫病中的巨食管"
B5732,"美洲锥虫病中的巨结肠"
B5739,"美洲锥虫病的其他消化系统参与"
B574,"伴有神经系统受累的美洲锥虫病（慢性）"
B5740,"神经系统受累的美洲锥虫病，未明确"
B5741,"美洲锥虫病中的脑膜炎"
B5742,"美洲锥虫病中的脑膜脑炎"
B5749,"美洲锥虫病的其他神经系统参与"
B575,"美洲锥虫病（慢性）伴其他器官受累"
B58,"弓形体病"
B580,"弓形虫眼部病"
B5800,"弓形虫眼病，未指定"
B5801,"弓形虫脉络膜视网膜炎"
B5809,"其他弓形虫眼病"
B581,"弓形虫肝炎"
B582,"弓形虫脑膜脑炎"
B583,"肺弓形虫病"
B588,"弓形虫病伴其他器官受累"
B5881,"弓形虫心肌炎"
B5882,"弓形虫肌炎"
B5883,"弓形虫 tubulo-interstitial 肾病"
B5889,"弓形虫病伴其他器官受累"
B589,"弓形虫病，未指定"
B59,"肺孢子菌病"
B60,"其他未分类的原生动物疾病"
B600,"巴贝西虫病"
B6000,"巴贝虫病，未指定"
B6001,"田鼠巴贝虫引起的巴贝虫病"
B6002,"由邓氏巴贝虫引起的巴贝西虫病"
B6003,"巴贝虫分化症引起的巴贝西虫病"
B6009,"其他巴贝西虫病"
B601,"棘阿米巴病"
B6010,"棘阿美巴病，未指定"
B6011,"棘阿米巴 （culbertsoni） 引起的脑膜脑炎"
B6012,"棘阿米巴引起的结膜炎"
B6013,"棘阿米巴引起的角膜结膜炎"
B6019,"其他棘阿米贝病"
B602,"Naegleriasis"
B608,"其他特定的原生动物疾病"
B64,"未指明的原生动物病"
B65,"血吸虫病 [bilharziasis]"
B650,"埃及血吸虫引起的血吸虫病 [尿路血吸虫病]"
B651,"曼氏血吸虫引起的血吸虫病 [肠道血吸虫病]"
B652,"日本血吸虫引起的血吸虫病"
B653,"尾蚴性皮炎"
B658,"其他血吸虫病"
B659,"血吸虫病，未指定"
B66,"其他吸虫感染"
B660,"Opisthorchiasis （后睾丸）"
B661,"华支睾吸虫病"
B662,"双孢杆菌病"
B663,"片形吸虫病"
B664,"并殖吸虫病"
B665,"片吸虫病"
B668,"其他特定的吸虫感染"
B669,"吸虫感染，未指定"
B67,"包虫病"
B670,"肝脏细粒棘球蚴感染"
B671,"肺部细粒棘球蚴感染"
B672,"细粒棘球蚴骨感染"
B673,"细粒棘球绦球蚴感染，其他和多个部位"
B6731,"细粒棘球绦虫感染、甲状腺"
B6732,"细粒棘球蚴感染，多个部位"
B6739,"细粒棘球蚴感染，其他部位"
B674,"细粒棘球蚴感染，未指定"
B675,"肝脏多房棘球绦虫感染"
B676,"多房棘球绦球绦虫感染，其他和多个部位"
B6761,"多房棘球蚴感染，多个部位"
B6769,"多房棘球蚴感染，其他部位"
B677,"多房棘球蚴感染，未指定"
B678,"未指明的肝脏棘球蚴病"
B679,"棘球蚴病，其他和未指定"
B6790,"棘球蚴病，未指定"
B6799,"其他棘球蚴病"
B68,"绦虫病"
B680,"猪带绦虫 绦虫病"
B681,"绦虫 taeniasis"
B689,"绦虫病，未指定"
B69,"囊尾蚴病"
B690,"中枢神经系统囊虫病"
B691,"眼球菌病"
B698,"其他部位的囊虫病"
B6981,"囊虫病中的肌炎"
B6989,"其他部位的囊虫病"
B699,"囊虫病，未指定"
B70,"裂头病和斯帕加诺病"
B700,"裂头裂脑病"
B701,"斯帕加诺病"
B71,"其他绦虫感染"
B710,"膜痣"
B711,"双焦虫病"
B718,"其他特定的绦虫感染"
B719,"Cestode 感染，未明确"
B72,"麦地那龙线虫病"
B73,"盘尾丝虫病"
B730,"盘尾丝虫病伴眼病"
B7300,"盘尾丝虫病伴眼部受累，未指明"
B7301,"盘尾丝虫病伴眼内炎"
B7302,"盘尾丝虫病伴青光眼"
B7309,"盘尾丝虫病伴有其他眼部受累"
B731,"无眼病的盘尾丝虫病"
B74,"丝虫病"
B740,"班克罗夫蒂丝虫病"
B741,"马来布鲁氏菌引起的丝虫病"
B742,"蒂莫里布鲁氏菌引起的丝虫病"
B743,"罗阿丝虫病"
B744,"曼森内苗病"
B748,"其他丝虫酶"
B749,"丝虫病，未指定"
B75,"旋毛虫病"
B76,"钩虫病"
B760,"钩虫病"
B761,"坏死症"
B768,"其他钩虫病"
B769,"钩虫病，未指定"
B77,"蛔虫病"
B770,"蛔虫病伴肠道并发症"
B778,"蛔虫病伴其他并发症"
B7781,"蛔虫病肺炎"
B7789,"蛔虫病伴其他并发症"
B779,"蛔虫病，未指定"
B78,"类圆线虫病"
B780,"肠道类圆线虫病"
B781,"皮肤类圆线虫病"
B787,"播散性类圆线虫病"
B789,"类圆线虫病，未指定"
B79,"铈虫病"
B80,"蛲虫病"
B81,"其他肠道蠕虫病，未在其他地方分类"
B810,"异尖线虫病"
B811,"肠毛细血管病"
B812,"毛圆线虫病"
B813,"肠血管圆线虫病"
B814,"混合性肠道蠕虫病"
B818,"其他特定的肠道蠕虫病"
B82,"未指明的肠道寄生虫"
B820,"肠道蠕虫病，未指定"
B829,"肠道寄生虫，未指定"
B83,"其他蠕虫病"
B830,"内脏幼虫移行"
B831,"颚口瘤病"
B832,"副圆线虫引起的血管圆线虫病"
B833,"同胞病"
B834,"内部水蛭虫病"
B838,"其他特定的蠕虫"
B839,"蠕虫病，未指定"
B85,"虱病和肺结核"
B850,"由头虱引起的虱病"
B851,"由人虱引起的虱病"
B852,"虱病，未指定"
B853,"肺结核"
B854,"混合性虱病和肺结核病"
B86,"疥疮"
B87,"蝇蛆病"
B870,"皮肤蝇蛆病"
B871,"伤口蝇蛆病"
B872,"眼蝇蝇病"
B873,"鼻咽蝇蛆病"
B874,"耳蝇蝇病"
B878,"其他部位的蝇蛆病"
B8781,"泌尿生殖系统蝇蛆病"
B8782,"肠道蝇蛆病"
B8789,"其他部位的蝇蛆病"
B879,"蝇蛆病，未指定"
B88,"其他侵扰"
B880,"其他螨虫病"
B881,"沙蚤病 [沙蚤侵扰]"
B882,"其他节肢动物感染"
B883,"外部水蛭虫病"
B888,"其他指定的侵扰"
B889,"侵染，未指定"
B89,"未指定的寄生虫病"
B90,"结核病后遗症"
B900,"中枢神经系统结核的后遗症"
B901,"泌尿生殖系统结核的后遗症"
B902,"骨骼和关节结核病的后遗症"
B908,"其他器官结核病的后遗症"
B909,"呼吸系统和未指明结核病的后遗症"
B91,"脊髓灰质炎的后遗症"
B92,"麻风病的后遗症"
B94,"其他未指明的感染性疾病和寄生虫病的后遗症"
B940,"沙眼后遗症"
B941,"病毒性脑炎的后遗症"
B942,"病毒性肝炎的后遗症"
B948,"其他特定感染性疾病和寄生虫病的后遗症"
B949,"未特异性感染性和寄生虫病的后遗症"
B95,"链球菌、葡萄球菌和肠球菌是其他分类疾病的原因"
B950,"链球菌，A 组，作为其他分类疾病的原因"
B951,"链球菌，B 组，作为其他分类疾病的原因"
B952,"肠球菌是其他分类疾病的原因"
B953,"肺炎链球菌是其他分类疾病的原因"
B954,"其他链球菌是其他分类疾病的原因"
B955,"未指明的链球菌是其他分类疾病的原因"
B956,"金黄色葡萄球菌是其他分类疾病的原因"
B9561,"甲氧西林敏感 金黄色葡萄球菌 感染是其他分类疾病的原因"
B9562,"耐甲氧西林 金黄色葡萄球菌 感染是其他分类疾病的原因"
B957,"其他葡萄球菌是其他分类疾病的原因"
B958,"未指明的葡萄球菌是其他分类疾病的原因"
B96,"其他细菌制剂是其他分类疾病的原因"
B960,"肺炎支原体 [M. pneumoniae] 是其他分类疾病的原因"
B961,"肺炎克雷伯菌 [K. pneumoniae] 是其他分类疾病的原因"
B962,"大肠杆菌 [E. coli ] 是其他分类疾病的原因"
B9620,"未指明的大肠埃希菌 [E. coli] 是其他分类疾病的原因"
B9621,"产志贺毒素大肠埃希菌 [E. coli] [STEC] O157 是其他分类疾病的原因"
B9622,"其他指定的产志贺毒素大肠埃希菌 [E. coli] [STEC] 是其他分类疾病的原因"
B9623,"未指明的产志贺毒素大肠埃希菌 [E. coli] [STEC] 是其他分类疾病的原因"
B9629,"其他大肠杆菌 [E. coli] 是其他分类疾病的原因"
B963,"流感嗜血杆菌 [H. influenzae] 是其他分类疾病的原因"
B964,"变形杆菌 （mirabilis） （morganii） 是其他分类疾病的原因"
B965,"假单胞菌 （铜绿假单胞菌） （鼻疽） （pseudomallei） 是其他分类疾病的原因"
B966,"脆弱拟杆菌 [B. fragilis] 是其他分类疾病的原因"
B967,"产气荚膜梭菌 [C. perfringens] 是其他分类疾病的原因"
B968,"其他特定细菌制剂作为其他分类疾病的原因"
B9681,"幽门螺杆菌 [H. pylori] 是其他分类疾病的原因"
B9682,"创伤弧菌是其他分类疾病的原因"
B9689,"其他特定细菌制剂作为其他分类疾病的原因"
B97,"病毒病原体是其他分类疾病的原因"
B970,"腺病毒是其他分类疾病的原因"
B971,"肠道病毒是其他分类疾病的原因"
B9710,"未指明的肠道病毒是其他分类疾病的原因"
B9711,"柯萨奇病毒是其他分类疾病的原因"
B9712,"埃可病毒是其他分类疾病的原因"
B9719,"其他肠道病毒是其他分类疾病的原因"
B972,"冠状病毒是其他分类疾病的原因"
B9721,"SARS 相关冠状病毒是其他分类疾病的原因"
B9729,"其他冠状病毒是其他分类疾病的原因"
B973,"逆转录病毒是其他分类疾病的原因"
B9730,"未指明的逆转录病毒是其他分类疾病的原因"
B9731,"慢病毒是其他分类疾病的原因"
B9732,"癌病毒是其他分类疾病的原因"
B9733,"人类 T 细胞淋巴细胞营养病毒 I 型 [HTLV-I] 是其他分类疾病的病因"
B9734,"II 型人类 T 细胞淋巴细胞病毒 [HTLV-II] 是其他分类疾病的病因"
B9735,"人类免疫缺陷病毒 2 型 [HIV 2] 是其他分类疾病的原因"
B9739,"其他逆转录病毒作为其他分类疾病的原因"
B974,"呼吸道合胞病毒是其他分类疾病的原因"
B975,"呼肠孤病毒是其他分类疾病的原因"
B976,"细小病毒是其他分类疾病的原因"
B977,"瘤病毒是其他分类疾病的原因"
B978,"其他病毒病原体是其他分类疾病的原因"
B9781,"人类偏肺病毒是其他分类疾病的原因"
B9789,"其他病毒病原体是其他分类疾病的原因"
B99,"其他和未指明的传染病"
B998,"其他传染病"
B999,"未指明的传染病"
C00,"唇部恶性肿瘤"
C000,"上唇外恶性肿瘤"
C001,"下唇外恶性肿瘤"
C002,"外唇恶性肿瘤，未指定"
C003,"上唇、内侧恶性肿瘤"
C004,"下唇内部恶性肿瘤"
C005,"唇部恶性肿瘤，未指定，内侧"
C006,"唇连合恶性肿瘤，未指定"
C008,"嘴唇重叠部位的恶性肿瘤"
C009,"唇部恶性肿瘤，未指定"
C01,"舌根恶性肿瘤"
C02,"舌其他部位和未指定部位的恶性肿瘤"
C020,"舌背表面恶性肿瘤"
C021,"舌缘恶性肿瘤"
C022,"舌腹面恶性肿瘤"
C023,"舌前三分之二的恶性肿瘤，部分未指定"
C024,"舌扁桃体恶性肿瘤"
C028,"舌重叠部位的恶性肿瘤"
C029,"舌恶性肿瘤，未明确"
C03,"牙龈恶性肿瘤"
C030,"上牙龈恶性肿瘤"
C031,"下牙龈恶性肿瘤"
C039,"牙龈恶性肿瘤，未指定"
C04,"口底恶性肿瘤"
C040,"口腔前底恶性肿瘤"
C041,"口腔外侧底恶性肿瘤"
C048,"口底重叠部位的恶性肿瘤"
C049,"口底恶性肿瘤，未指定"
C05,"上颚恶性肿瘤"
C050,"硬腭恶性肿瘤"
C051,"软腭恶性肿瘤"
C052,"悬雍垂恶性肿瘤"
C058,"上颚重叠部位的恶性肿瘤"
C059,"腭恶性肿瘤，未明确"
C06,"口腔其他部位和未指定部位的恶性肿瘤"
C060,"颊粘膜恶性肿瘤"
C061,"口腔前庭恶性肿瘤"
C062,"磨牙后区恶性肿瘤"
C068,"口腔其他部位和未指定部位重叠部位的恶性肿瘤"
C0680,"口腔未指定部位重叠部位的恶性肿瘤"
C0689,"口腔其他部位重叠部位的恶性肿瘤"
C069,"口腔恶性肿瘤，未明确"
C07,"腮腺恶性肿瘤"
C08,"其他未指明的主要唾液腺的恶性肿瘤"
C080,"下颌下腺恶性肿瘤"
C081,"舌下腺恶性肿瘤"
C089,"主要唾液腺的恶性肿瘤，未明确"
C09,"扁桃体恶性肿瘤"
C090,"扁桃体窝恶性肿瘤"
C091,"扁桃体柱恶性肿瘤（前）（后）"
C098,"扁桃体重叠部位的恶性肿瘤"
C099,"扁桃体恶性肿瘤，未指定"
C10,"口咽恶性肿瘤"
C100,"气囊恶性肿瘤"
C101,"会厌前表面恶性肿瘤"
C102,"口咽侧壁恶性肿瘤"
C103,"口咽后壁恶性肿瘤"
C104,"鳃裂恶性肿瘤"
C108,"口咽重叠部位的恶性肿瘤"
C109,"口咽恶性肿瘤，未指定"
C11,"鼻咽恶性肿瘤"
C110,"鼻咽上壁恶性肿瘤"
C111,"鼻咽后壁恶性肿瘤"
C112,"鼻咽侧壁恶性肿瘤"
C113,"鼻咽前壁恶性肿瘤"
C118,"鼻咽重叠部位的恶性肿瘤"
C119,"鼻咽恶性肿瘤，未指定"
C12,"梨状窦恶性肿瘤"
C13,"下咽恶性肿瘤"
C130,"环状后区恶性肿瘤"
C131,"杓会厌皱襞、下咽侧的恶性肿瘤"
C132,"下咽后壁恶性肿瘤"
C138,"下咽重叠部位的恶性肿瘤"
C139,"下咽恶性肿瘤，未指定"
C14,"唇部、口腔和咽部其他部位和边界不清部位的恶性肿瘤"
C140,"咽部恶性肿瘤，未指定"
C142,"Waldeyer 环恶性肿瘤"
C148,"唇、口腔和咽部重叠部位的恶性肿瘤"
C15,"食管恶性肿瘤"
C153,"食管上三分之一的恶性肿瘤"
C154,"食管中三分之一的恶性肿瘤"
C155,"食管下三分之一的恶性肿瘤"
C158,"食管重叠部位的恶性肿瘤"
C159,"食管恶性肿瘤，未明确"
C16,"胃恶性肿瘤"
C160,"贲门恶性肿瘤"
C161,"胃底恶性肿瘤"
C162,"胃体恶性肿瘤"
C163,"幽门窦恶性肿瘤"
C164,"幽门恶性肿瘤"
C165,"胃小曲率的恶性肿瘤，未指定"
C166,"胃弯曲度较大的恶性肿瘤，未指定"
C168,"胃重叠部位的恶性肿瘤"
C169,"胃恶性肿瘤，未指定"
C17,"小肠恶性肿瘤"
C170,"十二指肠恶性肿瘤"
C171,"空肠恶性肿瘤"
C172,"回肠恶性肿瘤"
C173,"梅克尔憩室，恶性"
C178,"小肠重叠部位的恶性肿瘤"
C179,"小肠恶性肿瘤，未指定"
C18,"结肠恶性肿瘤"
C180,"盲肠恶性肿瘤"
C181,"阑尾恶性肿瘤"
C182,"升结肠恶性肿瘤"
C183,"肝曲恶性肿瘤"
C184,"横结肠恶性肿瘤"
C185,"脾曲恶性肿瘤"
C186,"降结肠恶性肿瘤"
C187,"乙状结肠恶性肿瘤"
C188,"结肠重叠部位的恶性肿瘤"
C189,"结肠恶性肿瘤，未明确"
C19,"直肠乙状结肠交界处恶性肿瘤"
C20,"直肠恶性肿瘤"
C21,"肛门和肛管恶性肿瘤"
C210,"肛门恶性肿瘤，未明确"
C211,"肛管恶性肿瘤"
C212,"泄殖腔区恶性肿瘤"
C218,"直肠、肛门和肛管重叠部位的恶性肿瘤"
C22,"肝脏和肝内胆管恶性肿瘤"
C220,"肝细胞癌"
C221,"肝内胆管癌"
C222,"肝母细胞瘤"
C223,"肝脏血管肉瘤"
C224,"肝脏的其他肉瘤"
C227,"其他指定的肝癌"
C228,"肝脏恶性肿瘤，原发性，类型不明"
C229,"肝脏恶性肿瘤，未指定为原发性或继发性"
C23,"胆囊恶性肿瘤"
C24,"胆道其他和未指定部位的恶性肿瘤"
C240,"肝外胆管恶性肿瘤"
C241,"Vater 壶腹恶性肿瘤"
C248,"胆道重叠部位的恶性肿瘤"
C249,"胆道恶性肿瘤，未指定"
C25,"胰腺恶性肿瘤"
C250,"胰头恶性肿瘤"
C251,"胰体恶性肿瘤"
C252,"胰尾恶性肿瘤"
C253,"胰管恶性肿瘤"
C254,"内分泌胰腺恶性肿瘤"
C257,"胰腺其他部位的恶性肿瘤"
C258,"胰腺重叠部位的恶性肿瘤"
C259,"胰腺恶性肿瘤，未明确"
C26,"其他和定义不清的消化器官的恶性肿瘤"
C260,"肠道恶性肿瘤，部分未指定"
C261,"脾恶性肿瘤"
C269,"消化系统内位置不清的恶性肿瘤"
C30,"鼻腔和中耳恶性肿瘤"
C300,"鼻腔恶性肿瘤"
C301,"中耳恶性肿瘤"
C31,"副窦恶性肿瘤"
C310,"上颌窦恶性肿瘤"
C311,"筛窦恶性肿瘤"
C312,"额窦恶性肿瘤"
C313,"蝶窦恶性肿瘤"
C318,"副窦重叠部位的恶性肿瘤"
C319,"副窦恶性肿瘤，未明确"
C32,"喉恶性肿瘤"
C320,"声门恶性肿瘤"
C321,"声门上恶性肿瘤"
C322,"声门下恶性肿瘤"
C323,"喉软骨恶性肿瘤"
C328,"喉重叠部位的恶性肿瘤"
C329,"喉恶性肿瘤，未明确"
C33,"气管恶性肿瘤"
C34,"支气管和肺的恶性肿瘤"
C340,"主支气管恶性肿瘤"
C3400,"未指明的主支气管恶性肿瘤"
C3401,"右主支气管恶性肿瘤"
C3402,"左主支气管恶性肿瘤"
C341,"上叶、支气管或肺的恶性肿瘤"
C3410,"上叶恶性肿瘤、未指明的支气管或肺"
C3411,"上叶、右支气管或肺的恶性肿瘤"
C3412,"上叶、左支气管或肺的恶性肿瘤"
C342,"中叶、支气管或肺的恶性肿瘤"
C343,"下叶、支气管或肺的恶性肿瘤"
C3430,"下叶恶性肿瘤、未指明的支气管或肺"
C3431,"下叶、右支气管或肺的恶性肿瘤"
C3432,"下叶、左支气管或肺的恶性肿瘤"
C348,"支气管和肺重叠部位的恶性肿瘤"
C3480,"未指明的支气管和肺重叠部位的恶性肿瘤"
C3481,"右支气管和肺重叠部位的恶性肿瘤"
C3482,"左支气管和肺重叠部位的恶性肿瘤"
C349,"支气管或肺未指定部位的恶性肿瘤"
C3490,"未指明支气管或肺的未指明部位的恶性肿瘤"
C3491,"右支气管或肺未指定部位的恶性肿瘤"
C3492,"左支气管或肺未指定部位的恶性肿瘤"
C37,"胸腺恶性肿瘤"
C38,"心脏、纵隔和胸膜恶性肿瘤"
C380,"心脏恶性肿瘤"
C381,"前纵隔恶性肿瘤"
C382,"后纵隔恶性肿瘤"
C383,"纵隔恶性肿瘤，部分未指定"
C384,"胸膜恶性肿瘤"
C388,"心脏、纵隔和胸膜重叠部位的恶性肿瘤"
C39,"呼吸系统和胸内器官中其他部位和定义不清部位的恶性肿瘤"
C390,"上呼吸道恶性肿瘤，部分未指定"
C399,"下呼吸道恶性肿瘤，部分未指定"
C40,"四肢骨骼和关节软骨的恶性肿瘤"
C400,"肩胛骨和上肢长骨恶性肿瘤"
C4000,"肩胛骨和未指明的上肢长骨恶性肿瘤"
C4001,"肩胛骨和右上肢长骨恶性肿瘤"
C4002,"左上肢肩胛骨和长骨恶性肿瘤"
C401,"上肢短骨恶性肿瘤"
C4010,"未指明的上肢短骨恶性肿瘤"
C4011,"右上肢短骨恶性肿瘤"
C4012,"左上肢短骨恶性肿瘤"
C402,"下肢长骨恶性肿瘤"
C4020,"未指明的下肢长骨恶性肿瘤"
C4021,"右下肢长骨恶性肿瘤"
C4022,"左下肢长骨恶性肿瘤"
C403,"下肢短骨恶性肿瘤"
C4030,"未指明的下肢短骨恶性肿瘤"
C4031,"右下肢短骨恶性肿瘤"
C4032,"左下肢短骨恶性肿瘤"
C408,"肢体骨和关节软骨重叠部位的恶性肿瘤"
C4080,"未指定肢体的骨和关节软骨重叠部位的恶性肿瘤"
C4081,"右肢骨和关节软骨重叠部位的恶性肿瘤"
C4082,"左肢骨和关节软骨重叠部位的恶性肿瘤"
C409,"未指明的骨骼和肢体关节软骨的恶性肿瘤"
C4090,"未指定骨和未指定肢体关节软骨的恶性肿瘤"
C4091,"未指明的骨骼和右肢关节软骨的恶性肿瘤"
C4092,"未指明的骨骼和左肢关节软骨的恶性肿瘤"
C41,"其他和未指定部位的骨和关节软骨恶性肿瘤"
C410,"颅骨和面部骨骼恶性肿瘤"
C411,"下颌骨恶性肿瘤"
C412,"脊柱恶性肿瘤"
C413,"肋骨、胸骨和锁骨的恶性肿瘤"
C414,"骨盆骨、骶骨和尾骨的恶性肿瘤"
C419,"骨和关节软骨恶性肿瘤，未指定"
C43,"皮肤恶性黑色素瘤"
C430,"唇部恶性黑色素瘤"
C431,"眼睑恶性黑色素瘤，包括眼眦"
C4310,"未指定眼睑的恶性黑色素瘤，包括眦"
C4311,"右眼睑恶性黑色素瘤，包括眦"
C43111,"右上眼睑恶性黑色素瘤，包括眦"
C43112,"右下眼睑恶性黑色素瘤，包括眦"
C4312,"左眼睑恶性黑色素瘤，包括眦"
C43121,"左上眼睑恶性黑色素瘤，包括眦"
C43122,"左下眼睑恶性黑色素瘤，包括眦"
C432,"耳和耳外管恶性黑色素瘤"
C4320,"未指明的耳和耳外管恶性黑色素瘤"
C4321,"右耳和耳外管恶性黑色素瘤"
C4322,"左耳和耳外管恶性黑色素瘤"
C433,"面部其他和未指定部位的恶性黑色素瘤"
C4330,"面部未指定部位的恶性黑色素瘤"
C4331,"鼻部恶性黑色素瘤"
C4339,"面部其他部位的恶性黑色素瘤"
C434,"头皮和颈部恶性黑色素瘤"
C435,"躯干恶性黑色素瘤"
C4351,"肛门皮肤恶性黑色素瘤"
C4352,"乳腺皮肤恶性黑色素瘤"
C4359,"躯干其他部位的恶性黑色素瘤"
C436,"上肢恶性黑色素瘤，包括肩部"
C4360,"未指明的上肢恶性黑色素瘤，包括肩部"
C4361,"右上肢恶性黑色素瘤，包括肩部"
C4362,"左上肢恶性黑色素瘤，包括肩部"
C437,"下肢恶性黑色素瘤，包括髋关节"
C4370,"未指明的下肢恶性黑色素瘤，包括髋关节"
C4371,"右下肢恶性黑色素瘤，包括髋部"
C4372,"左下肢恶性黑色素瘤，包括髋部"
C438,"皮肤重叠部位的恶性黑色素瘤"
C439,"皮肤恶性黑色素瘤，未指定"
C44,"其他和未指定的皮肤恶性肿瘤"
C440,"其他和未指定的唇部皮肤恶性肿瘤"
C4400,"未指定的唇部皮肤恶性肿瘤"
C4401,"唇部皮肤基底细胞癌"
C4402,"唇部皮肤鳞状细胞癌"
C4409,"其他特定的唇部皮肤恶性肿瘤"
C441,"其他和未指定的眼睑皮肤恶性肿瘤，包括眦"
C4410,"未指定的眼睑皮肤恶性肿瘤，包括眦"
C44101,"未指定眼睑皮肤的未指定恶性肿瘤，包括眦"
C44102,"未指定的右眼睑皮肤恶性肿瘤，包括眦"
C441021,"右上眼睑皮肤未指定的恶性肿瘤，包括眦"
C441022,"右下眼睑皮肤未指定的恶性肿瘤，包括眦"
C44109,"未指定的左眼睑皮肤恶性肿瘤，包括眦"
C441091,"左上眼睑皮肤未指定的恶性肿瘤，包括眦"
C441092,"左下眼睑皮肤未指定的恶性肿瘤，包括眦"
C4411,"眼睑皮肤基底细胞癌，包括眦"
C44111,"未指定眼睑皮肤的基底细胞癌，包括眦"
C44112,"右眼睑皮肤基底细胞癌，包括眦"
C441121,"右上眼睑皮肤基底细胞癌，包括眦"
C441122,"右下眼睑皮肤基底细胞癌，包括眦"
C44119,"左眼睑皮肤基底细胞癌，包括眦"
C441191,"左上眼睑皮肤基底细胞癌，包括眦"
C441192,"左下眼睑皮肤基底细胞癌，包括眦"
C4412,"眼睑皮肤鳞状细胞癌，包括眦"
C44121,"未指定眼睑皮肤鳞状细胞癌，包括眦"
C44122,"右眼睑皮肤鳞状细胞癌，包括眦"
C441221,"右上眼睑皮肤鳞状细胞癌，包括眦"
C441222,"右下眼睑皮肤鳞状细胞癌，包括眦"
C44129,"左眼睑皮肤鳞状细胞癌，包括眦"
C441291,"左上眼睑皮肤鳞状细胞癌，包括眦"
C441292,"左下眼睑皮肤鳞状细胞癌，包括眦"
C4413,"眼睑皮肤皮脂腺细胞癌，包括眦"
C44131,"未指定眼睑皮肤的皮脂腺细胞癌，包括眦"
C44132,"右眼睑皮肤皮脂腺细胞癌，包括眦"
C441321,"右上眼睑皮肤皮脂腺细胞癌，包括眦"
C441322,"右下眼睑皮肤皮脂腺细胞癌，包括眦"
C44139,"左眼睑皮肤皮脂腺细胞癌，包括眦"
C441391,"左上眼睑皮肤皮脂腺细胞癌，包括眦"
C441392,"左下眼睑皮肤皮脂腺细胞癌，包括眦"
C4419,"其他特定的眼睑皮肤恶性肿瘤，包括眦"
C44191,"其他未指定眼睑皮肤的指定恶性肿瘤，包括眦"
C44192,"其他指定的右眼睑皮肤恶性肿瘤，包括眦"
C441921,"其他指定的右上眼睑皮肤恶性肿瘤，包括眦"
C441922,"其他指定的右下眼睑皮肤恶性肿瘤，包括眦"
C44199,"其他指定的左眼睑皮肤恶性肿瘤，包括眦"
C441991,"其他指定的左上眼睑皮肤恶性肿瘤，包括眦"
C441992,"其他指定的左下眼睑皮肤恶性肿瘤，包括眦"
C442,"耳部皮肤和耳外管的其他和未指定的恶性肿瘤"
C4420,"耳部皮肤和耳外管的未分类恶性肿瘤"
C44201,"未指定的耳和耳外管皮肤的未指定恶性肿瘤"
C44202,"右耳和耳外管皮肤的未特异性恶性肿瘤"
C44209,"左耳和耳外管皮肤的未特异性恶性肿瘤"
C4421,"耳部皮肤和耳外管基底细胞癌"
C44211,"未指明的耳和耳外管皮肤基底细胞癌"
C44212,"右耳和耳外管皮肤基底细胞癌"
C44219,"左耳和耳外管皮肤基底细胞癌"
C4422,"耳部皮肤和耳外管鳞状细胞癌"
C44221,"未指明的耳和耳外管皮肤鳞状细胞癌"
C44222,"右耳和耳外管皮肤鳞状细胞癌"
C44229,"左耳和耳外管皮肤鳞状细胞癌"
C4429,"其他特定的耳部皮肤和耳外管恶性肿瘤"
C44291,"其他未指定耳和耳外管皮肤的恶性肿瘤"
C44292,"其他特定的右耳和耳外管皮肤恶性肿瘤"
C44299,"其他指定的左耳和耳外管皮肤恶性肿瘤"
C443,"面部其他和未指定部位皮肤的其他和未指定的恶性肿瘤"
C4430,"面部其他部位和未指定部位皮肤的未指定恶性肿瘤"
C44300,"面部未指定部位皮肤的未指定恶性肿瘤"
C44301,"未指明的鼻部皮肤恶性肿瘤"
C44309,"面部其他部位皮肤的未指定恶性肿瘤"
C4431,"面部其他部位和未指定部位皮肤的基底细胞癌"
C44310,"面部未指定部位皮肤的基底细胞癌"
C44311,"鼻子皮肤基底细胞癌"
C44319,"面部其他部位皮肤的基底细胞癌"
C4432,"面部其他部位和未指定部位皮肤的鳞状细胞癌"
C44320,"面部未指定部位皮肤鳞状细胞癌"
C44321,"鼻子皮肤鳞状细胞癌"
C44329,"面部其他部位皮肤鳞状细胞癌"
C4439,"面部其他部位和未指定部位皮肤的其他特定恶性肿瘤"
C44390,"其他指定的面部未指定部位皮肤恶性肿瘤"
C44391,"其他特定的鼻部皮肤恶性肿瘤"
C44399,"面部其他部位皮肤的其他特定恶性肿瘤"
C444,"头皮和颈部皮肤的其他和未指定的恶性肿瘤"
C4440,"头皮和颈部皮肤未指定的恶性肿瘤"
C4441,"头皮和颈部皮肤基底细胞癌"
C4442,"头皮和颈部皮肤鳞状细胞癌"
C4449,"头皮和颈部皮肤的其他特定恶性肿瘤"
C445,"其他和未指定的躯干皮肤恶性肿瘤"
C4450,"未指定的躯干皮肤恶性肿瘤"
C44500,"未指定的肛门皮肤恶性肿瘤"
C44501,"未指定的乳腺皮肤恶性肿瘤"
C44509,"躯干其他部分皮肤的未指定恶性肿瘤"
C4451,"躯干皮肤基底细胞癌"
C44510,"肛门皮肤基底细胞癌"
C44511,"乳腺皮肤基底细胞癌"
C44519,"躯干其他部分皮肤的基底细胞癌"
C4452,"躯干皮肤鳞状细胞癌"
C44520,"肛门皮肤鳞状细胞癌"
C44521,"乳腺皮肤鳞状细胞癌"
C44529,"躯干其他部分皮肤鳞状细胞癌"
C4459,"其他特定的躯干皮肤恶性肿瘤"
C44590,"其他特定的肛门皮肤恶性肿瘤"
C44591,"其他特定的乳腺皮肤恶性肿瘤"
C44599,"躯干其他部分皮肤的其他特定恶性肿瘤"
C446,"上肢皮肤的其他和未指定的恶性肿瘤，包括肩部"
C4460,"上肢皮肤（包括肩部）未指定的恶性肿瘤"
C44601,"未指定的上肢皮肤（包括肩部）的未指定恶性肿瘤"
C44602,"右上肢皮肤（包括肩部）未指定的恶性肿瘤"
C44609,"左上肢皮肤（包括肩部）未指定的恶性肿瘤"
C4461,"上肢皮肤（包括肩部）基底细胞癌"
C44611,"未指定上肢皮肤的基底细胞癌，包括肩部"
C44612,"右上肢皮肤（包括肩部）的基底细胞癌"
C44619,"左上肢皮肤（包括肩部）基底细胞癌"
C4462,"上肢皮肤鳞状细胞癌，包括肩部"
C44621,"未指定的上肢皮肤鳞状细胞癌，包括肩部"
C44622,"右上肢皮肤鳞状细胞癌，包括肩部"
C44629,"左上肢皮肤鳞状细胞癌，包括肩部"
C4469,"其他指定的上肢皮肤恶性肿瘤，包括肩部"
C44691,"其他未指定的上肢皮肤恶性肿瘤，包括肩部"
C44692,"其他指定的右上肢皮肤恶性肿瘤，包括肩部"
C44699,"其他指定的左上肢皮肤恶性肿瘤，包括肩部"
C447,"其他和未指定的下肢皮肤恶性肿瘤，包括髋关节"
C4470,"下肢皮肤（包括髋关节）未指定的恶性肿瘤"
C44701,"未指定下肢皮肤（包括髋关节）的未指定恶性肿瘤"
C44702,"右下肢皮肤（包括髋关节）未指定的恶性肿瘤"
C44709,"左下肢皮肤（包括髋关节）未指定的恶性肿瘤"
C4471,"下肢皮肤（包括髋关节）基底细胞癌"
C44711,"未指明的下肢皮肤基底细胞癌，包括髋关节"
C44712,"右下肢皮肤（包括髋关节）基底细胞癌"
C44719,"左下肢皮肤基底细胞癌，包括髋关节"
C4472,"下肢皮肤鳞状细胞癌，包括髋关节"
C44721,"未指定下肢皮肤鳞状细胞癌，包括髋关节"
C44722,"右下肢皮肤鳞状细胞癌，包括髋关节"
C44729,"左下肢皮肤鳞状细胞癌，包括髋关节"
C4479,"其他指定的下肢皮肤恶性肿瘤，包括髋关节"
C44791,"其他未指定的下肢皮肤恶性肿瘤，包括髋关节"
C44792,"其他指定的右下肢皮肤恶性肿瘤，包括髋关节"
C44799,"其他指定的左下肢皮肤恶性肿瘤，包括髋关节"
C448,"皮肤重叠部位的其他和未指定的恶性肿瘤"
C4480,"皮肤重叠部位的未指定恶性肿瘤"
C4481,"皮肤重叠部位的基底细胞癌"
C4482,"皮肤重叠部位的鳞状细胞癌"
C4489,"皮肤重叠部位的其他特定恶性肿瘤"
C449,"其他未指定的皮肤恶性肿瘤，未指定"
C4490,"未指定的皮肤恶性肿瘤，未指定"
C4491,"皮肤基底细胞癌，未指定"
C4492,"皮肤鳞状细胞癌，未指定"
C4499,"其他指定的皮肤恶性肿瘤，未指定"
C45,"间皮瘤"
C450,"胸膜间皮瘤"
C451,"腹膜间皮瘤"
C452,"心包间皮瘤"
C457,"其他部位的间皮瘤"
C459,"间皮瘤，未指定"
C46,"卡波西肉瘤"
C460,"卡波西皮肤肉瘤"
C461,"卡波西软组织肉瘤"
C462,"卡波西腭肉瘤"
C463,"淋巴结卡波西肉瘤"
C464,"胃肠道部位卡波西肉瘤"
C465,"卡波西肺肉瘤"
C4650,"未指明肺的卡波西肉瘤"
C4651,"右肺卡波西肉瘤"
C4652,"左肺卡波西肉瘤"
C467,"其他部位的卡波西肉瘤"
C469,"卡波西肉瘤，未指定"
C47,"周围神经和自主神经系统的恶性肿瘤"
C470,"头部、面部和颈部周围神经的恶性肿瘤"
C471,"上肢（包括肩部）周围神经的恶性肿瘤"
C4710,"未指明的上肢（包括肩部）周围神经的恶性肿瘤"
C4711,"右上肢（包括肩部）周围神经的恶性肿瘤"
C4712,"左上肢（包括肩部）周围神经的恶性肿瘤"
C472,"下肢（包括髋关节）周围神经的恶性肿瘤"
C4720,"未指明的下肢（包括髋关节）周围神经的恶性肿瘤"
C4721,"右下肢（包括髋关节）周围神经的恶性肿瘤"
C4722,"左下肢（包括髋关节）周围神经的恶性肿瘤"
C473,"胸部周围神经恶性肿瘤"
C474,"腹部周围神经恶性肿瘤"
C475,"盆腔周围神经恶性肿瘤"
C476,"躯干周围神经恶性肿瘤，未指定"
C478,"周围神经和自主神经系统重叠部位的恶性肿瘤"
C479,"周围神经和自主神经系统的恶性肿瘤，未指定"
C48,"腹膜后和腹膜恶性肿瘤"
C480,"腹膜后恶性肿瘤"
C481,"腹膜特定部位的恶性肿瘤"
C482,"腹膜恶性肿瘤，未指定"
C488,"腹膜后和腹膜重叠部位的恶性肿瘤"
C49,"其他结缔组织和软组织的恶性肿瘤"
C490,"头部、面部和颈部结缔组织和软组织的恶性肿瘤"
C491,"上肢结缔组织和软组织（包括肩部）的恶性肿瘤"
C4910,"未指明的上肢（包括肩部）结缔组织和软组织的恶性肿瘤"
C4911,"右上肢结缔组织和软组织恶性肿瘤，包括肩部"
C4912,"左上肢（包括肩部）结缔组织和软组织的恶性肿瘤"
C492,"下肢结缔组织和软组织（包括髋关节）的恶性肿瘤"
C4920,"未指定下肢（包括髋关节）结缔组织和软组织的恶性肿瘤"
C4921,"右下肢（包括髋关节）结缔组织和软组织的恶性肿瘤"
C4922,"左下肢结缔组织和软组织的恶性肿瘤，包括髋关节"
C493,"胸部结缔组织和软组织的恶性肿瘤"
C494,"腹部结缔组织和软组织的恶性肿瘤"
C495,"盆腔结缔组织和软组织的恶性肿瘤"
C496,"躯干结缔组织和软组织的恶性肿瘤，未指定"
C498,"结缔组织和软组织重叠部位的恶性肿瘤"
C499,"结缔组织和软组织恶性肿瘤，未明确"
C49A,"胃肠道间质瘤"
C49A0,"胃肠道间质瘤，部位未指定"
C49A1,"食管胃肠道间质瘤"
C49A2,"胃胃肠道间质瘤"
C49A3,"小肠胃肠道间质瘤"
C49A4,"大肠胃肠道间质瘤"
C49A5,"直肠胃肠道间质瘤"
C49A9,"其他部位的胃肠道间质瘤"
C4A,"默克尔细胞癌"
C4A0,"唇部梅克尔细胞癌"
C4A1,"梅克尔眼睑细胞癌，包括眼眦"
C4A10,"未指定眼睑的默克尔细胞癌，包括眦"
C4A11,"右眼睑梅克尔细胞癌，包括眦"
C4A111,"右上眼睑梅克尔细胞癌，包括眦"
C4A112,"右下眼睑梅克尔细胞癌，包括眦"
C4A12,"左眼睑梅克尔细胞癌，包括眦"
C4A121,"左上眼睑梅克尔细胞癌，包括眦"
C4A122,"左下眼睑梅克尔细胞癌，包括眦"
C4A2,"耳和耳外管默克尔细胞癌"
C4A20,"未指明的耳和耳外管的默克尔细胞癌"
C4A21,"右耳和耳外管梅克尔细胞癌"
C4A22,"左耳和耳外管梅克尔细胞癌"
C4A3,"面部其他部位和未指定部位的梅克尔细胞癌"
C4A30,"面部未指定部位的 Merkel 细胞癌"
C4A31,"梅克尔鼻细胞癌"
C4A39,"面部其他部位的梅克尔细胞癌"
C4A4,"头皮和颈部梅克尔细胞癌"
C4A5,"躯干梅克尔细胞癌"
C4A51,"肛门皮肤梅克尔细胞癌"
C4A52,"乳腺皮肤梅克尔细胞癌"
C4A59,"躯干其他部位的 Merkel 细胞癌"
C4A6,"上肢梅克尔细胞癌，包括肩部"
C4A60,"未指明的上肢（包括肩部）的默克尔细胞癌"
C4A61,"右上肢梅克尔细胞癌，包括肩部"
C4A62,"左上肢梅克尔细胞癌，包括肩部"
C4A7,"下肢默克尔细胞癌，包括髋关节"
C4A70,"未指明的下肢梅克尔细胞癌，包括髋关节"
C4A71,"右下肢梅克尔细胞癌，包括髋关节"
C4A72,"左下肢梅克尔细胞癌，包括髋关节"
C4A8,"重叠部位的默克尔细胞癌"
C4A9,"默克尔细胞癌，未指定"
C50,"乳腺恶性肿瘤"
C500,"和乳晕恶性肿瘤"
C5001,"和乳晕恶性肿瘤，女性"
C50011,"和乳晕恶性肿瘤，右侧女性乳房"
C50012,"和乳晕恶性肿瘤，左侧女性乳房"
C50019,"和乳晕恶性肿瘤，未指明的女性乳房"
C5002,"和乳晕恶性肿瘤，男性"
C50021,"和乳晕恶性肿瘤，右男性乳房"
C50022,"和乳晕恶性肿瘤，左男性乳房"
C50029,"和乳晕恶性肿瘤，未指明的男性乳房"
C501,"乳房中央部恶性肿瘤"
C5011,"乳房中央部恶性肿瘤，女性"
C50111,"女性右乳中央部恶性肿瘤"
C50112,"女性左侧乳房中央部的恶性肿瘤"
C50119,"未指明的女性乳房中央部分的恶性肿瘤"
C5012,"乳腺中央部恶性肿瘤，男性"
C50121,"男性右乳中央部恶性肿瘤"
C50122,"男性左乳房中央部的恶性肿瘤"
C50129,"未指定男性乳房中央部分的恶性肿瘤"
C502,"乳腺上内象限恶性肿瘤"
C5021,"乳腺上内象限恶性肿瘤，女性"
C50211,"女性右乳房上内象限恶性肿瘤"
C50212,"女性左乳房上内象限恶性肿瘤"
C50219,"未指定女性乳房上内象限的恶性肿瘤"
C5022,"乳腺上内腹恶性肿瘤，男性"
C50221,"男性右乳房上内象限恶性肿瘤"
C50222,"男性左乳房上内象限恶性肿瘤"
C50229,"未指定男性乳房上内腹恶性肿瘤"
C503,"乳腺下内象限恶性肿瘤"
C5031,"乳腺下内象限恶性肿瘤，女性"
C50311,"女性右乳房下内腹恶性肿瘤"
C50312,"女性左乳房下内腹恶性肿瘤"
C50319,"未指定女性乳房下内象限的恶性肿瘤"
C5032,"乳腺下内腹恶性肿瘤，男性"
C50321,"男性右乳房下内腹恶性肿瘤"
C50322,"男性左乳房下内腹恶性肿瘤"
C50329,"未指定男性乳房下内腹的恶性肿瘤"
C504,"乳腺上外象限恶性肿瘤"
C5041,"乳腺上外象限恶性肿瘤，女性"
C50411,"女性右乳房上外象限恶性肿瘤"
C50412,"女性乳房上外象限恶性肿瘤"
C50419,"未指明女性乳房上外象限的恶性肿瘤"
C5042,"乳腺上外腹恶性肿瘤，男性"
C50421,"男性右乳房上外象限恶性肿瘤"
C50422,"男性左乳房上外象限恶性肿瘤"
C50429,"未指定男性乳房上外象限的恶性肿瘤"
C505,"乳腺下外象限恶性肿瘤"
C5051,"乳腺下外象限恶性肿瘤，女性"
C50511,"女性右乳房下外象限恶性肿瘤"
C50512,"女性左乳房下外象限恶性肿瘤"
C50519,"未指明女性乳房下外象限的恶性肿瘤"
C5052,"乳腺下外象限恶性肿瘤，男性"
C50521,"男性右乳房下外象限恶性肿瘤"
C50522,"男性左乳房下外象限恶性肿瘤"
C50529,"未指定男性乳房下外象限的恶性肿瘤"
C506,"乳房腋尾恶性肿瘤"
C5061,"乳腺腋尾恶性肿瘤，女性"
C50611,"女性右乳腋尾恶性肿瘤"
C50612,"女性左侧乳房腋尾恶性肿瘤"
C50619,"未指定女性乳房腋尾恶性肿瘤"
C5062,"乳腺腋尾恶性肿瘤，男性"
C50621,"右雄性乳腺腋尾恶性肿瘤"
C50622,"左男性乳房腋尾恶性肿瘤"
C50629,"未指定男性乳房腋尾恶性肿瘤"
C508,"乳腺重叠部位的恶性肿瘤"
C5081,"乳腺重叠部位的恶性肿瘤，女性"
C50811,"女性右侧乳房重叠部位的恶性肿瘤"
C50812,"女性左侧乳房重叠部位的恶性肿瘤"
C50819,"未指定女性乳房重叠部位的恶性肿瘤"
C5082,"乳腺重叠部位的恶性肿瘤，男性"
C50821,"男性右乳重叠部位的恶性肿瘤"
C50822,"男性左侧乳房重叠部位的恶性肿瘤"
C50829,"未指定男性乳房重叠部位的恶性肿瘤"
C509,"未指定部位的乳腺恶性肿瘤"
C5091,"不明部位的乳腺恶性肿瘤，女性"
C50911,"女性右乳不明部位的恶性肿瘤"
C50912,"左侧女性乳房未指定部位的恶性肿瘤"
C50919,"未指定女性乳房未指定部位的恶性肿瘤"
C5092,"不明部位的乳腺恶性肿瘤，男性"
C50921,"男性右乳不明部位的恶性肿瘤"
C50922,"男性左侧乳房未指定部位的恶性肿瘤"
C50929,"未指定男性乳房未指定部位的恶性肿瘤"
C51,"外阴恶性肿瘤"
C510,"阴唇恶性肿瘤"
C511,"小阴唇恶性肿瘤"
C512,"恶性肿瘤"
C518,"外阴重叠部位的恶性肿瘤"
C519,"外阴恶性肿瘤，未明确"
C52,"阴道恶性肿瘤"
C53,"宫颈恶性肿瘤"
C530,"宫颈内膜恶性肿瘤"
C531,"宫颈外恶性肿瘤"
C538,"宫颈重叠部位的恶性肿瘤"
C539,"宫颈恶性肿瘤，未指定"
C54,"子宫体恶性肿瘤"
C540,"子宫峡部恶性肿瘤"
C541,"子宫内膜恶性肿瘤"
C542,"子宫肌层恶性肿瘤"
C543,"子宫底恶性肿瘤"
C548,"子宫体重叠部位的恶性肿瘤"
C549,"子宫体恶性肿瘤，未指定"
C55,"子宫恶性肿瘤，部分未明确"
C56,"卵巢恶性肿瘤"
C561,"右侧卵巢恶性肿瘤"
C562,"左卵巢恶性肿瘤"
C563,"双侧卵巢恶性肿瘤"
C569,"未指定卵巢的恶性肿瘤"
C57,"其他未指明的女性生殖器官恶性肿瘤"
C570,"输卵管恶性肿瘤"
C5700,"未指明输卵管的恶性肿瘤"
C5701,"右侧输卵管恶性肿瘤"
C5702,"左输卵管恶性肿瘤"
C571,"宽韧带恶性肿瘤"
C5710,"未指明宽韧带的恶性肿瘤"
C5711,"右侧宽韧带恶性肿瘤"
C5712,"左阔韧带恶性肿瘤"
C572,"圆韧带恶性肿瘤"
C5720,"未指明的圆韧带恶性肿瘤"
C5721,"右圆韧带恶性肿瘤"
C5722,"左圆韧带恶性肿瘤"
C573,"宫旁恶性肿瘤"
C574,"子宫附件恶性肿瘤，未指定"
C577,"其他特定女性生殖器官的恶性肿瘤"
C578,"女性生殖器官重叠部位的恶性肿瘤"
C579,"女性生殖器官恶性肿瘤，未明确"
C58,"胎盘恶性肿瘤"
C60,"阴茎恶性肿瘤"
C600,"包皮恶性肿瘤"
C601,"龟头恶性肿瘤"
C602,"阴茎体恶性肿瘤"
C608,"阴茎重叠部位的恶性肿瘤"
C609,"阴茎恶性肿瘤，未指明"
C61,"前列腺恶性肿瘤"
C62,"睾丸恶性肿瘤"
C620,"隐睾恶性肿瘤"
C6200,"未指定未降睾丸的恶性肿瘤"
C6201,"右隐睾恶性肿瘤"
C6202,"左隐睾恶性肿瘤"
C621,"降睾丸恶性肿瘤"
C6210,"未指明的下降睾丸的恶性肿瘤"
C6211,"右下降睾丸恶性肿瘤"
C6212,"降左睾丸恶性肿瘤"
C629,"睾丸恶性肿瘤，不明确是降位还是隐位"
C6290,"未指定睾丸的恶性肿瘤，未指定是否下降"
C6291,"右侧睾丸恶性肿瘤，未明确是下降型还是非降型"
C6292,"左侧睾丸恶性肿瘤，未明确是降位还是非降位"
C63,"其他和未指明的男性生殖器官的恶性肿瘤"
C630,"附睾恶性肿瘤"
C6300,"未指明附睾的恶性肿瘤"
C6301,"右侧附睾恶性肿瘤"
C6302,"左附睾恶性肿瘤"
C631,"精索恶性肿瘤"
C6310,"未指明的精索恶性肿瘤"
C6311,"右侧精索恶性肿瘤"
C6312,"左精索恶性肿瘤"
C632,"阴囊恶性肿瘤"
C637,"其他特定男性生殖器官的恶性肿瘤"
C638,"男性生殖器官重叠部位的恶性肿瘤"
C639,"男性生殖器官恶性肿瘤，未指定"
C64,"肾脏恶性肿瘤，肾盂除外"
C641,"右肾恶性肿瘤，肾盂除外"
C642,"左肾恶性肿瘤，肾盂除外"
C649,"未指定肾脏的恶性肿瘤，肾盂除外"
C65,"肾盂恶性肿瘤"
C651,"右肾盂恶性肿瘤"
C652,"左肾盂恶性肿瘤"
C659,"未指明的肾盂恶性肿瘤"
C66,"输尿管恶性肿瘤"
C661,"右侧输尿管恶性肿瘤"
C662,"左输尿管恶性肿瘤"
C669,"未指明输尿管的恶性肿瘤"
C67,"膀胱恶性肿瘤"
C670,"膀胱三角部恶性肿瘤"
C671,"膀胱圆顶恶性肿瘤"
C672,"膀胱外侧壁恶性肿瘤"
C673,"膀胱前壁恶性肿瘤"
C674,"膀胱后壁恶性肿瘤"
C675,"膀胱颈恶性肿瘤"
C676,"输尿管口恶性肿瘤"
C677,"urachus 恶性肿瘤"
C678,"膀胱重叠部位的恶性肿瘤"
C679,"膀胱恶性肿瘤，未明确"
C68,"其他和未指明的泌尿器官的恶性肿瘤"
C680,"尿道恶性肿瘤"
C681,"尿道旁腺体恶性肿瘤"
C688,"泌尿器官重叠部位的恶性肿瘤"
C689,"泌尿器官恶性肿瘤，未指定"
C69,"眼部和附件恶性肿瘤"
C690,"结膜恶性肿瘤"
C6900,"未指明结膜的恶性肿瘤"
C6901,"右结膜恶性肿瘤"
C6902,"左结膜恶性肿瘤"
C691,"角膜恶性肿瘤"
C6910,"未指定角膜的恶性肿瘤"
C6911,"右侧角膜恶性肿瘤"
C6912,"左侧角膜恶性肿瘤"
C692,"视网膜恶性肿瘤"
C6920,"未指定视网膜的恶性肿瘤"
C6921,"右视网膜恶性肿瘤"
C6922,"左视网膜恶性肿瘤"
C693,"脉络膜恶性肿瘤"
C6930,"未指明脉络膜的恶性肿瘤"
C6931,"右脉络膜恶性肿瘤"
C6932,"左脉络膜恶性肿瘤"
C694,"睫状体恶性肿瘤"
C6940,"未指定睫状体的恶性肿瘤"
C6941,"右睫状体恶性肿瘤"
C6942,"左睫状体恶性肿瘤"
C695,"泪腺和胰管恶性肿瘤"
C6950,"未指明的泪腺和导管恶性肿瘤"
C6951,"右侧泪腺和导管恶性肿瘤"
C6952,"左泪腺和导管恶性肿瘤"
C696,"眼眶恶性肿瘤"
C6960,"眼眶不明的恶性肿瘤"
C6961,"右眼眶恶性肿瘤"
C6962,"左眼眶恶性肿瘤"
C698,"眼和附件重叠部位的恶性肿瘤"
C6980,"未指定眼和附件重叠部位的恶性肿瘤"
C6981,"右眼和附件重叠部位的恶性肿瘤"
C6982,"左眼和附件重叠部位的恶性肿瘤"
C699,"眼部部位不明的恶性肿瘤"
C6990,"未指定眼的不明部位的恶性肿瘤"
C6991,"右眼不明部位的恶性肿瘤"
C6992,"左眼不明部位的恶性肿瘤"
C70,"脑膜恶性肿瘤"
C700,"脑膜恶性肿瘤"
C701,"脊髓脑膜恶性肿瘤"
C709,"脑膜恶性肿瘤，未明确"
C71,"脑恶性肿瘤"
C710,"大脑恶性肿瘤，肺叶和脑室除外"
C711,"额叶恶性肿瘤"
C712,"颞叶恶性肿瘤"
C713,"顶叶恶性肿瘤"
C714,"枕叶恶性肿瘤"
C715,"脑室恶性肿瘤"
C716,"小脑恶性肿瘤"
C717,"脑干恶性肿瘤"
C718,"大脑重叠部位的恶性肿瘤"
C719,"脑恶性肿瘤，未明确"
C72,"脊髓、颅神经和中枢神经系统其他部位的恶性肿瘤"
C720,"脊髓恶性肿瘤"
C721,"马尾恶性肿瘤"
C722,"嗅神经恶性肿瘤"
C7220,"未指明嗅神经的恶性肿瘤"
C7221,"右侧嗅神经恶性肿瘤"
C7222,"左侧嗅神经恶性肿瘤"
C723,"视神经恶性肿瘤"
C7230,"未指明视神经的恶性肿瘤"
C7231,"右视神经恶性肿瘤"
C7232,"左视神经恶性肿瘤"
C724,"听神经恶性肿瘤"
C7240,"未指明的听神经恶性肿瘤"
C7241,"右侧听神经恶性肿瘤"
C7242,"左听神经恶性肿瘤"
C725,"其他和未指明的颅神经恶性肿瘤"
C7250,"未指明的颅神经恶性肿瘤"
C7259,"其他颅神经的恶性肿瘤"
C729,"中枢神经系统恶性肿瘤，未明确"
C73,"甲状腺恶性肿瘤"
C74,"肾上腺恶性肿瘤"
C740,"肾上腺皮质恶性肿瘤"
C7400,"未指定肾上腺皮质恶性肿瘤"
C7401,"右肾上腺皮质恶性肿瘤"
C7402,"左肾上腺皮质恶性肿瘤"
C741,"肾上腺髓质恶性肿瘤"
C7410,"未指定肾上腺髓质恶性肿瘤"
C7411,"右肾上腺髓质恶性肿瘤"
C7412,"左肾上腺髓质恶性肿瘤"
C749,"肾上腺未指定部位的恶性肿瘤"
C7490,"未指定肾上腺未指定部位的恶性肿瘤"
C7491,"右侧肾上腺未指定部位的恶性肿瘤"
C7492,"左肾上腺未指定部位的恶性肿瘤"
C75,"其他内分泌腺和相关结构的恶性肿瘤"
C750,"甲状旁腺恶性肿瘤"
C751,"垂体恶性肿瘤"
C752,"颅咽管恶性肿瘤"
C753,"松果体恶性肿瘤"
C754,"颈动脉恶性肿瘤"
C755,"主动脉体和其他副神经节恶性肿瘤"
C758,"恶性肿瘤伴阴侧受累，未明确"
C759,"内分泌腺恶性肿瘤，未明确"
C76,"其他部位和定义不清部位的恶性肿瘤"
C760,"头部、面部和颈部恶性肿瘤"
C761,"胸部恶性肿瘤"
C762,"腹部恶性肿瘤"
C763,"盆腔恶性肿瘤"
C764,"上肢恶性肿瘤"
C7640,"未指明的上肢恶性肿瘤"
C7641,"右上肢恶性肿瘤"
C7642,"左上肢恶性肿瘤"
C765,"下肢恶性肿瘤"
C7650,"未指明的下肢恶性肿瘤"
C7651,"右下肢恶性肿瘤"
C7652,"左下肢恶性肿瘤"
C768,"其他指定定义不清部位的恶性肿瘤"
C77,"继发性和未指明的淋巴结恶性肿瘤"
C770,"头部、面部和颈部淋巴结的继发性和未指定的恶性肿瘤"
C771,"胸腔内淋巴结的继发性和未特异性恶性肿瘤"
C772,"腹腔内淋巴结的继发性和未特异性恶性肿瘤"
C773,"腋窝和上肢淋巴结的继发性和未特异性恶性肿瘤"
C774,"腹股沟和下肢淋巴结的继发性和未特异性恶性肿瘤"
C775,"盆腔内淋巴结的继发性和未特异性恶性肿瘤"
C778,"多个区域淋巴结的继发性和未指定的恶性肿瘤"
C779,"淋巴结的继发性和未指定的恶性肿瘤，未指定"
C78,"呼吸和消化器官的继发性恶性肿瘤"
C780,"继发性肺恶性肿瘤"
C7800,"未指定肺的继发性恶性肿瘤"
C7801,"右肺继发性恶性肿瘤"
C7802,"左肺继发性恶性肿瘤"
C781,"纵隔继发性恶性肿瘤"
C782,"胸膜继发性恶性肿瘤"
C783,"其他和未指定的呼吸器官的继发性恶性肿瘤"
C7830,"未指明呼吸器官的继发性恶性肿瘤"
C7839,"其他呼吸器官的继发性恶性肿瘤"
C784,"小肠继发性恶性肿瘤"
C785,"大肠和直肠的继发性恶性肿瘤"
C786,"腹膜后和腹膜的继发性恶性肿瘤"
C787,"肝脏和肝内胆管继发性恶性肿瘤"
C788,"其他和未指定消化器官的继发性恶性肿瘤"
C7880,"未指定消化器官的继发性恶性肿瘤"
C7889,"其他消化器官的继发性恶性肿瘤"
C79,"其他和未指定部位的继发性恶性肿瘤"
C790,"肾和肾盂继发性恶性肿瘤"
C7900,"未指定肾和肾盂的继发性恶性肿瘤"
C7901,"右肾和肾盂的继发性恶性肿瘤"
C7902,"左肾和肾盂的继发性恶性肿瘤"
C791,"膀胱和其他未指明的泌尿器官的继发性恶性肿瘤"
C7910,"未指定泌尿器官的继发性恶性肿瘤"
C7911,"膀胱继发性恶性肿瘤"
C7919,"其他泌尿器官的继发性恶性肿瘤"
C792,"皮肤继发性恶性肿瘤"
C793,"脑脑膜和脑膜的继发性恶性肿瘤"
C7931,"继发性脑恶性肿瘤"
C7932,"脑膜继发性恶性肿瘤"
C794,"神经系统其他部位和未指定部位的继发性恶性肿瘤"
C7940,"神经系统未指定部位的继发性恶性肿瘤"
C7949,"神经系统其他部位的继发性恶性肿瘤"
C795,"骨和骨髓的继发性恶性肿瘤"
C7951,"继发性骨恶性肿瘤"
C7952,"骨髓继发性恶性肿瘤"
C796,"卵巢继发性恶性肿瘤"
C7960,"未指定卵巢的继发性恶性肿瘤"
C7961,"右侧卵巢继发性恶性肿瘤"
C7962,"左卵巢继发性恶性肿瘤"
C7963,"双侧卵巢继发性恶性肿瘤"
C797,"肾上腺继发性恶性肿瘤"
C7970,"未指定肾上腺的继发性恶性肿瘤"
C7971,"右肾上腺继发性恶性肿瘤"
C7972,"左肾上腺继发性恶性肿瘤"
C798,"其他指定部位的继发性恶性肿瘤"
C7981,"乳腺继发性恶性肿瘤"
C7982,"生殖器官继发性恶性肿瘤"
C7989,"其他指定部位的继发性恶性肿瘤"
C799,"未指定部位的继发性恶性肿瘤"
C7A,"恶性神经内分泌肿瘤"
C7A0,"恶性类癌瘤"
C7A00,"不明部位的恶性类癌瘤"
C7A01,"小肠恶性类癌瘤"
C7A010,"十二指肠恶性类癌瘤"
C7A011,"空肠恶性类癌瘤"
C7A012,"回肠恶性类癌瘤"
C7A019,"小肠恶性类癌瘤，未指定部分"
C7A02,"阑尾、大肠和直肠的恶性类癌瘤"
C7A020,"阑尾恶性类癌瘤"
C7A021,"盲肠恶性类癌瘤"
C7A022,"升结肠恶性类癌瘤"
C7A023,"横结肠恶性类癌瘤"
C7A024,"降结肠恶性类癌瘤"
C7A025,"乙状结肠恶性类癌瘤"
C7A026,"直肠恶性类癌瘤"
C7A029,"大肠恶性类癌瘤，未指定部分"
C7A09,"其他部位的恶性类癌瘤"
C7A090,"支气管和肺的恶性类癌瘤"
C7A091,"胸腺恶性类癌瘤"
C7A092,"胃恶性类癌瘤"
C7A093,"肾脏恶性类癌瘤"
C7A094,"前肠恶性类癌瘤，未指明"
C7A095,"中肠恶性类癌瘤，未指定"
C7A096,"后肠恶性类癌瘤，未指定"
C7A098,"其他部位的恶性类癌瘤"
C7A1,"恶性低分化神经内分泌肿瘤"
C7A8,"其他恶性神经内分泌肿瘤"
C7B,"继发性神经内分泌肿瘤"
C7B0,"继发性类癌瘤"
C7B00,"继发性类癌瘤，部位不明"
C7B01,"远处淋巴结的继发性类癌瘤"
C7B02,"肝脏继发性类癌瘤"
C7B03,"继发性骨类癌瘤"
C7B04,"腹膜继发性类癌瘤"
C7B09,"其他部位的继发性类癌瘤"
C7B1,"继发性默克尔细胞癌"
C7B8,"其他继发性神经内分泌肿瘤"
C80,"无部位说明的恶性肿瘤"
C800,"播散性恶性肿瘤，未指定"
C801,"恶性（原发性）肿瘤，未指定"
C802,"与移植器官相关的恶性肿瘤"
C81,"霍奇金淋巴瘤"
C810,"结节性淋巴细胞为主的霍奇金淋巴瘤"
C8100,"结节性淋巴细胞为主的霍奇金淋巴瘤，部位不明"
C8101,"结节性淋巴细胞为主的霍奇金淋巴瘤、头部、面部和颈部淋巴结"
C8102,"结节性淋巴细胞为主的霍奇金淋巴瘤，胸腔内淋巴结"
C8103,"结节性淋巴细胞为主的霍奇金淋巴瘤，腹腔内淋巴结"
C8104,"结节性淋巴细胞为主的霍奇金淋巴瘤、腋窝和上肢淋巴结"
C8105,"结节性淋巴细胞为主的霍奇金淋巴瘤、腹股沟区和下肢淋巴结"
C8106,"结节性淋巴细胞为主的霍奇金淋巴瘤，盆腔内淋巴结"
C8107,"结节性淋巴细胞为主的霍奇金淋巴瘤、脾脏"
C8108,"结节性淋巴细胞为主的霍奇金淋巴瘤，多个部位的淋巴结"
C8109,"结节性淋巴细胞为主的霍奇金淋巴瘤、结外和实体器官部位"
C811,"结节性硬化 霍奇金淋巴瘤"
C8110,"结节性硬化霍奇金淋巴瘤，部位不明"
C8111,"结节性硬化霍奇金淋巴瘤，头部、面部和颈部淋巴结"
C8112,"结节性硬化 霍奇金淋巴瘤， 胸腔内淋巴结"
C8113,"结节性硬化 霍奇金淋巴瘤， 腹腔内淋巴结"
C8114,"结节性硬化霍奇金淋巴瘤、腋窝和上肢淋巴结"
C8115,"结节性硬化霍奇金淋巴瘤、腹股沟区和下肢淋巴结"
C8116,"结节性硬化 霍奇金淋巴瘤、盆腔内淋巴结"
C8117,"结节性硬化 霍奇金淋巴瘤，脾脏"
C8118,"结节性硬化霍奇金淋巴瘤，多个部位的淋巴结"
C8119,"结节性硬化霍奇金淋巴瘤、结外和实体器官部位"
C812,"混合细胞性霍奇金淋巴瘤"
C8120,"混合细胞性霍奇金淋巴瘤，部位不明"
C8121,"混合细胞霍奇金淋巴瘤，头部、面部和颈部淋巴结"
C8122,"混合细胞霍奇金淋巴瘤，胸腔内淋巴结"
C8123,"混合细胞性霍奇金淋巴瘤，腹腔内淋巴结"
C8124,"混合细胞霍奇金淋巴瘤，腋窝和上肢淋巴结"
C8125,"混合细胞性霍奇金淋巴瘤、腹股沟区和下肢淋巴结"
C8126,"混合细胞霍奇金淋巴瘤，盆腔内淋巴结"
C8127,"混合细胞霍奇金淋巴瘤、脾脏"
C8128,"混合细胞霍奇金淋巴瘤，多个部位的淋巴结"
C8129,"混合细胞霍奇金淋巴瘤、结外和实体器官部位"
C813,"淋巴细胞耗竭霍奇金淋巴瘤"
C8130,"淋巴细胞耗竭性霍奇金淋巴瘤，部位未确定"
C8131,"淋巴细胞耗竭霍奇金淋巴瘤、头部、面部和颈部淋巴结"
C8132,"淋巴细胞耗竭霍奇金淋巴瘤，胸腔内淋巴结"
C8133,"淋巴细胞耗竭霍奇金淋巴瘤，腹腔内淋巴结"
C8134,"淋巴细胞耗竭霍奇金淋巴瘤、腋窝和上肢淋巴结"
C8135,"淋巴细胞耗竭霍奇金淋巴瘤、腹股沟区和下肢淋巴结"
C8136,"淋巴细胞耗竭霍奇金淋巴瘤，盆腔内淋巴结"
C8137,"淋巴细胞耗竭霍奇金淋巴瘤、脾脏"
C8138,"淋巴细胞耗竭霍奇金淋巴瘤，多个部位的淋巴结"
C8139,"淋巴细胞耗竭霍奇金淋巴瘤、结外和实体器官部位"
C814,"富含淋巴细胞的霍奇金淋巴瘤"
C8140,"富含淋巴细胞的霍奇金淋巴瘤，部位不明"
C8141,"富含淋巴细胞的霍奇金淋巴瘤，头部、面部和颈部的淋巴结"
C8142,"富含淋巴细胞的霍奇金淋巴瘤，胸腔内淋巴结"
C8143,"富含淋巴细胞的霍奇金淋巴瘤，腹腔内淋巴结"
C8144,"富含淋巴细胞的霍奇金淋巴瘤、腋窝和上肢淋巴结"
C8145,"富含淋巴细胞的霍奇金淋巴瘤、腹股沟区和下肢淋巴结"
C8146,"富含淋巴细胞的霍奇金淋巴瘤、盆腔内淋巴结"
C8147,"富含淋巴细胞的霍奇金淋巴瘤，脾脏"
C8148,"富含淋巴细胞的霍奇金淋巴瘤，多个部位的淋巴结"
C8149,"富含淋巴细胞的霍奇金淋巴瘤、结外和实体器官部位"
C817,"其他 霍奇金淋巴瘤"
C8170,"其他霍奇金淋巴瘤，部位未指定"
C8171,"其他霍奇金淋巴瘤，头部、面部和颈部淋巴结"
C8172,"其他霍奇金淋巴瘤、胸腔内淋巴结"
C8173,"其他霍奇金淋巴瘤、腹腔内淋巴结"
C8174,"其他霍奇金淋巴瘤、腋窝和上肢淋巴结"
C8175,"其他霍奇金淋巴瘤、腹股沟区和下肢淋巴结"
C8176,"其他霍奇金淋巴瘤、盆腔内淋巴结"
C8177,"其他 霍奇金淋巴瘤、脾脏"
C8178,"其他霍奇金淋巴瘤，多个部位的淋巴结"
C8179,"其他霍奇金淋巴瘤、结外和实体器官部位"
C819,"霍奇金淋巴瘤，未指定"
C8190,"霍奇金淋巴瘤，未指定、未指定部位"
C8191,"霍奇金淋巴瘤，未分类，头部、面部和颈部淋巴结"
C8192,"霍奇金淋巴瘤，未指明，胸腔内淋巴结"
C8193,"霍奇金淋巴瘤，未指明，腹腔内淋巴结"
C8194,"霍奇金淋巴瘤，未指明，腋窝和上肢淋巴结"
C8195,"霍奇金淋巴瘤，未指明，腹股沟区和下肢淋巴结"
C8196,"霍奇金淋巴瘤，未分明，盆腔内淋巴结"
C8197,"霍奇金淋巴瘤，未指定，脾脏"
C8198,"霍奇金淋巴瘤，未指定，多个部位的淋巴结"
C8199,"霍奇金淋巴瘤，未指定、结外和实体器官部位"
C82,"滤泡性淋巴瘤"
C820,"滤泡性淋巴瘤 I 级"
C8200,"滤泡性淋巴瘤 I 级，部位未指定"
C8201,"滤泡性淋巴瘤 I 级，头部、面部和颈部淋巴结"
C8202,"滤泡性淋巴瘤 I 级，胸腔内淋巴结"
C8203,"滤泡性淋巴瘤 I 级，腹腔内淋巴结"
C8204,"滤泡性淋巴瘤 I 级，腋窝和上肢淋巴结"
C8205,"滤泡性淋巴瘤 I 级，腹股沟区和下肢淋巴结"
C8206,"滤泡性淋巴瘤 I 级，盆腔内淋巴结"
C8207,"滤泡性淋巴瘤 I 级，脾脏"
C8208,"滤泡性淋巴瘤 I 级，多个部位的淋巴结"
C8209,"滤泡性淋巴瘤 I 级、结外和实体器官部位"
C821,"滤泡性淋巴瘤 II 级"
C8210,"滤泡性淋巴瘤 II 级，部位未指定"
C8211,"II 级滤泡性淋巴瘤，头部、面部和颈部淋巴结"
C8212,"滤泡性淋巴瘤 II 级，胸腔内淋巴结"
C8213,"滤泡性淋巴瘤 II 级，腹腔内淋巴结"
C8214,"滤泡性淋巴瘤 II 级，腋窝和上肢淋巴结"
C8215,"滤泡性淋巴瘤 II 级，腹股沟区和下肢淋巴结"
C8216,"滤泡性淋巴瘤 II 级，盆腔内淋巴结"
C8217,"滤泡性淋巴瘤 II 级，脾脏"
C8218,"滤泡性淋巴瘤 II 级，多个部位的淋巴结"
C8219,"滤泡性淋巴瘤 II 级、结外和实体器官部位"
C822,"滤泡性淋巴瘤 III 级，未指定"
C8220,"滤泡性淋巴瘤 III 级，未指定，未指定部位"
C8221,"滤泡性淋巴瘤 III 级，未分类，头部、面部和颈部淋巴结"
C8222,"滤泡性淋巴瘤 III 级，未分类，胸腔内淋巴结"
C8223,"滤泡性淋巴瘤 III 级，未分类，腹腔内淋巴结"
C8224,"滤泡性淋巴瘤 III 级，未明确，腋窝和上肢淋巴结"
C8225,"III 级滤泡性淋巴瘤，未分明，腹股沟区和下肢淋巴结"
C8226,"滤泡性淋巴瘤 III 级，未分类，盆腔内淋巴结"
C8227,"滤泡性淋巴瘤 III 级，未分类，脾脏"
C8228,"滤泡性淋巴瘤 III 级，未指定，多个部位的淋巴结"
C8229,"滤泡性淋巴瘤 III 级，未指定，结外和实体器官部位"
C823,"滤泡性淋巴瘤 IIIa 级"
C8230,"滤泡性淋巴瘤 IIIa 级，部位未指定"
C8231,"滤泡性淋巴瘤 IIIa 级，头部、面部和颈部淋巴结"
C8232,"滤泡性淋巴瘤 IIIa 级，胸腔内淋巴结"
C8233,"滤泡性淋巴瘤 IIIa 级，腹腔内淋巴结"
C8234,"滤泡性淋巴瘤 IIIa 级，腋窝和上肢淋巴结"
C8235,"滤泡性淋巴瘤 IIIa 级，腹股沟区和下肢淋巴结"
C8236,"滤泡性淋巴瘤 IIIa 级，盆腔内淋巴结"
C8237,"滤泡性淋巴瘤 IIIa 级，脾脏"
C8238,"滤泡性淋巴瘤 IIIa 级，多个部位的淋巴结"
C8239,"滤泡性淋巴瘤 IIIa 级、结外和实体器官部位"
C824,"滤泡性淋巴瘤 IIIb 级"
C8240,"滤泡性淋巴瘤 IIIb 级，部位未指定"
C8241,"滤泡性淋巴瘤 IIIb 级，头部、面部和颈部淋巴结"
C8242,"滤泡性淋巴瘤 III 级，胸腔内淋巴结"
C8243,"滤泡性淋巴瘤 IIIb 级，腹腔内淋巴结"
C8244,"滤泡性淋巴瘤 IIIb 级，腋窝和上肢淋巴结"
C8245,"滤泡性淋巴瘤 IIIb 级，腹股沟区和下肢淋巴结"
C8246,"滤泡性淋巴瘤 IIIb 级，盆腔内淋巴结"
C8247,"滤泡性淋巴瘤 III b 级，脾脏"
C8248,"滤泡性淋巴瘤 IIIb 级，多个部位的淋巴结"
C8249,"滤泡性淋巴瘤 IIIb 级、结外和实体器官部位"
C825,"弥漫性滤泡中心淋巴瘤"
C8250,"弥漫性滤泡中心淋巴瘤，部位不明"
C8251,"弥漫性滤泡中心淋巴瘤，头部、面部和颈部淋巴结"
C8252,"弥漫性滤泡中心淋巴瘤、胸腔内淋巴结"
C8253,"弥漫性滤泡中心淋巴瘤、腹腔内淋巴结"
C8254,"弥漫性滤泡中心淋巴瘤、腋窝和上肢淋巴结"
C8255,"弥漫性滤泡中心淋巴瘤、腹股沟区和下肢淋巴结"
C8256,"弥漫性滤泡中心淋巴瘤、盆腔内淋巴结"
C8257,"弥漫性滤泡中心淋巴瘤、脾脏"
C8258,"弥漫性滤泡中心淋巴瘤，多个部位的淋巴结"
C8259,"弥漫性滤泡中心淋巴瘤、结外和实体器官部位"
C826,"皮肤滤泡中心淋巴瘤"
C8260,"皮肤滤泡中心淋巴瘤，未指定部位"
C8261,"皮肤滤泡中心淋巴瘤，头部、面部和颈部淋巴结"
C8262,"皮肤滤泡中心淋巴瘤、胸腔内淋巴结"
C8263,"皮肤滤泡中心淋巴瘤、腹腔内淋巴结"
C8264,"皮肤滤泡中心淋巴瘤、腋窝和上肢淋巴结"
C8265,"皮肤滤泡中心淋巴瘤、腹股沟区和下肢淋巴结"
C8266,"皮肤滤泡中心淋巴瘤、盆腔内淋巴结"
C8267,"皮肤滤泡中心淋巴瘤、脾脏"
C8268,"皮肤滤泡中心淋巴瘤，多个部位的淋巴结"
C8269,"皮肤滤泡中心淋巴瘤、结外和实体器官部位"
C828,"其他类型的滤泡性淋巴瘤"
C8280,"其他类型的滤泡性淋巴瘤，部位不明"
C8281,"其他类型的滤泡性淋巴瘤，头部、面部和颈部的淋巴结"
C8282,"其他类型的滤泡性淋巴瘤、胸腔内淋巴结"
C8283,"其他类型的滤泡性淋巴瘤、腹腔内淋巴结"
C8284,"其他类型的滤泡性淋巴瘤、腋窝和上肢淋巴结"
C8285,"其他类型的滤泡性淋巴瘤、腹股沟区和下肢淋巴结"
C8286,"其他类型的滤泡性淋巴瘤、盆腔内淋巴结"
C8287,"其他类型的滤泡性淋巴瘤、脾脏"
C8288,"其他类型的滤泡性淋巴瘤，多个部位的淋巴结"
C8289,"其他类型的滤泡性淋巴瘤、结外和实体器官部位"
C829,"滤泡性淋巴瘤，未指定"
C8290,"滤泡性淋巴瘤，未指定、未指定部位"
C8291,"滤泡性淋巴瘤，未指明的头部、面部和颈部淋巴结"
C8292,"滤泡性淋巴瘤，未指明的胸腔内淋巴结"
C8293,"滤泡性淋巴瘤，未特异性，腹腔内淋巴结"
C8294,"滤泡性淋巴瘤，未明确，腋窝和上肢淋巴结"
C8295,"滤泡性淋巴瘤，未指定，腹股沟区和下肢淋巴结"
C8296,"滤泡性淋巴瘤，未分明，盆腔内淋巴结"
C8297,"滤泡性淋巴瘤，未指定，脾脏"
C8298,"滤泡性淋巴瘤，未指定，多个部位的淋巴结"
C8299,"滤泡性淋巴瘤，未指定、结外和实体器官部位"
C83,"非滤泡性淋巴瘤"
C830,"小细胞 B 细胞淋巴瘤"
C8300,"小细胞 B 细胞淋巴瘤，部位不明"
C8301,"小细胞 B 细胞淋巴瘤，头部、面部和颈部淋巴结"
C8302,"小细胞 B 细胞淋巴瘤、胸内淋巴结"
C8303,"小细胞 B 细胞淋巴瘤、腹腔内淋巴结"
C8304,"小细胞 B 细胞淋巴瘤、腋窝和上肢淋巴结"
C8305,"小细胞 B 细胞淋巴瘤、腹股沟区和下肢淋巴结"
C8306,"小细胞 B 细胞淋巴瘤、盆腔内淋巴结"
C8307,"小细胞 B 细胞淋巴瘤、脾脏"
C8308,"小细胞 B 细胞淋巴瘤，多个部位的淋巴结"
C8309,"小细胞 B 细胞淋巴瘤、结外和实体器官部位"
C831,"套细胞淋巴瘤"
C8310,"套细胞淋巴瘤，部位不明"
C8311,"套细胞淋巴瘤，头部、面部和颈部的淋巴结"
C8312,"套细胞淋巴瘤，胸腔内淋巴结"
C8313,"套细胞淋巴瘤，腹腔内淋巴结"
C8314,"套细胞淋巴瘤、腋窝和上肢淋巴结"
C8315,"套细胞淋巴瘤、腹股沟区和下肢淋巴结"
C8316,"套细胞淋巴瘤，盆腔内淋巴结"
C8317,"套细胞淋巴瘤、脾脏"
C8318,"套细胞淋巴瘤，多个部位的淋巴结"
C8319,"套细胞淋巴瘤、结外和实体器官部位"
C833,"弥漫性大 B 细胞淋巴瘤"
C8330,"弥漫性大 B 细胞淋巴瘤，部位不明"
C8331,"弥漫性大 B 细胞淋巴瘤，头部、面部和颈部淋巴结"
C8332,"弥漫性大 B 细胞淋巴瘤、胸腔内淋巴结"
C8333,"弥漫性大 B 细胞淋巴瘤、腹腔内淋巴结"
C8334,"弥漫性大 B 细胞淋巴瘤、腋窝和上肢淋巴结"
C8335,"弥漫性大 B 细胞淋巴瘤、腹股沟区和下肢淋巴结"
C8336,"弥漫性大 B 细胞淋巴瘤、盆腔内淋巴结"
C8337,"弥漫性大 B 细胞淋巴瘤、脾脏"
C8338,"弥漫性大 B 细胞淋巴瘤，多个部位的淋巴结"
C8339,"弥漫性大 B 细胞淋巴瘤、结外和实体器官部位"
C835,"淋巴母细胞（弥漫性）淋巴瘤"
C8350,"淋巴母细胞（弥漫性）淋巴瘤，部位不明"
C8351,"淋巴母细胞（弥漫性）淋巴瘤，头部、面部和颈部淋巴结"
C8352,"淋巴母细胞（弥漫性）淋巴瘤，胸腔内淋巴结"
C8353,"淋巴母细胞（弥漫性）淋巴瘤，腹腔内淋巴结"
C8354,"淋巴母细胞（弥漫性）淋巴瘤，腋窝和上肢淋巴结"
C8355,"淋巴母细胞（弥漫性）淋巴瘤、腹股沟区和下肢淋巴结"
C8356,"淋巴母细胞（弥漫性）淋巴瘤，盆腔内淋巴结"
C8357,"淋巴母细胞（弥漫性）淋巴瘤、脾脏"
C8358,"淋巴母细胞（弥漫性）淋巴瘤，多个部位的淋巴结"
C8359,"淋巴母细胞（弥漫性）淋巴瘤、结外和实体器官部位"
C837,"伯基特淋巴瘤"
C8370,"伯基特淋巴瘤，部位不明"
C8371,"伯基特淋巴瘤，头部、面部和颈部淋巴结"
C8372,"伯基特淋巴瘤，胸腔内淋巴结"
C8373,"伯基特淋巴瘤，腹腔内淋巴结"
C8374,"伯基特淋巴瘤，腋窝和上肢淋巴结"
C8375,"伯基特淋巴瘤、腹股沟区和下肢淋巴结"
C8376,"伯基特淋巴瘤，盆腔内淋巴结"
C8377,"伯基特淋巴瘤，脾脏"
C8378,"伯基特淋巴瘤，多个部位的淋巴结"
C8379,"伯基特淋巴瘤、结外和实体器官部位"
C838,"其他非滤泡性淋巴瘤"
C8380,"其他非滤泡性淋巴瘤，部位不明"
C8381,"其他非滤泡性淋巴瘤，头部、面部和颈部淋巴结"
C8382,"其他非滤泡性淋巴瘤、胸腔内淋巴结"
C8383,"其他非滤泡性淋巴瘤、腹腔内淋巴结"
C8384,"其他非滤泡性淋巴瘤、腋窝和上肢淋巴结"
C8385,"其他非滤泡性淋巴瘤、腹股沟区和下肢淋巴结"
C8386,"其他非滤泡性淋巴瘤、盆腔内淋巴结"
C8387,"其他非滤泡性淋巴瘤、脾脏"
C8388,"其他非滤泡性淋巴瘤，多个部位的淋巴结"
C8389,"其他非滤泡性淋巴瘤、结外和实体器官部位"
C839,"非滤泡性（弥漫性）淋巴瘤，未指定"
C8390,"非滤泡性（弥漫性）淋巴瘤，未指定、未指定部位"
C8391,"非滤泡性（弥漫性）淋巴瘤，不明原因，头部、面部和颈部淋巴结"
C8392,"非滤泡性（弥漫性）淋巴瘤，未指明的胸腔内淋巴结"
C8393,"非滤泡性（弥漫性）淋巴瘤，不明原因，腹腔内淋巴结"
C8394,"非滤泡性（弥漫性）淋巴瘤，未指定，腋窝和上肢淋巴结"
C8395,"非滤泡性（弥漫性）淋巴瘤，未指明，腹股沟区和下肢淋巴结"
C8396,"非滤泡性（弥漫性）淋巴瘤，未分明的盆腔内淋巴结"
C8397,"非滤泡性（弥漫性）淋巴瘤，未指定，脾脏"
C8398,"非滤泡性（弥漫性）淋巴瘤，未指定，多个部位的淋巴结"
C8399,"非滤泡性（弥漫性）淋巴瘤，未指定、结外和实体器官部位"
C84,"成熟 T/NK 细胞淋巴瘤"
C840,"蕈样肉芽肿"
C8400,"蕈样肉芽肿（Mycosis fungoides），地点未指定"
C8401,"蕈样肉芽肿，头部、面部和颈部的淋巴结"
C8402,"蕈样肉芽肿，胸腔内淋巴结"
C8403,"蕈样肉芽肿，腹腔内淋巴结"
C8404,"蕈样肉芽肿、腋窝和上肢淋巴结"
C8405,"蕈样肉芽肿、腹股沟区和下肢淋巴结"
C8406,"蕈样肉芽肿、盆腔内淋巴结"
C8407,"蕈样肉芽肿、脾脏"
C8408,"蕈样肉芽肿，多个部位的淋巴结"
C8409,"蕈样肉芽肿、结外和实体器官部位"
C841,"Sezary 病"
C8410,"Sezary 病，部位不明"
C8411,"Sezary 病，头部、面部和颈部淋巴结"
C8412,"Sezary 病、胸腔内淋巴结"
C8413,"Sezary 病，腹腔内淋巴结"
C8414,"Sezary 病、腋窝和上肢淋巴结"
C8415,"Sezary 病、腹股沟区和下肢淋巴结"
C8416,"Sezary 病、盆腔内淋巴结"
C8417,"Sezary 病、脾脏"
C8418,"Sezary 病，多个部位的淋巴结"
C8419,"Sezary 病、结外和实体器官部位"
C844,"外周 T 细胞淋巴瘤，未分类"
C8440,"外周 T 细胞淋巴瘤，未分类，部位不明"
C8441,"外周 T 细胞淋巴瘤（未分类）、头部、面部和颈部淋巴结"
C8442,"外周 T 细胞淋巴瘤，未分类，胸腔内淋巴结"
C8443,"外周 T 细胞淋巴瘤，未分类，腹腔内淋巴结"
C8444,"外周 T 细胞淋巴瘤，未分类，腋窝和上肢淋巴结"
C8445,"外周 T 细胞淋巴瘤，未分类，腹股沟区和下肢淋巴结"
C8446,"外周 T 细胞淋巴瘤，未分类，盆腔内淋巴结"
C8447,"外周 T 细胞淋巴瘤，未分类，脾脏"
C8448,"外周 T 细胞淋巴瘤，未在其他部位分类，多个部位的淋巴结"
C8449,"外周 T 细胞淋巴瘤，未在其他地方分类，结外和实体器官部位"
C846,"间变性大细胞淋巴瘤，ALK 阳性"
C8460,"间变性大细胞淋巴瘤，ALK 阳性，部位不明"
C8461,"间变性大细胞淋巴瘤，ALK 阳性，头部、面部和颈部淋巴结"
C8462,"间变性大细胞淋巴瘤，ALK 阳性，胸腔内淋巴结"
C8463,"间变性大细胞淋巴瘤，ALK 阳性，腹腔内淋巴结"
C8464,"间变性大细胞淋巴瘤，ALK 阳性，腋窝和上肢淋巴结"
C8465,"间变性大细胞淋巴瘤，ALK 阳性，腹股沟区和下肢淋巴结"
C8466,"间变性大细胞淋巴瘤，ALK 阳性，盆腔内淋巴结"
C8467,"间变性大细胞淋巴瘤，ALK 阳性，脾脏"
C8468,"间变性大细胞淋巴瘤，ALK 阳性，多个部位的淋巴结"
C8469,"间变性大细胞淋巴瘤、ALK 阳性、结外和实体器官部位"
C847,"间变性大细胞淋巴瘤，ALK 阴性"
C8470,"间变性大细胞淋巴瘤，ALK 阴性，部位不明"
C8471,"间变性大细胞淋巴瘤，ALK 阴性，头部、面部和颈部淋巴结"
C8472,"间变性大细胞淋巴瘤，ALK 阴性，胸腔内淋巴结"
C8473,"间变性大细胞淋巴瘤，ALK 阴性，腹腔内淋巴结"
C8474,"间变性大细胞淋巴瘤，ALK 阴性，腋窝和上肢淋巴结"
C8475,"间变性大细胞淋巴瘤，ALK 阴性，腹股沟区和下肢淋巴结"
C8476,"间变性大细胞淋巴瘤，ALK 阴性，盆腔内淋巴结"
C8477,"间变性大细胞淋巴瘤，ALK 阴性，脾脏"
C8478,"间变性大细胞淋巴瘤，ALK 阴性，多个部位的淋巴结"
C8479,"间变性大细胞淋巴瘤、ALK 阴性、结外和实体器官部位"
C847A,"间变性大细胞淋巴瘤，ALK 阴性，乳腺"
C849,"成熟 T/NK 细胞淋巴瘤，未指定"
C8490,"成熟 T/NK 细胞淋巴瘤，未指定、未指定部位"
C8491,"成熟的 T/NK 细胞淋巴瘤，未分类，头部、面部和颈部淋巴结"
C8492,"成熟 T/NK 细胞淋巴瘤，未分明，胸腔内淋巴结"
C8493,"成熟的 T/NK 细胞淋巴瘤，不明的腹腔内淋巴结"
C8494,"成熟的 T/NK 细胞淋巴瘤，未分明，腋窝和上肢淋巴结"
C8495,"成熟的 T/NK 细胞淋巴瘤，未指定，腹股沟区和下肢淋巴结"
C8496,"成熟 T/NK 细胞淋巴瘤，未分明，盆腔内淋巴结"
C8497,"成熟 T/NK 细胞淋巴瘤，未指定，脾脏"
C8498,"成熟 T/NK 细胞淋巴瘤，未指定，多个部位的淋巴结"
C8499,"成熟 T/NK 细胞淋巴瘤，未指定、结外和实体器官部位"
C84A,"皮肤 T 细胞淋巴瘤，未指定"
C84A0,"皮肤 T 细胞淋巴瘤，未指定、未指定部位"
C84A1,"皮肤 T 细胞淋巴瘤，头部、面部和颈部的未指定淋巴结"
C84A2,"皮肤 T 细胞淋巴瘤，未分明，胸腔内淋巴结"
C84A3,"皮肤 T 细胞淋巴瘤，未分明，腹腔内淋巴结"
C84A4,"皮肤 T 细胞淋巴瘤，未指定，腋窝和上肢淋巴结"
C84A5,"皮肤 T 细胞淋巴瘤，未指定，腹股沟区和下肢淋巴结"
C84A6,"皮肤 T 细胞淋巴瘤，未分类，盆腔内淋巴结"
C84A7,"皮肤 T 细胞淋巴瘤，未指定，脾脏"
C84A8,"皮肤 T 细胞淋巴瘤，未指定，多个部位的淋巴结"
C84A9,"皮肤 T 细胞淋巴瘤，未指定、结外和实体器官部位"
C84Z,"其他成熟 T/NK 细胞淋巴瘤"
C84Z0,"其他成熟 T/NK 细胞淋巴瘤，部位未指定"
C84Z1,"其他成熟 T/NK 细胞淋巴瘤，头部、面部和颈部淋巴结"
C84Z2,"其他成熟 T/NK 细胞淋巴瘤、胸腔内淋巴结"
C84Z3,"其他成熟 T/NK 细胞淋巴瘤、腹腔内淋巴结"
C84Z4,"其他成熟 T/NK 细胞淋巴瘤、腋窝和上肢淋巴结"
C84Z5,"其他成熟 T/NK 细胞淋巴瘤、腹股沟区和下肢淋巴结"
C84Z6,"其他成熟 T/NK 细胞淋巴瘤、盆腔内淋巴结"
C84Z7,"其他成熟 T/NK 细胞淋巴瘤、脾脏"
C84Z8,"其他成熟 T/NK 细胞淋巴瘤，多个部位的淋巴结"
C84Z9,"其他成熟 T/NK 细胞淋巴瘤、结外和实体器官部位"
C85,"其他特定和未指定的非霍奇金淋巴瘤类型"
C851,"未分类的 B 细胞淋巴瘤"
C8510,"未指定 B 细胞淋巴瘤，未指定部位"
C8511,"未分类的 B 细胞淋巴瘤，头部、面部和颈部淋巴结"
C8512,"未分明的 B 细胞淋巴瘤，胸腔内淋巴结"
C8513,"未分类的 B 细胞淋巴瘤、腹腔内淋巴结"
C8514,"未分类的 B 细胞淋巴瘤、腋窝和上肢淋巴结"
C8515,"未分明的 B 细胞淋巴瘤、腹股沟区和下肢淋巴结"
C8516,"未分类的 B 细胞淋巴瘤、盆腔内淋巴结"
C8517,"未分类的 B 细胞淋巴瘤、脾脏"
C8518,"未分明的 B 细胞淋巴瘤，多个部位的淋巴结"
C8519,"未指定的 B 细胞淋巴瘤、结外和实体器官部位"
C852,"纵隔（胸腺）大 B 细胞淋巴瘤"
C8520,"纵隔（胸腺）大 B 细胞淋巴瘤，部位不明"
C8521,"纵隔（胸腺）大 B 细胞淋巴瘤，头部、面部和颈部淋巴结"
C8522,"纵隔（胸腺）大 B 细胞淋巴瘤、胸腔内淋巴结"
C8523,"纵隔（胸腺）大 B 细胞淋巴瘤，腹腔内淋巴结"
C8524,"纵隔（胸腺）大 B 细胞淋巴瘤、腋窝和上肢淋巴结"
C8525,"纵隔（胸腺）大 B 细胞淋巴瘤、腹股沟区和下肢淋巴结"
C8526,"纵隔（胸腺）大 B 细胞淋巴瘤、盆腔内淋巴结"
C8527,"纵隔（胸腺）大 B 细胞淋巴瘤，脾脏"
C8528,"纵隔（胸腺）大 B 细胞淋巴瘤，多个部位的淋巴结"
C8529,"纵隔（胸腺）大 B 细胞淋巴瘤、结外和实体器官部位"
C858,"其他特定类型的非霍奇金淋巴瘤"
C8580,"其他指定类型的非霍奇金淋巴瘤，未指定部位"
C8581,"其他特定类型的非霍奇金淋巴瘤、头部、面部和颈部淋巴结"
C8582,"其他特定类型的非霍奇金淋巴瘤、胸腔内淋巴结"
C8583,"其他特定类型的非霍奇金淋巴瘤、腹腔内淋巴结"
C8584,"其他特定类型的非霍奇金淋巴瘤、腋窝和上肢淋巴结"
C8585,"其他特定类型的非霍奇金淋巴瘤、腹股沟区和下肢淋巴结"
C8586,"其他特定类型的非霍奇金淋巴瘤、盆腔内淋巴结"
C8587,"其他特定类型的非霍奇金淋巴瘤、脾脏"
C8588,"其他特定类型的非霍奇金淋巴瘤，多个部位的淋巴结"
C8589,"其他特定类型的非霍奇金淋巴瘤、结外和实体器官部位"
C859,"非霍奇金淋巴瘤，未指定"
C8590,"非霍奇金淋巴瘤，未指定、未指定部位"
C8591,"非霍奇金淋巴瘤，未分类，头部、面部和颈部淋巴结"
C8592,"非霍奇金淋巴瘤，未分明，胸腔内淋巴结"
C8593,"非霍奇金淋巴瘤，未分明，腹腔内淋巴结"
C8594,"非霍奇金淋巴瘤，未指明，腋窝和上肢淋巴结"
C8595,"非霍奇金淋巴瘤，未指明，腹股沟区和下肢淋巴结"
C8596,"非霍奇金淋巴瘤，未分明，盆腔内淋巴结"
C8597,"非霍奇金淋巴瘤，未指定，脾脏"
C8598,"非霍奇金淋巴瘤，未指定，多个部位的淋巴结"
C8599,"非霍奇金淋巴瘤，未指定、结外和实体器官部位"
C86,"其他特定类型的 T/NK 细胞淋巴瘤"
C860,"结外 NK/T 细胞淋巴瘤，鼻型"
C861,"肝脾 T 细胞淋巴瘤"
C862,"肠病型（肠道）T 细胞淋巴瘤"
C863,"皮下脂膜炎样 T 细胞淋巴瘤"
C864,"母细胞性 NK 细胞淋巴瘤"
C865,"血管免疫母细胞性 T 细胞淋巴瘤"
C866,"原发性皮肤 CD30 阳性 T 细胞增生"
C88,"恶性免疫增生性疾病和某些其他 B 细胞淋巴瘤"
C880,"Waldenstrom 巨球蛋白血症"
C882,"重链病"
C883,"免疫增生性小肠疾病"
C884,"粘膜相关淋巴组织结外边缘区 B 细胞淋巴瘤 [MALT-淋巴瘤]"
C888,"其他恶性免疫增生性疾病"
C889,"未指明的恶性免疫增生性疾病"
C90,"多发性骨髓瘤和恶性浆细胞肿瘤"
C900,"多发性"
C9000,"多发性骨髓瘤未达到缓解"
C9001,"缓解期多发性骨髓瘤"
C9002,"复发的多发性骨髓瘤"
C901,"浆细胞白血病"
C9010,"浆细胞白血病未达到缓解"
C9011,"缓解期浆细胞白血病"
C9012,"复发的浆细胞白血病"
C902,"髓外浆细胞瘤"
C9020,"髓外浆细胞瘤未达到缓解"
C9021,"缓解期的髓外浆细胞瘤"
C9022,"复发的髓外浆细胞瘤"
C903,"孤立性浆细胞瘤"
C9030,"未达到缓解的孤立性浆细胞瘤"
C9031,"缓解期孤立性浆细胞瘤"
C9032,"复发的孤立性浆细胞瘤"
C91,"淋巴细胞白血病"
C910,"急性淋巴细胞白血病 [ALL]"
C9100,"未达到缓解的急性淋巴细胞白血病"
C9101,"急性淋巴细胞白血病，缓解期"
C9102,"急性淋巴细胞白血病，复发"
C911,"B 细胞型慢性淋巴细胞白血病"
C9110,"未达到缓解的 B 细胞型慢性淋巴细胞白血病"
C9111,"缓解期 B 细胞型慢性淋巴细胞白血病"
C9112,"复发的 B 细胞型慢性淋巴细胞白血病"
C913,"B 细胞型幼淋巴细胞白血病"
C9130,"未达到缓解的 B 细胞型幼淋巴细胞白血病"
C9131,"B 细胞型幼淋巴细胞白血病，处于缓解期"
C9132,"B 细胞型的幼淋巴细胞白血病，复发"
C914,"毛细胞白血病"
C9140,"毛细胞白血病未达到缓解"
C9141,"毛细胞白血病，处于缓解期"
C9142,"毛细胞白血病，复发"
C915,"成人 T 细胞淋巴瘤/白血病（HTLV-1 相关）"
C9150,"成人 T 细胞淋巴瘤/白血病（HTLV-1 相关）未达到缓解"
C9151,"成人 T 细胞淋巴瘤/白血病（HTLV-1 相关），处于缓解期"
C9152,"成人 T 细胞淋巴瘤/白血病（HTLV-1 相关），复发"
C916,"T 细胞型的幼淋巴细胞白血病"
C9160,"未达到缓解的 T 细胞型幼淋巴细胞白血病"
C9161,"T 细胞型的幼淋巴细胞白血病，处于缓解期"
C9162,"T 细胞型的幼淋巴细胞白血病，复发"
C919,"淋巴样白血病，未明确"
C9190,"淋巴白血病，未明确，未达到缓解"
C9191,"淋巴样白血病，未指定，处于缓解期"
C9192,"淋巴样白血病，未明确，复发"
C91A,"成熟 B 细胞白血病 伯基特型"
C91A0,"未达到缓解的成熟 B 细胞白血病 Burkitt 型"
C91A1,"成熟 B 细胞白血病 Burkitt 型，处于缓解期"
C91A2,"成熟 B 细胞白血病 Burkitt 型，复发"
C91Z,"其他淋巴细胞白血病"
C91Z0,"其他未达到缓解的淋巴细胞白血病"
C91Z1,"其他淋巴样白血病，处于缓解期"
C91Z2,"其他淋巴样白血病，复发"
C92,"髓系白血病"
C920,"急性成髓细胞白血病"
C9200,"急性成髓细胞白血病，未达到缓解"
C9201,"急性成髓细胞白血病，缓解期"
C9202,"急性成髓细胞白血病，复发"
C921,"慢性粒细胞白血病，BCR/ABL 阳性"
C9210,"慢性粒细胞白血病，BCR/ABL 阳性，未达到缓解"
C9211,"慢性粒细胞白血病，BCR/ABL 阳性，缓解期"
C9212,"慢性粒细胞白血病，BCR/ABL 阳性，复发"
C922,"非典型慢性粒细胞白血病，BCR/ABL 阴性"
C9220,"非典型慢性粒细胞白血病，BCR/ABL 阴性，未达到缓解"
C9221,"非典型慢性粒细胞白血病，BCR/ABL 阴性，缓解期"
C9222,"非典型慢性粒细胞白血病，BCR/ABL 阴性，复发"
C923,"髓系肉瘤"
C9230,"髓性肉瘤，未达到缓解"
C9231,"髓系肉瘤，处于缓解期"
C9232,"髓系肉瘤，复发"
C924,"急性早幼粒细胞白血病"
C9240,"急性早幼粒细胞白血病，未达到缓解"
C9241,"急性早幼粒细胞白血病，缓解期"
C9242,"急性早幼粒细胞白血病，复发"
C925,"急性粒单核细胞白血病"
C9250,"急性粒单核细胞白血病，未达到缓解"
C9251,"急性粒单核细胞白血病，缓解期"
C9252,"急性粒单核细胞白血病，复发"
C926,"伴有 11q23 异常的急性髓性白血病"
C9260,"具有 11q23 异常的急性髓性白血病未达到缓解"
C9261,"缓解期 11q23 异常的急性髓性白血病"
C9262,"复发性 11q23 异常的急性髓性白血病"
C929,"髓系白血病，未指定"
C9290,"髓系白血病，未明确说明，未达到缓解"
C9291,"髓系白血病，缓解期未明确"
C9292,"髓系白血病，复发时未明确"
C92A,"急性髓系白血病伴多系异型增生"
C92A0,"急性髓系白血病伴多系异型增生，未达到缓解"
C92A1,"急性髓系白血病伴多系异型增生，缓解期"
C92A2,"急性髓系白血病伴多系异型增生，复发"
C92Z,"其他 髓系白血病"
C92Z0,"其他未达到缓解的髓系白血病"
C92Z1,"其他髓系白血病，处于缓解期"
C92Z2,"其他髓系白血病，复发"
C93,"单核细胞白血病"
C930,"急性单核细胞/单核细胞白血病"
C9300,"急性单核细胞/单核细胞白血病，未达到缓解"
C9301,"急性单核细胞/单核细胞白血病，缓解期"
C9302,"急性单核细胞/单核细胞白血病，复发"
C931,"慢性粒单核细胞白血病"
C9310,"慢性粒单核细胞白血病未达到缓解"
C9311,"慢性粒单核细胞白血病，缓解期"
C9312,"慢性粒单核细胞白血病，复发"
C933,"幼年型粒单核细胞白血病"
C9330,"幼年型粒单核细胞白血病，未达到缓解"
C9331,"幼年型粒单核细胞白血病，处于缓解期"
C9332,"幼年型粒单核细胞白血病，复发"
C939,"单核细胞白血病，未指定"
C9390,"单核细胞白血病，未明确说明，未达到缓解"
C9391,"单核细胞白血病，缓解期未明确"
C9392,"单核细胞白血病，复发时未明确"
C93Z,"其他单核细胞白血病"
C93Z0,"其他单核细胞白血病，未达到缓解"
C93Z1,"其他单核细胞白血病，缓解期"
C93Z2,"其他单核细胞白血病，复发"
C94,"指定细胞类型的其他白血病"
C940,"急性红细胞白血病"
C9400,"急性红细胞白血病，未达到缓解"
C9401,"急性红细胞白血病，缓解期"
C9402,"急性红细胞白血病，复发"
C942,"急性巨核细胞白血病"
C9420,"未达到缓解的急性巨核细胞白血病"
C9421,"急性巨核细胞白血病，缓解期"
C9422,"急性巨核细胞白血病，复发"
C943,"肥大细胞白血病"
C9430,"肥大细胞白血病未达到缓解"
C9431,"肥大细胞白血病，缓解期"
C9432,"肥大细胞白血病，复发"
C944,"急性全骨髓菌病伴骨髓纤维化"
C9440,"急性全骨髓病伴骨髓纤维化未达到缓解"
C9441,"急性全骨髓增生伴骨髓纤维化，缓解期"
C9442,"急性全骨髓病伴骨髓纤维化，复发"
C946,"骨髓增生异常疾病，未在其他地方分类"
C948,"其他特定的白血病"
C9480,"其他未达到缓解的特定白血病"
C9481,"其他特定白血病，缓解期"
C9482,"其他特定白血病，复发"
C95,"未指定细胞类型的白血病"
C950,"未指定细胞类型的急性白血病"
C9500,"未指定细胞类型的急性白血病未达到缓解"
C9501,"未指定细胞类型的急性白血病，处于缓解期"
C9502,"未指定细胞类型的急性白血病，复发"
C951,"未指定细胞类型的慢性白血病"
C9510,"未指定细胞类型的慢性白血病未达到缓解"
C9511,"未指定细胞类型的慢性白血病，处于缓解期"
C9512,"未指定细胞类型的慢性白血病，复发"
C959,"白血病，未指定"
C9590,"白血病，未明确，未达到缓解"
C9591,"白血病，未指定，缓解期"
C9592,"白血病，未指定，复发"
C96,"淋巴、造血和相关组织的其他和未指定的恶性肿瘤"
C960,"多灶性和多系统（播散性）朗格汉斯细胞组织细胞增生症"
C962,"恶性肥大细胞肿瘤"
C9620,"恶性肥大细胞肿瘤，未指定"
C9621,"侵袭性系统性肥大细胞增多症"
C9622,"肥大细胞肉瘤"
C9629,"其他恶性肥大细胞肿瘤"
C964,"树突状细胞（辅助细胞）肉瘤"
C965,"多灶性和单系统朗格汉斯细胞组织细胞增多症"
C966,"单灶性朗格汉斯细胞组织细胞增多症"
C969,"淋巴、造血和相关组织的恶性肿瘤，未指定"
C96A,"组织细胞肉瘤"
C96Z,"淋巴、造血和相关组织的其他特定恶性肿瘤"
D00,"口腔、食道和胃原位癌"
D000,"唇、口腔和咽部原位癌"
D0000,"口腔原位癌，部位未指定"
D0001,"唇粘膜和朱红色缘原位癌"
D0002,"颊黏膜原位癌"
D0003,"牙龈和无牙颌牙槽嵴原位癌"
D0004,"软腭原位癌"
D0005,"硬腭原位癌"
D0006,"口底原位癌"
D0007,"舌原位癌"
D0008,"咽原位癌"
D001,"食管原位癌"
D002,"胃原位癌"
D01,"其他和未指明的消化器官原位癌"
D010,"结肠原位癌"
D011,"直肠乙状结肠交界处原位癌"
D012,"直肠原位癌"
D013,"肛门和肛管原位癌"
D014,"肠道其他部位和未指定部位的原位癌"
D0140,"未指定肠道部位的原位癌"
D0149,"肠道其他部位的原位癌"
D015,"肝、胆和胆管原位癌"
D017,"其他特定消化器官的原位癌"
D019,"消化器官原位癌，未指定"
D02,"中耳和呼吸系统原位癌"
D020,"喉原位癌"
D021,"气管原位癌"
D022,"支气管和肺原位癌"
D0220,"未指明的支气管和肺原位癌"
D0221,"右支气管和肺原位癌"
D0222,"左支气管和肺原位癌"
D023,"呼吸系统其他部位原位癌"
D024,"呼吸系统原位癌，未指定"
D03,"原位黑色素瘤"
D030,"唇原位黑色素瘤"
D031,"眼睑原位黑色素瘤，包括眦"
D0310,"未指定眼睑原位黑色素瘤，包括眦"
D0311,"右眼睑原位黑色素瘤，包括眦"
D03111,"右上眼睑原位黑色素瘤，包括眦"
D03112,"右下眼睑原位黑色素瘤，包括眦"
D0312,"左眼睑原位黑色素瘤，包括眦"
D03121,"左上眼睑原位黑色素瘤，包括眦"
D03122,"左下眼睑原位黑色素瘤，包括眦"
D032,"耳和耳外管原位黑色素瘤"
D0320,"未指明的耳和耳外管原位黑色素瘤"
D0321,"右耳和耳外管原位黑色素瘤"
D0322,"左耳和耳外管原位黑色素瘤"
D033,"面部其他和未指定部位的原位黑色素瘤"
D0330,"面部未指定部位的原位黑色素瘤"
D0339,"面部其他部位的原位黑色素瘤"
D034,"头皮和颈部原位黑色素瘤"
D035,"躯干原位黑色素瘤"
D0351,"肛门皮肤原位黑色素瘤"
D0352,"乳腺（皮肤）（软组织）原位黑色素瘤"
D0359,"躯干其他部分原位黑色素瘤"
D036,"上肢原位黑色素瘤，包括肩部"
D0360,"未指明的上肢原位黑色素瘤，包括肩部"
D0361,"右上肢原位黑色素瘤，包括肩部"
D0362,"左上肢原位黑色素瘤，包括肩部"
D037,"下肢原位黑色素瘤，包括髋关节"
D0370,"未指明的下肢原位黑色素瘤，包括髋关节"
D0371,"右下肢原位黑色素瘤，包括髋部"
D0372,"左下肢原位黑色素瘤，包括髋部"
D038,"其他部位的原位黑色素瘤"
D039,"原位黑色素瘤，未指定"
D04,"皮肤原位癌"
D040,"唇部皮肤原位癌"
D041,"眼睑皮肤原位癌，包括眦"
D0410,"未指定眼睑皮肤原位癌，包括眦"
D0411,"右眼睑皮肤原位癌，包括眦"
D04111,"右上眼睑皮肤原位癌，包括眦"
D04112,"右下眼睑皮肤原位癌，包括眦"
D0412,"左眼睑皮肤原位癌，包括眦"
D04121,"左上眼睑皮肤原位癌，包括眦"
D04122,"左下眼睑皮肤原位癌，包括眦"
D042,"耳部皮肤和耳外管原位癌"
D0420,"未指明的耳和耳外管皮肤原位癌"
D0421,"右耳和耳外管皮肤原位癌"
D0422,"左耳和耳外管皮肤原位癌"
D043,"面部其他部位和未指定部位的皮肤原位癌"
D0430,"面部未指定部位的皮肤原位癌"
D0439,"面部其他部位皮肤原位癌"
D044,"头皮和颈部皮肤原位癌"
D045,"躯干皮肤原位癌"
D046,"上肢皮肤原位癌，包括肩部"
D0460,"未指定的上肢皮肤原位癌，包括肩部"
D0461,"右上肢皮肤原位癌，包括肩部"
D0462,"左上肢皮肤原位癌，包括肩部"
D047,"下肢皮肤原位癌，包括髋关节"
D0470,"未指定的下肢皮肤原位癌，包括髋关节"
D0471,"右下肢皮肤原位癌，包括髋关节"
D0472,"左下肢皮肤原位癌，包括髋关节"
D048,"其他部位皮肤原位癌"
D049,"皮肤原位癌，未指定"
D05,"乳腺原位癌"
D050,"乳腺小叶原位癌"
D0500,"未指定乳腺的小叶原位癌"
D0501,"右乳小叶原位癌"
D0502,"左乳小叶原位癌"
D051,"乳腺导管内原位癌"
D0510,"未指定乳腺导管内原位癌"
D0511,"右乳导管内原位癌"
D0512,"左乳导管内原位癌"
D058,"其他特定类型的乳腺原位癌"
D0580,"其他特定类型的未指定乳腺原位癌"
D0581,"其他特定类型的右乳原位癌"
D0582,"其他特定类型的左乳原位癌"
D059,"未指定类型的乳腺原位癌"
D0590,"未指定乳腺原位癌的未指定类型"
D0591,"未指定类型的右乳原位癌"
D0592,"未指定类型的左乳原位癌"
D06,"宫颈原位癌"
D060,"宫颈内膜原位癌"
D061,"宫颈外原位癌"
D067,"宫颈其他部位原位癌"
D069,"宫颈原位癌，未指定"
D07,"其他和未指明的生殖器官原位癌"
D070,"子宫内膜原位癌"
D071,"外阴原位癌"
D072,"阴道原位癌"
D073,"其他和未指定女性生殖器官的原位癌"
D0730,"未指明的女性生殖器官原位癌"
D0739,"其他女性生殖器官原位癌"
D074,"阴茎原位癌"
D075,"前列腺原位癌"
D076,"其他和未指明的男性生殖器官原位癌"
D0760,"未指明的男性生殖器官原位癌"
D0761,"阴囊原位癌"
D0769,"其他男性生殖器官原位癌"
D09,"其他和未指定部位的原位癌"
D090,"膀胱原位癌"
D091,"其他和未指定的泌尿器官原位癌"
D0910,"未指明的泌尿器官原位癌"
D0919,"其他泌尿器官原位癌"
D092,"眼原位癌"
D0920,"未指定眼睛的原位癌"
D0921,"右眼原位癌"
D0922,"左眼原位癌"
D093,"甲状腺和其他内分泌腺原位癌"
D098,"其他指定部位的原位癌"
D099,"原位癌，未指定"
D10,"口腔和咽部的良性肿瘤"
D100,"唇部良性肿瘤"
D101,"舌良性肿瘤"
D102,"口底良性肿瘤"
D103,"口腔其他和未指定部位的良性肿瘤"
D1030,"口腔未指定部位的良性肿瘤"
D1039,"口腔其他部位的良性肿瘤"
D104,"扁桃体良性肿瘤"
D105,"口咽部其他部位的良性肿瘤"
D106,"鼻咽部良性肿瘤"
D107,"下咽部良性肿瘤"
D109,"咽部良性肿瘤，未明确"
D11,"主要唾液腺的良性肿瘤"
D110,"腮腺良性肿瘤"
D117,"其他主要唾液腺的良性肿瘤"
D119,"主要唾液腺的良性肿瘤，未指定"
D12,"结肠、直肠、肛门和肛管的良性肿瘤"
D120,"盲肠良性肿瘤"
D121,"阑尾良性肿瘤"
D122,"升结肠良性肿瘤"
D123,"横结肠良性肿瘤"
D124,"降结肠良性肿瘤"
D125,"乙状结肠良性肿瘤"
D126,"结肠良性肿瘤，未明确"
D127,"直肠乙状结肠交界处的良性肿瘤"
D128,"直肠良性肿瘤"
D129,"肛门和肛管良性肿瘤"
D13,"消化系统其他部分和定义不清的部分的良性肿瘤"
D130,"食管良性肿瘤"
D131,"胃良性肿瘤"
D132,"十二指肠良性肿瘤"
D133,"小肠其他和未指定部位的良性肿瘤"
D1330,"小肠未指定部位的良性肿瘤"
D1339,"小肠其他部位的良性肿瘤"
D134,"肝脏良性肿瘤"
D135,"肝外胆管良性肿瘤"
D136,"胰腺良性肿瘤"
D137,"内分泌胰腺良性肿瘤"
D139,"消化系统内位置不清的良性肿瘤"
D14,"中耳和呼吸系统良性肿瘤"
D140,"中耳、鼻腔和副鼻窦的良性肿瘤"
D141,"喉部良性肿瘤"
D142,"气管良性肿瘤"
D143,"支气管和肺的良性肿瘤"
D1430,"未指明的支气管和肺的良性肿瘤"
D1431,"右支气管和肺的良性肿瘤"
D1432,"左侧支气管和肺的良性肿瘤"
D144,"呼吸系统良性肿瘤，未明确"
D15,"其他未指明的胸腔内器官的良性肿瘤"
D150,"胸腺良性肿瘤"
D151,"心脏良性肿瘤"
D152,"纵隔良性肿瘤"
D157,"其他特定胸腔内器官的良性肿瘤"
D159,"胸内器官良性肿瘤，未明确"
D16,"骨和关节软骨的良性肿瘤"
D160,"肩胛骨和上肢长骨的良性肿瘤"
D1600,"肩胛骨良性肿瘤和未指明的上肢长骨"
D1601,"肩胛骨和右上肢长骨的良性肿瘤"
D1602,"肩胛骨和左上肢长骨的良性肿瘤"
D161,"上肢短骨良性肿瘤"
D1610,"未指明的上肢短骨的良性肿瘤"
D1611,"右上肢短骨的良性肿瘤"
D1612,"左上肢短骨良性肿瘤"
D162,"下肢长骨良性肿瘤"
D1620,"未指明的下肢长骨良性肿瘤"
D1621,"右下肢长骨良性肿瘤"
D1622,"左下肢长骨良性肿瘤"
D163,"下肢短骨的良性肿瘤"
D1630,"未指明的下肢短骨的良性肿瘤"
D1631,"右下肢短骨的良性肿瘤"
D1632,"左下肢短骨良性肿瘤"
D164,"颅骨和面部骨骼的良性肿瘤"
D165,"下颌骨良性肿瘤"
D166,"脊柱良性肿瘤"
D167,"肋骨、胸骨和锁骨的良性肿瘤"
D168,"盆腔骨、骶骨和尾骨的良性肿瘤"
D169,"骨和关节软骨的良性肿瘤，未明确"
D17,"良性脂肪瘤性肿瘤"
D170,"头部、面部和颈部皮肤和皮下组织的良性脂肪瘤性肿瘤"
D171,"皮肤和躯干皮下组织的良性脂肪瘤性肿瘤"
D172,"肢体皮肤和皮下组织的良性脂肪瘤性肿瘤"
D1720,"未指定肢体的皮肤和皮下组织的良性脂肪瘤性肿瘤"
D1721,"右臂皮肤和皮下组织的良性脂肪瘤性肿瘤"
D1722,"左臂皮肤和皮下组织的良性脂肪瘤性肿瘤"
D1723,"右腿皮肤和皮下组织的良性脂肪瘤性肿瘤"
D1724,"左腿皮肤和皮下组织的良性脂肪瘤性肿瘤"
D173,"其他和未指定部位的皮肤和皮下组织的良性脂肪瘤性肿瘤"
D1730,"未指定部位的皮肤和皮下组织的良性脂肪瘤性肿瘤"
D1739,"皮肤和其他部位皮下组织的良性脂肪瘤性肿瘤"
D174,"胸内器官的良性脂肪瘤性肿瘤"
D175,"腹腔内器官的良性脂肪瘤性肿瘤"
D176,"精索的良性脂肪瘤性肿瘤"
D177,"其他部位的良性脂肪瘤性肿瘤"
D1771,"肾脏良性脂肪瘤性肿瘤"
D1772,"其他泌尿生殖器官的良性脂肪瘤性肿瘤"
D1779,"其他部位的良性脂肪瘤性肿瘤"
D179,"良性脂肪瘤性肿瘤，未指定"
D18,"血管瘤和淋巴管瘤，任何部位"
D180,"血管瘤"
D1800,"血管瘤未指定部位"
D1801,"皮肤和皮下组织血管瘤"
D1802,"颅内结构血管瘤"
D1803,"腹腔内结构血管瘤"
D1809,"其他部位的血管瘤"
D181,"淋巴管瘤，任何部位"
D19,"间皮组织良性肿瘤"
D190,"胸膜间皮组织的良性肿瘤"
D191,"腹膜间皮组织的良性肿瘤"
D197,"其他部位间皮组织的良性肿瘤"
D199,"间皮组织良性肿瘤，未明确"
D20,"腹膜后和腹膜软组织的良性肿瘤"
D200,"腹膜后软组织良性肿瘤"
D201,"腹膜软组织良性肿瘤"
D21,"结缔组织和其他软组织的其他良性肿瘤"
D210,"头部、面部和颈部的结缔组织和其他软组织的良性肿瘤"
D211,"上肢结缔组织和其他软组织（包括肩部）的良性肿瘤"
D2110,"未指明的上肢（包括肩部）结缔组织和其他软组织的良性肿瘤"
D2111,"右上肢（包括肩部）结缔组织和其他软组织的良性肿瘤"
D2112,"左上肢（包括肩部）结缔组织和其他软组织的良性肿瘤"
D212,"下肢结缔组织和其他软组织（包括髋关节）的良性肿瘤"
D2120,"未指定下肢（包括髋关节）的结缔组织和其他软组织的良性肿瘤"
D2121,"右下肢（包括髋关节）结缔组织和其他软组织的良性肿瘤"
D2122,"左下肢结缔组织和其他软组织的良性肿瘤，包括髋关节"
D213,"胸部结缔组织和其他软组织的良性肿瘤"
D214,"腹部结缔组织和其他软组织的良性肿瘤"
D215,"盆腔结缔组织和其他软组织的良性肿瘤"
D216,"躯干结缔组织和其他软组织的良性肿瘤，未指定"
D219,"结缔组织和其他软组织的良性肿瘤，未指定"
D22,"黑色素细胞痣"
D220,"唇部黑色素细胞痣"
D221,"眼睑黑素细胞痣，包括眦"
D2210,"未指定眼睑的黑色素细胞痣，包括眦"
D2211,"右眼睑黑色素细胞痣，包括眦"
D22111,"右上眼睑黑素细胞痣，包括眦"
D22112,"右下眼睑黑色素细胞痣，包括眦"
D2212,"左眼睑黑色素细胞痣，包括眦"
D22121,"左上眼睑黑素细胞痣，包括眦"
D22122,"左下眼睑黑色素细胞痣，包括眦"
D222,"耳和耳外管的黑素细胞痣"
D2220,"未指明的耳和耳外管的黑素细胞痣"
D2221,"右耳和耳外管黑色素细胞痣"
D2222,"左耳和耳外管黑素细胞痣"
D223,"面部其他和未指定部位的黑素细胞痣"
D2230,"面部未指定部位的黑素细胞痣"
D2239,"面部其他部位的黑素细胞痣"
D224,"头皮和颈部黑色素细胞痣"
D225,"躯干黑素细胞痣"
D226,"上肢黑素细胞痣，包括肩部"
D2260,"未指明的上肢（包括肩部）的黑色素细胞痣"
D2261,"右上肢黑素细胞痣，包括肩部"
D2262,"左上肢黑素细胞痣，包括肩部"
D227,"下肢黑素细胞痣，包括髋部"
D2270,"未指明的下肢黑素细胞痣，包括髋关节"
D2271,"右下肢黑素细胞痣，包括髋部"
D2272,"左下肢黑素细胞痣，包括髋部"
D229,"黑色素细胞痣，未指定"
D23,"其他皮肤良性肿瘤"
D230,"唇部皮肤的其他良性肿瘤"
D231,"眼睑皮肤的其他良性肿瘤，包括眦"
D2310,"其他未指定眼睑皮肤的良性肿瘤，包括眦"
D2311,"右眼睑皮肤的其他良性肿瘤，包括眦"
D23111,"右上眼睑皮肤的其他良性肿瘤，包括眦"
D23112,"右下眼睑皮肤的其他良性肿瘤，包括眦"
D2312,"左眼睑皮肤的其他良性肿瘤，包括眦"
D23121,"左上眼睑皮肤的其他良性肿瘤，包括眦"
D23122,"左下眼睑皮肤的其他良性肿瘤，包括眦"
D232,"耳部皮肤和耳外管的其他良性肿瘤"
D2320,"其他未指明的耳和耳外管皮肤良性肿瘤"
D2321,"右耳和耳外管皮肤的其他良性肿瘤"
D2322,"左耳和耳外管皮肤的其他良性肿瘤"
D233,"面部其他部位和未指定部位皮肤的其他良性肿瘤"
D2330,"面部未指定部位皮肤的其他良性肿瘤"
D2339,"面部其他部位皮肤的其他良性肿瘤"
D234,"头皮和颈部皮肤的其他良性肿瘤"
D235,"躯干皮肤的其他良性肿瘤"
D236,"上肢皮肤的其他良性肿瘤，包括肩部"
D2360,"其他未指明的上肢皮肤良性肿瘤，包括肩部"
D2361,"右上肢皮肤的其他良性肿瘤，包括肩部"
D2362,"左上肢皮肤的其他良性肿瘤，包括肩部"
D237,"下肢皮肤的其他良性肿瘤，包括髋关节"
D2370,"其他未指定下肢皮肤的良性肿瘤，包括髋关节"
D2371,"右下肢皮肤的其他良性肿瘤，包括髋关节"
D2372,"左下肢皮肤的其他良性肿瘤，包括髋关节"
D239,"其他皮肤良性肿瘤，未指明"
D24,"乳腺良性肿瘤"
D241,"右乳良性肿瘤"
D242,"左乳良性肿瘤"
D249,"未指明的乳腺良性肿瘤"
D25,"子宫平滑肌瘤"
D250,"子宫粘膜下平滑肌瘤"
D251,"子宫壁内平滑肌瘤"
D252,"子宫浆膜下平滑肌瘤"
D259,"子宫平滑肌瘤，未指定"
D26,"子宫的其他良性肿瘤"
D260,"宫颈的其他良性肿瘤"
D261,"子宫体的其他良性肿瘤"
D267,"子宫其他部位的其他良性肿瘤"
D269,"其他子宫良性肿瘤，未指明"
D27,"卵巢良性肿瘤"
D270,"右侧卵巢良性肿瘤"
D271,"左卵巢良性肿瘤"
D279,"未指定卵巢的良性肿瘤"
D28,"其他未指明的女性生殖器官的良性肿瘤"
D280,"外阴良性肿瘤"
D281,"阴道良性肿瘤"
D282,"子宫管和韧带的良性肿瘤"
D287,"其他特定女性生殖器官的良性肿瘤"
D289,"女性生殖器官的良性肿瘤，未明确"
D29,"男性生殖器官的良性肿瘤"
D290,"阴茎良性肿瘤"
D291,"前列腺良性肿瘤"
D292,"睾丸良性肿瘤"
D2920,"未指定睾丸的良性肿瘤"
D2921,"右侧睾丸良性肿瘤"
D2922,"左侧睾丸良性肿瘤"
D293,"附睾良性肿瘤"
D2930,"未指明附睾的良性肿瘤"
D2931,"右侧附睾良性肿瘤"
D2932,"左侧附睾良性肿瘤"
D294,"阴囊良性肿瘤"
D298,"其他特定男性生殖器官的良性肿瘤"
D299,"男性生殖器官的良性肿瘤，未指定"
D30,"泌尿器官良性肿瘤"
D300,"肾脏良性肿瘤"
D3000,"未指定肾脏的良性肿瘤"
D3001,"右肾良性肿瘤"
D3002,"左肾良性肿瘤"
D301,"肾盂良性肿瘤"
D3010,"未指明的肾盂良性肿瘤"
D3011,"右肾盂良性肿瘤"
D3012,"左肾盂良性肿瘤"
D302,"输尿管良性肿瘤"
D3020,"未指明输尿管的良性肿瘤"
D3021,"右侧输尿管良性肿瘤"
D3022,"左输尿管良性肿瘤"
D303,"膀胱良性肿瘤"
D304,"尿道良性肿瘤"
D308,"其他特定泌尿器官的良性肿瘤"
D309,"泌尿器官良性肿瘤，未明确"
D31,"眼和附件良性肿瘤"
D310,"结膜良性肿瘤"
D3100,"未指明结膜的良性肿瘤"
D3101,"右侧结膜良性肿瘤"
D3102,"左结膜良性肿瘤"
D311,"角膜良性肿瘤"
D3110,"未指定角膜的良性肿瘤"
D3111,"右侧角膜良性肿瘤"
D3112,"左侧角膜良性肿瘤"
D312,"视网膜良性肿瘤"
D3120,"未指定视网膜的良性肿瘤"
D3121,"右视网膜良性肿瘤"
D3122,"左视网膜良性肿瘤"
D313,"脉络膜良性肿瘤"
D3130,"未分类脉络膜的良性肿瘤"
D3131,"右脉络膜良性肿瘤"
D3132,"左脉络膜良性肿瘤"
D314,"睫状体良性肿瘤"
D3140,"未指明睫状体的良性肿瘤"
D3141,"右睫状体良性肿瘤"
D3142,"左睫状体良性肿瘤"
D315,"泪腺和胰管的良性肿瘤"
D3150,"未指明的泪腺和胰管的良性肿瘤"
D3151,"右侧泪腺和胰管的良性肿瘤"
D3152,"左侧泪腺和导管的良性肿瘤"
D316,"眼眶部位不明的良性肿瘤"
D3160,"未指定眼眶部位的良性肿瘤"
D3161,"右眼眶部位不明部位的良性肿瘤"
D3162,"左眼眶部位不明部位的良性肿瘤"
D319,"眼中未指定部位的良性肿瘤"
D3190,"未指定眼中未指定部分的良性肿瘤"
D3191,"右眼未指定部位的良性肿瘤"
D3192,"左眼未指定部位的良性肿瘤"
D32,"脑膜良性肿瘤"
D320,"脑膜良性肿瘤"
D321,"脊髓脑膜良性肿瘤"
D329,"脑膜良性肿瘤，未明确"
D33,"大脑和中枢神经系统其他部位的良性肿瘤"
D330,"脑良性肿瘤，幕上"
D331,"脑良性肿瘤，幕下"
D332,"脑良性肿瘤，未明确"
D333,"颅神经良性肿瘤"
D334,"脊髓良性肿瘤"
D337,"中枢神经系统其他特定部位的良性肿瘤"
D339,"中枢神经系统良性肿瘤，未明确"
D34,"甲状腺良性肿瘤"
D35,"其他未指明的内分泌腺的良性肿瘤"
D350,"肾上腺良性肿瘤"
D3500,"未指定肾上腺的良性肿瘤"
D3501,"右肾上腺良性肿瘤"
D3502,"左肾上腺良性肿瘤"
D351,"甲状旁腺良性肿瘤"
D352,"垂体良性肿瘤"
D353,"颅咽管良性肿瘤"
D354,"松果体良性肿瘤"
D355,"颈动脉体良性肿瘤"
D356,"主动脉体和其他副神经节的良性肿瘤"
D357,"其他特定内分泌腺的良性肿瘤"
D359,"内分泌腺良性肿瘤，未明确"
D36,"其他和未指定部位的良性肿瘤"
D360,"淋巴结良性肿瘤"
D361,"周围神经和自主神经系统的良性肿瘤"
D3610,"周围神经和自主神经系统的良性肿瘤，未明确"
D3611,"周围神经和面部、头部和颈部自主神经系统的良性肿瘤"
D3612,"周围神经和自主神经系统、上肢（包括肩部）的良性肿瘤"
D3613,"周围神经和下肢自主神经系统（包括髋关节）的良性肿瘤"
D3614,"周围神经和胸部自主神经系统的良性肿瘤"
D3615,"周围神经和腹部自主神经系统的良性肿瘤"
D3616,"周围神经和盆腔自主神经系统的良性肿瘤"
D3617,"周围神经和躯干自主神经系统的良性肿瘤，未指定"
D367,"其他特定部位的良性肿瘤"
D369,"良性肿瘤，部位不明"
D37,"口腔和消化器官行为不确定的肿瘤"
D370,"唇、口腔和咽部行为不确定的肿瘤"
D3701,"嘴唇行为不确定的肿瘤"
D3702,"舌行为不明的肿瘤"
D3703,"主要唾液腺行为不确定的肿瘤"
D37030,"腮腺唾液腺行为不确定的肿瘤"
D37031,"舌下唾液腺行为不明的肿瘤"
D37032,"下颌下唾液腺行为不明的肿瘤"
D37039,"主要唾液腺行为不确定的肿瘤，未指定"
D3704,"小唾液腺行为不确定的肿瘤"
D3705,"咽部行为不确定的肿瘤"
D3709,"口腔其他特定部位行为不确定的肿瘤"
D371,"胃行为不确定的肿瘤"
D372,"小肠行为不明的肿瘤"
D373,"阑尾行为不确定的肿瘤"
D374,"结肠行为不确定的肿瘤"
D375,"直肠行为不明的肿瘤"
D376,"肝脏、胆囊和胆管行为不确定的肿瘤"
D378,"其他特定消化器官行为不确定的肿瘤"
D379,"消化器官行为不确定的肿瘤，未指定"
D38,"中耳和呼吸器官和胸腔内器官行为不明的肿瘤"
D380,"喉行为不明的肿瘤"
D381,"气管、支气管和肺行为不确定的肿瘤"
D382,"胸膜行为不明的肿瘤"
D383,"纵隔行为不确定的肿瘤"
D384,"胸腺行为不确定的肿瘤"
D385,"其他呼吸器官行为不确定的肿瘤"
D386,"呼吸器官行为不明的肿瘤，未指定"
D39,"女性生殖器官行为不明的肿瘤"
D390,"子宫行为不明的肿瘤"
D391,"卵巢行为不确定的肿瘤"
D3910,"未指定卵巢行为不确定的肿瘤"
D3911,"右侧卵巢行为不确定的肿瘤"
D3912,"左卵巢行为不确定的肿瘤"
D392,"胎盘行为不明的肿瘤"
D398,"其他特定女性生殖器官行为不确定的肿瘤"
D399,"女性生殖器官行为不确定的肿瘤，未指定"
D3A,"良性神经内分泌肿瘤"
D3A0,"良性类癌瘤"
D3A00,"部位不明的良性类癌瘤"
D3A01,"小肠良性类癌瘤"
D3A010,"十二指肠良性类癌瘤"
D3A011,"空肠良性类癌瘤"
D3A012,"回肠良性类癌瘤"
D3A019,"小肠良性类癌瘤，未指定部分"
D3A02,"阑尾、大肠和直肠的良性类癌瘤"
D3A020,"阑尾良性类癌瘤"
D3A021,"盲肠良性类癌瘤"
D3A022,"升结肠良性类癌瘤"
D3A023,"横结肠良性类癌瘤"
D3A024,"降结肠良性类癌瘤"
D3A025,"乙状结肠良性类癌瘤"
D3A026,"直肠良性类癌瘤"
D3A029,"大肠良性类癌瘤，未指定部分"
D3A09,"其他部位的良性类癌瘤"
D3A090,"支气管和肺的良性类癌瘤"
D3A091,"胸腺良性类癌瘤"
D3A092,"胃良性类癌瘤"
D3A093,"肾脏良性类癌瘤"
D3A094,"前肠良性类癌瘤，未明确"
D3A095,"中肠良性类癌瘤，未明确"
D3A096,"后肠良性类癌瘤，未明确"
D3A098,"其他部位的良性类癌瘤"
D3A8,"其他良性神经内分泌肿瘤"
D40,"男性生殖器官行为不明的肿瘤"
D400,"前列腺行为不确定的肿瘤"
D401,"睾丸行为不明的肿瘤"
D4010,"未指定睾丸行为不确定的肿瘤"
D4011,"右侧睾丸行为不确定的肿瘤"
D4012,"左睾丸行为不明的肿瘤"
D408,"其他特定男性生殖器官行为不确定的肿瘤"
D409,"男性生殖器官行为不确定的肿瘤，未指定"
D41,"泌尿器官行为不确定的肿瘤"
D410,"肾脏行为不确定的肿瘤"
D4100,"未指定肾脏行为不确定的肿瘤"
D4101,"右肾行为不确定的肿瘤"
D4102,"左肾行为不确定的肿瘤"
D411,"肾盂行为不明的肿瘤"
D4110,"未指定肾盂行为不确定的肿瘤"
D4111,"右肾盂行为不明的肿瘤"
D4112,"左肾盂行为不明的肿瘤"
D412,"输尿管行为不明的肿瘤"
D4120,"未指定输尿管行为不确定的肿瘤"
D4121,"右侧输尿管行为不明的肿瘤"
D4122,"左输尿管行为不明的肿瘤"
D413,"尿道行为不明的肿瘤"
D414,"膀胱行为不确定的肿瘤"
D418,"其他特定泌尿器官行为不确定的肿瘤"
D419,"未指定泌尿器官行为不确定的肿瘤"
D42,"脑膜行为不确定的肿瘤"
D420,"脑膜行为不明的肿瘤"
D421,"脊髓脑膜行为不确定的肿瘤"
D429,"脑膜行为不确定的肿瘤，未指定"
D43,"大脑和中枢神经系统行为不确定的肿瘤"
D430,"脑行为不确定的肿瘤，幕上"
D431,"脑行为不确定的肿瘤，幕下"
D432,"大脑行为不确定的肿瘤，未指定"
D433,"颅神经行为不明的肿瘤"
D434,"脊髓行为不确定的肿瘤"
D438,"中枢神经系统其他特定部位行为不确定的肿瘤"
D439,"中枢神经系统行为不确定的肿瘤，未指定"
D44,"内分泌腺行为不确定的肿瘤"
D440,"甲状腺行为不明的肿瘤"
D441,"肾上腺行为不确定的肿瘤"
D4410,"未指定肾上腺行为不确定的肿瘤"
D4411,"右侧肾上腺行为不明的肿瘤"
D4412,"左肾上腺行为不明的肿瘤"
D442,"甲状旁腺行为不确定的肿瘤"
D443,"垂体行为不明的肿瘤"
D444,"颅咽管行为不明的肿瘤"
D445,"松果体行为不明的肿瘤"
D446,"颈动脉体行为不确定的肿瘤"
D447,"主动脉体和其他副神经节行为不确定的肿瘤"
D449,"未指定内分泌腺行为不确定的肿瘤"
D45,"真性红细胞增多症"
D46,"骨髓增生异常综合征"
D460,"无环形铁粒幼红细胞的难治性贫血，如前所述"
D461,"难治性贫血伴环形铁粒幼红细胞"
D462,"难治性贫血伴原始细胞过多 [RAEB]"
D4620,"难治性贫血伴原始细胞过多，未指定"
D4621,"难治性贫血伴原始细胞过多 1"
D4622,"难治性贫血伴原始细胞过多 2"
D464,"难治性贫血，未指定"
D469,"骨髓增生异常综合征，未指定"
D46A,"难治性血细胞减少伴多系异型增生"
D46B,"难治性血细胞减少伴多系异型增生和环形铁粒幼红细胞"
D46C,"骨髓增生异常综合征伴孤立性 del（5q） 染色体异常"
D46Z,"其他骨髓增生异常综合征"
D47,"淋巴、造血和相关组织行为不明的其他肿瘤"
D470,"行为不确定的肥大细胞肿瘤"
D4701,"皮肤肥大细胞增多症"
D4702,"系统性肥大细胞增多症"
D4709,"其他行为不明的肥大细胞肿瘤"
D471,"慢性骨髓增生性疾病"
D472,"单克隆丙种球蛋白病"
D473,"原发性（出血性）血小板增多症"
D474,"骨髓纤维化"
D479,"淋巴、造血和相关组织行为不确定的肿瘤，未指定"
D47Z,"淋巴、造血和相关组织行为不确定的其他特定肿瘤"
D47Z1,"移植后淋巴组织增生性疾病 （PTLD）"
D47Z2,"Castleman 病"
D47Z9,"淋巴、造血和相关组织行为不确定的其他特定肿瘤"
D48,"其他和未指定部位行为不确定的肿瘤"
D480,"骨和关节软骨行为不确定的肿瘤"
D481,"结缔组织和其他软组织行为不确定的肿瘤"
D482,"周围神经和自主神经系统行为不确定的肿瘤"
D483,"腹膜后行为不明的肿瘤"
D484,"腹膜行为不确定的肿瘤"
D485,"皮肤行为不确定的肿瘤"
D486,"乳房行为不确定的肿瘤"
D4860,"未指定乳房行为不确定的肿瘤"
D4861,"右乳行为不明的肿瘤"
D4862,"左乳行为不确定的肿瘤"
D487,"其他指定部位行为不确定的肿瘤"
D489,"行为不确定的肿瘤，未指定"
D49,"行为不明的肿瘤"
D490,"消化系统行为不明的肿瘤"
D491,"呼吸系统行为不明的肿瘤"
D492,"骨骼、软组织和皮肤行为不明的肿瘤"
D493,"乳房行为不明的肿瘤"
D494,"膀胱行为不明的肿瘤"
D495,"其他泌尿生殖器官行为不明的肿瘤"
D4951,"肾脏行为不明的肿瘤"
D49511,"右肾行为不明的肿瘤"
D49512,"左肾行为不明的肿瘤"
D49519,"未指定肾脏的未指定行为的肿瘤"
D4959,"其他泌尿生殖器官行为不明的肿瘤"
D496,"脑行为不明的肿瘤"
D497,"内分泌腺和神经系统其他部位行为不明的肿瘤"
D498,"其他指定部位行为不明的肿瘤"
D4981,"视网膜和脉络膜行为不明的肿瘤"
D4989,"其他指定部位行为不明的肿瘤"
D499,"未指定部位的不明行为的肿瘤"
D50,"缺铁性贫血"
D500,"继发于失血的缺铁性贫血（慢性）"
D501,"侧粒状吞咽困难"
D508,"其他缺铁性贫血"
D509,"缺铁性贫血，未明确"
D51,"维生素 B12 缺乏性贫血"
D510,"维生素 B12 缺乏症内因子缺乏引起的贫血"
D511,"选择性维生素 B12 吸收不良伴蛋白尿引起的维生素 B12 缺乏性贫血"
D512,"转钴胺素 II 缺乏症"
D513,"其他膳食维生素 B12 缺乏性贫血"
D518,"其他维生素 B12 缺乏性贫血"
D519,"维生素 B12 缺乏性贫血，未指定"
D52,"叶酸缺乏性贫血"
D520,"膳食叶酸缺乏性贫血"
D521,"药物性叶酸缺乏性贫血"
D528,"其他叶酸缺乏性贫血"
D529,"叶酸缺乏性贫血，未指定"
D53,"其他营养性贫血"
D530,"蛋白质缺乏性贫血"
D531,"其他未分类的巨幼红细胞性贫血"
D532,"坏血性贫血"
D538,"其他特定的营养性贫血"
D539,"营养性贫血，未指定"
D55,"酶紊乱引起的贫血"
D550,"葡萄糖-6-磷酸脱氢酶 [G6PD] 缺乏引起的贫血"
D551,"其他谷胱甘肽代谢紊乱引起的贫血"
D552,"糖酵解酶紊乱引起的贫血"
D5521,"丙酮酸激酶缺乏症引起的贫血"
D5529,"其他糖酵解酶疾病引起的贫血"
D553,"核苷酸代谢紊乱引起的贫血"
D558,"酶紊乱引起的其他贫血"
D559,"酶紊乱引起的贫血，未指定"
D56,"地中海贫血"
D560,"α 地中海贫血"
D561,"β 地中海贫血"
D562,"δ-β 地中海贫血"
D563,"轻度地中海贫血"
D564,"胎儿血红蛋白的遗传性持久性 [HPFH]"
D565,"血红蛋白 E-β 地中海贫血"
D568,"其他地中海贫血"
D569,"地中海贫血，未指定"
D57,"镰状细胞病"
D570,"Hb-SS 疾病伴危象"
D5700,"Hb-SS 疾病危象，未特指"
D5701,"Hb-SS 病伴急性胸部综合征"
D5702,"Hb-SS 病伴脾隔离症"
D5703,"Hb-SS 病伴脑血管受累"
D5709,"Hb-SS 疾病伴危象伴有其他特定并发症"
D571,"无危象的镰状细胞病"
D572,"镰状细胞病/Hb-C 病"
D5720,"无危象的镰状细胞病/Hb-C 病"
D5721,"镰状细胞病/Hb-C 病伴危象"
D57211,"镰状细胞病/Hb-C 病伴急性胸部综合征"
D57212,"镰状细胞病/Hb-C 病伴脾隔离症"
D57213,"镰状细胞/Hb-C 病伴脑血管受累"
D57218,"伴有危象伴其他特定并发症的镰状细胞/Hb-C 疾病"
D57219,"伴危象的镰状细胞/Hb-C 病，未明确"
D573,"镰状细胞性状"
D574,"镰状细胞地中海贫血"
D5740,"无危象的镰状细胞地中海贫血"
D5741,"镰状细胞地中海贫血，未指定，伴有危危象"
D57411,"镰状细胞地中海贫血，未指定，伴有急性胸部综合征"
D57412,"镰状细胞地中海贫血，未明确，伴有脾隔离症"
D57413,"镰状细胞地中海贫血，未明确，伴有脑血管受累"
D57418,"镰状细胞地中海贫血，未明确，伴有危象伴其他特定并发症"
D57419,"镰状细胞地中海贫血，未指定，伴有危危象"
D5742,"镰状细胞地中海贫血 β 零，无危象"
D5743,"镰状细胞地中海贫血 β 零伴危象"
D57431,"镰状细胞地中海贫血 β 零伴急性胸部综合征"
D57432,"镰状细胞地中海贫血 β 零伴脾隔离"
D57433,"镰状细胞地中海贫血 β 为零伴脑血管受累"
D57438,"镰状细胞地中海贫血 β 为零伴危象伴其他特定并发症"
D57439,"镰状细胞地中海贫血 β 零伴危象，未指定"
D5744,"无危象的镰状细胞地中海贫血 β plus"
D5745,"镰状细胞地中海贫血 β plus 伴危象"
D57451,"镰状细胞地中海贫血 β plus 伴急性胸部综合征"
D57452,"镰状细胞地中海贫血 β plus 伴脾隔离症"
D57453,"镰状细胞地中海贫血 β plus 伴脑血管受累"
D57458,"镰状细胞地中海贫血 β 加危象伴其他特定并发症"
D57459,"镰状细胞地中海贫血 β plus 伴危象，未指定"
D578,"其他镰状细胞病"
D5780,"其他无危象的镰状细胞病"
D5781,"其他伴有危象的镰状细胞病"
D57811,"其他伴急性胸部综合征的镰状细胞病"
D57812,"其他伴有脾隔离症的镰状细胞病"
D57813,"其他伴有脑血管受累的镰状细胞病"
D57818,"其他伴有危象伴其他特定并发症的镰状细胞病"
D57819,"其他伴有危象的镰状细胞病，未明确"
D58,"其他遗传性溶血性贫血"
D580,"遗传性球形红细胞增多症"
D581,"遗传性椭圆红细胞增多症"
D582,"其他血红蛋白病"
D588,"其他特定的遗传性溶血性贫血"
D589,"遗传性溶血性贫血，未指定"
D59,"获得性溶血性贫血"
D590,"药物诱导的自身免疫性溶血性贫血"
D591,"其他自身免疫性溶血性贫血"
D5910,"自身免疫性溶血性贫血，未指定"
D5911,"温性自身免疫性溶血性贫血"
D5912,"寒冷性自身免疫性溶血性贫血"
D5913,"混合型自身免疫性溶血性贫血"
D5919,"其他自身免疫性溶血性贫血"
D592,"药物诱发的非自身免疫性溶血性贫血"
D593,"溶血性尿毒症综合征"
D5930,"溶血性尿毒症综合征，未指定"
D5931,"感染相关性溶血性尿毒症综合征"
D5932,"遗传性溶血性尿毒症综合征"
D5939,"其他溶血性尿毒症综合征"
D594,"其他非自身免疫性溶血性贫血"
D595,"阵发性睡眠性血红蛋白尿症 [Marchiafava-Micheli]"
D596,"其他外部原因引起的溶血引起的血红蛋白尿"
D598,"其他获得性溶血性贫血"
D599,"获得性溶血性贫血，未指定"
D60,"获得性纯红细胞再生障碍性贫血 [成红细胞减少症]"
D600,"慢性获得性纯红细胞再生障碍症"
D601,"短暂性获得性纯红细胞再生障碍"
D608,"其他获得性纯红细胞再生障碍性贫血"
D609,"获得性纯红细胞再生障碍性贫血，未指定"
D61,"其他再生障碍性贫血和其他骨髓衰竭综合征"
D610,"体质性再生障碍性贫血"
D6101,"体质性（纯性）红细胞再生障碍性"
D6109,"其他体质性再生障碍性贫血"
D611,"药物性再生障碍性贫血"
D612,"其他外部因素引起的再生障碍性贫血"
D613,"特发性再生障碍性贫血"
D618,"其他特定的再生障碍性贫血和其他骨髓衰竭综合征"
D6181,"全血细胞减少症"
D61810,"抗肿瘤化疗诱导的全血细胞减少症"
D61811,"其他药物诱导的全血细胞减少症"
D61818,"其他全血细胞减少症"
D6182,"骨髓炎"
D6189,"其他特定的再生障碍性贫血和其他骨髓衰竭综合征"
D619,"再生障碍性贫血，未指定"
D62,"急性出血后贫血"
D63,"其他分类的慢性病中的贫血"
D630,"肿瘤性疾病中的贫血"
D631,"慢性肾病贫血"
D638,"其他分类的其他慢性疾病中的贫血"
D64,"其他贫血"
D640,"遗传性铁粒幼细胞性贫血"
D641,"疾病引起的继发性铁粒幼细胞性贫血"
D642,"药物和毒素引起的继发性铁粒幼细胞性贫血"
D643,"其他铁粒幼细胞性贫血"
D644,"先天性红细胞生成障碍性贫血"
D648,"其他特定的贫血"
D6481,"抗肿瘤化疗引起的贫血"
D6489,"其他特定的贫血"
D649,"贫血，未指定"
D65,"弥散性血管内凝血 [除纤维综合征]"
D66,"遗传性因子 VIII 缺乏症"
D67,"遗传性因子 IX 缺乏症"
D68,"其他凝血功能障碍"
D680,"血管性血友病"
D6800,"血管性血友病，未指定"
D6801,"血管性血友病，1 型"
D6802,"血管性血友病，2 型"
D68020,"血管性血友病，2A 型"
D68021,"血管性血友病，2B 型"
D68022,"血管性血友病，2M 型"
D68023,"血管性血友病，2N 型"
D68029,"血管性血友病，2 型，未指定"
D6803,"血管性血友病，3 型"
D6804,"获得性血管性血友病"
D6809,"其他 血管性血友病"
D681,"遗传性因子 XI 缺乏症"
D682,"其他凝血因子的遗传性缺乏"
D683,"循环抗凝剂引起的出血性疾病"
D6831,"由内源性循环抗凝剂、抗体或抑制剂引起的出血性疾病"
D68311,"获得性血友病"
D68312,"抗磷脂抗体伴出血性疾病"
D68318,"由内源性循环抗凝剂、抗体或抑制剂引起的其他出血性疾病"
D6832,"外源性循环抗凝剂引起的出血性疾病"
D684,"获得性凝血因子缺乏症"
D685,"原发性易栓症"
D6851,"活化蛋白 C 抗性"
D6852,"凝血酶原基因突变"
D6859,"其他原发性易栓症"
D686,"其他易栓症"
D6861,"抗磷脂综合征"
D6862,"狼疮抗凝综合征"
D6869,"其他易栓症"
D688,"其他特定的凝血功能障碍"
D689,"凝血功能障碍，未指定"
D69,"紫癜和其他出血性疾病"
D690,"过敏性紫癜"
D691,"定性血小板缺陷"
D692,"其他非血小板减少性紫癜"
D693,"免疫性血小板减少性紫癜"
D694,"其他原发性血小板减少症"
D6941,"埃文斯综合征"
D6942,"先天性和遗传性血小板减少性紫癜"
D6949,"其他原发性血小板减少症"
D695,"继发性血小板减少症"
D6951,"输血后紫癜"
D6959,"其他继发性血小板减少症"
D696,"血小板减少症，未指定"
D698,"其他特定的出血性疾病"
D699,"出血性疾病，未指明"
D70,"中性粒细胞减少症"
D700,"先天性粒细胞缺乏症"
D701,"继发于癌症化疗的粒细胞缺乏症"
D702,"其他药物诱导的粒细胞缺乏症"
D703,"感染引起的中性粒细胞减少症"
D704,"周期性中性粒细胞减少症"
D708,"其他中性粒细胞减少症"
D709,"中性粒细胞减少症，未指定"
D71,"多形核中性粒细胞的功能障碍"
D72,"白细胞的其他疾病"
D720,"白细胞的遗传异常"
D721,"嗜酸性粒细胞增多症"
D7210,"嗜酸性粒细胞增多症，未指明"
D7211,"嗜酸性粒细胞增多综合征 [HES]"
D72110,"特发性嗜酸性粒细胞增多综合征 [IHES]"
D72111,"淋巴细胞变异型嗜酸性粒细胞增多综合征 [LHES]"
D72118,"其他嗜酸性粒细胞增多综合征"
D72119,"嗜酸性粒细胞增多综合征 [HES]，未指定"
D7212,"伴嗜酸性粒细胞增多和全身症状综合征的药疹"
D7218,"其他分类疾病中的嗜酸性粒细胞增多"
D7219,"其他嗜酸性粒细胞增多症"
D728,"其他特定的白细胞疾病"
D7281,"白细胞计数减少"
D72810,"淋巴细胞减少症"
D72818,"其他 白细胞计数减少"
D72819,"白细胞计数减少，未指定"
D7282,"白细胞计数升高"
D72820,"淋巴细胞增多症（有症状）"
D72821,"单核细胞增多症（有症状）"
D72822,"浆细胞增多症"
D72823,"类白血病反应"
D72824,"嗜碱性粒细胞癖"
D72825,"带状血症"
D72828,"其他白细胞计数升高"
D72829,"白细胞计数升高，未指定"
D7289,"其他特定的白细胞疾病"
D729,"白细胞疾病，未指定"
D73,"脾脏疾病"
D730,"脾功能减退"
D731,"脾 功能 亢进"
D732,"慢性充血性脾肿大"
D733,"脾脓肿"
D734,"脾囊肿"
D735,"脾梗死"
D738,"脾的其他疾病"
D7381,"中性粒细胞减少性脾肿大"
D7389,"脾的其他疾病"
D739,"脾脏疾病，未指明"
D74,"高铁血红蛋白血症"
D740,"先天性高铁血红蛋白血症"
D748,"其他高铁血红蛋白血症"
D749,"高铁血红蛋白血症，未指定"
D75,"血液和造血器官的其他和未指明的疾病"
D750,"家族性红细胞增多症"
D751,"继发性红细胞增多症"
D758,"其他特定的血液和造血器官疾病"
D7581,"骨髓纤维化"
D7582,"肝素诱导的血小板减少症 （HIT）"
D75821,"非免疫性肝素诱导的血小板减少症"
D75822,"免疫介导的肝素诱导的血小板减少症"
D75828,"其他肝素诱导的血小板减少综合征"
D75829,"肝素诱导的血小板减少症，未指定"
D7583,"血小板增多症"
D75838,"其他血小板增多症"
D75839,"血小板增多症，未指定"
D7584,"其他血小板活化抗 PF4 疾病"
D7589,"其他特定的血液和造血器官疾病"
D759,"血液和造血器官疾病，未明确"
D75A,"不伴贫血的葡萄糖-6-磷酸脱氢酶 （G6PD） 缺乏症"
D76,"其他参与淋巴网状和网织组织细胞组织的特定疾病"
D761,"噬血细胞性淋巴组织细胞增生症"
D762,"噬血细胞综合征，感染相关"
D763,"其他组织细胞增多症综合征"
D77,"其他分类疾病中的血液和造血器官疾病"
D78,"脾脏术中和术后并发症"
D780,"术中出血和脾脏血肿使手术复杂化"
D7801,"术中出血和脾脏血肿使脾脏手术复杂化"
D7802,"术中出血和脾血肿使其他手术复杂化"
D781,"手术过程中脾脏意外穿刺和撕裂伤"
D7811,"脾脏手术期间脾脏意外穿刺和撕裂伤"
D7812,"其他手术中意外穿刺和撕裂伤脾脏"
D782,"手术后脾脏出血"
D7821,"脾脏手术后的脾后出血"
D7822,"其他手术后的脾脏术后出血"
D783,"手术后脾脏血肿和血清肿"
D7831,"脾脏手术后的脾脏血肿"
D7832,"其他手术后脾脏血肿"
D7833,"脾脏手术后的脾脏术后血清肿"
D7834,"其他手术后的脾脏术后血清肿"
D788,"脾脏的其他术中和术后并发症"
D7881,"脾脏的其他术中并发症"
D7889,"脾脏的其他术后并发症"
D80,"以抗体缺陷为主的免疫缺陷"
D800,"遗传性低丙种球蛋白血症"
D801,"非家族性低丙种球蛋白血症"
D802,"免疫球蛋白 A 选择性缺陷 [IgA]"
D803,"免疫球蛋白 G [IgG] 亚类的选择性缺陷"
D804,"免疫球蛋白 M 选择性缺陷 [IgM]"
D805,"免疫球蛋白 M 升高的免疫缺陷 [IgM]"
D806,"抗体缺陷伴免疫球蛋白接近正常或伴有高免疫球蛋白血症"
D807,"婴儿一过性低丙种球蛋白血症"
D808,"其他以抗体缺陷为主的免疫缺陷"
D809,"以抗体缺陷为主的免疫缺陷，未明确"
D81,"联合免疫缺陷"
D810,"严重联合免疫缺陷病 [SCID] 伴网状发育不全"
D811,"T 细胞和 B 细胞数量低的严重联合免疫缺陷病 [SCID]"
D812,"B 细胞数量低或正常的严重联合免疫缺陷 [SCID]"
D813,"腺苷脱氨酶 [ADA] 缺乏症"
D8130,"腺苷脱氨酶缺乏症，未明确"
D8131,"腺苷脱氨酶缺乏症引起的严重联合免疫缺陷"
D8132,"腺苷脱氨酶 2 缺乏症"
D8139,"其他腺苷脱氨酶缺乏症"
D814,"内泽洛夫综合征"
D815,"嘌呤核苷磷酸化酶 [PNP] 缺乏症"
D816,"主要组织相容性复合体 I 类缺陷"
D817,"主要组织相容性复合体 II 类缺陷"
D818,"其他联合免疫缺陷"
D8181,"生物素依赖性羧化酶缺乏症"
D81810,"生物素酶缺乏症"
D81818,"其他生物素依赖性羧化酶缺乏症"
D81819,"生物素依赖性羧化酶缺乏症，未指定"
D8182,"活化磷酸肌醇 3-激酶 Delta 综合征 [APDS]"
D8189,"其他联合免疫缺陷"
D819,"联合免疫缺陷，未指定"
D82,"与其他主要缺陷相关的免疫缺陷"
D820,"Wiskott-Aldrich 综合征"
D821,"Di George 综合征"
D822,"免疫缺陷伴四肢矮小"
D823,"对 Epstein-Barr 病毒的遗传性反应缺陷后的免疫缺陷"
D824,"高免疫球蛋白 E [IgE] 综合征"
D828,"与其他特定主要缺陷相关的免疫缺陷"
D829,"与主要缺陷相关的免疫缺陷，未指定"
D83,"常见变异型免疫缺陷病"
D830,"普通变异型免疫缺陷病，以 B 细胞数量和功能异常为主"
D831,"以免疫调节性 T 细胞疾病为主的普通变异型免疫缺陷病"
D832,"具有 B 细胞或 T 细胞自身抗体的常见变异型免疫缺陷病"
D838,"其他常见的可变免疫缺陷"
D839,"常见变异型免疫缺陷病，未指定"
D84,"其他免疫缺陷"
D840,"淋巴细胞功能抗原-1 [LFA-1] 缺陷"
D841,"补体系统中的缺陷"
D848,"其他特定的免疫缺陷"
D8481,"由其他分类疾病引起的免疫缺陷"
D8482,"药物和外部原因引起的免疫缺陷"
D84821,"药物引起的免疫缺陷"
D84822,"外部原因引起的免疫缺陷"
D8489,"其他免疫缺陷"
D849,"免疫缺陷，未明确"
D86,"结 节 病"
D860,"肺结节病"
D861,"淋巴结结节病"
D862,"肺结节病伴淋巴结结节病"
D863,"皮肤结节病"
D868,"其他部位的结节病"
D8681,"结节样脑膜炎"
D8682,"结节病中的多发性颅神经麻痹"
D8683,"结节样虹膜睫状体炎"
D8684,"结节样肾盂肾炎"
D8685,"结节病心肌炎"
D8686,"结节病关节病"
D8687,"结节病肌炎"
D8689,"其他部位的结节病"
D869,"结节病，未指定"
D89,"其他涉及免疫机制的疾病，未在其他地方分类"
D890,"多克隆高丙种球蛋白血症"
D891,"冷球蛋白血症"
D892,"高丙种球蛋白血症，未指定"
D893,"免疫重建综合征"
D894,"肥大细胞活化综合征及相关疾病"
D8940,"肥大细胞活化，未指定"
D8941,"单克隆肥大细胞活化综合征"
D8942,"特发性肥大细胞活化综合征"
D8943,"次级肥大细胞活化"
D8944,"遗传性 α 色氨酸血症"
D8949,"其他肥大细胞活化障碍"
D898,"其他涉及免疫机制的特定疾病，未在其他地方分类"
D8981,"移植物抗宿主病"
D89810,"急性移植物抗宿主病"
D89811,"慢性移植物抗宿主病"
D89812,"慢性移植物抗宿主病急性"
D89813,"移植物抗宿主病，未指定"
D8982,"自身免疫性淋巴组织增生综合征 [ALPS]"
D8983,"细胞因子释放综合征"
D89831,"细胞因子释放综合征，1 级"
D89832,"细胞因子释放综合征，2 级"
D89833,"细胞因子释放综合征，3 级"
D89834,"细胞因子释放综合征，4 级"
D89835,"细胞因子释放综合征，5 级"
D89839,"细胞因子释放综合征，分级未定"
D8989,"其他涉及免疫机制的特定疾病，未在其他地方分类"
D899,"涉及免疫机制的疾病，未指定"
E00,"先天性碘缺乏综合征"
E000,"先天性缺碘综合征，神经系统型"
E001,"先天性缺碘综合征，粘液性水肿型"
E002,"先天性碘缺乏综合征，混合型"
E009,"先天性碘缺乏综合征，未明确"
E01,"碘缺乏相关的甲状腺疾病和相关疾病"
E010,"碘缺乏相关的弥漫性（地方性）甲状腺肿"
E011,"碘缺乏相关多结节性（地方性）甲状腺肿"
E012,"碘缺乏相关（地方性）甲状腺肿，未指定"
E018,"其他与碘缺乏相关的甲状腺疾病和相关疾病"
E02,"亚临床碘缺乏性甲状腺功能减退症"
E03,"其他甲状腺功能减退症"
E030,"先天性甲状腺功能减退伴弥漫性甲状腺肿"
E031,"无甲状腺肿的先天性甲状腺功能减退症"
E032,"药物和其他外源性物质引起的甲状腺功能减退症"
E033,"感染后甲状腺功能减退症"
E034,"甲状腺萎缩（获得性）"
E035,"粘液性水肿昏迷"
E038,"其他特定的甲状腺功能减退症"
E039,"甲状腺功能减退症，未指定"
E04,"其他无毒甲状腺肿"
E040,"无毒弥漫性甲状腺肿"
E041,"无毒的单个甲状腺结节"
E042,"无毒多结节性甲状腺肿"
E048,"其他指定的非毒性甲状腺肿"
E049,"非毒性甲状腺肿，未指定"
E05,"甲状腺毒症 [甲状腺功能亢进症]"
E050,"甲状腺毒症伴弥漫性甲状腺肿"
E0500,"甲状腺毒症伴弥漫性甲状腺肿，无甲状腺毒症危象或危象"
E0501,"甲状腺毒症伴弥漫性甲状腺肿，伴有甲状腺毒症危象或危象"
E051,"甲状腺毒症伴毒性单个甲状腺结节"
E0510,"甲状腺毒症伴毒性单个甲状腺结节，无甲状腺毒症危象或风暴"
E0511,"甲状腺毒症伴毒性单甲状腺结节伴甲状腺毒症危象或风暴"
E052,"甲状腺毒症伴毒性多结节性甲状腺肿"
E0520,"甲状腺毒症伴毒性多结节性甲状腺肿，无甲状腺毒症危象或风暴"
E0521,"甲状腺毒症伴毒性多结节性甲状腺肿，伴有甲状腺毒性危象或风暴"
E053,"异位甲状腺组织引起的甲状腺毒症"
E0530,"异位甲状腺组织引起的甲状腺毒症，无甲状腺毒症危象或危象"
E0531,"异位甲状腺组织引起的甲状腺毒症伴甲状腺毒性危象或风暴"
E054,"人为甲状腺毒症"
E0540,"人为甲状腺毒症，无甲状腺毒症危象或风暴"
E0541,"人为甲状腺毒症伴甲状腺毒症危象或风暴"
E058,"其他 甲状腺毒症"
E0580,"其他 甲状腺毒症 无甲状腺毒症危象或危象"
E0581,"其他甲状腺毒症伴甲状腺毒症危象或风暴"
E059,"甲状腺毒症，未明确"
E0590,"甲状腺毒症，未明确，无甲状腺毒症危象或风暴"
E0591,"甲状腺毒症，未明确伴有甲状腺毒症危象或风暴"
E06,"甲状腺炎"
E060,"急性甲状腺炎"
E061,"亚急性甲状腺炎"
E062,"慢性甲状腺炎伴短暂性甲状腺毒症"
E063,"自身免疫性甲状腺炎"
E064,"药物性甲状腺炎"
E065,"其他 慢性甲状腺炎"
E069,"甲状腺炎，未指定"
E07,"甲状腺的其他疾病"
E070,"降钙素分泌过多"
E071,"激素发育不良甲状腺肿"
E078,"其他特定的甲状腺疾病"
E0781,"Sick-ethyroid 综合征"
E0789,"其他特定的甲状腺疾病"
E079,"甲状腺疾病，未指明"
E08,"基础疾病引起的糖尿病"
E080,"由高渗性基础疾病引起的糖尿病"
E0800,"由于高渗性基础疾病引起的糖尿病，无非酮症高血糖高渗昏迷 （NKHHC）"
E0801,"由基础疾病引起的糖尿病伴高渗性昏迷"
E081,"酮症酸中毒基础疾病引起的糖尿病"
E0810,"由潜在疾病引起的糖尿病伴酮症酸中毒，但无昏迷"
E0811,"基础疾病引起的糖尿病伴酮症酸中毒伴昏迷"
E082,"由基础疾病引起的糖尿病伴肾脏并发症"
E0821,"糖尿病肾病基础疾病引起的糖尿病"
E0822,"糖尿病慢性肾病基础疾病引起的糖尿病"
E0829,"由于潜在疾病伴有其他糖尿病肾并发症而引起的糖尿病"
E083,"由于潜在疾病引起的糖尿病伴眼科并发症"
E0831,"由基础疾病引起的糖尿病，伴有未指明的糖尿病视网膜病变"
E08311,"由潜在疾病引起的糖尿病，伴有未指明的糖尿病视网膜病变伴黄斑水肿"
E08319,"由潜在疾病引起的糖尿病，伴有未指明的糖尿病视网膜病变，无黄斑水肿"
E0832,"由轻度非增殖性糖尿病视网膜病变的潜在疾病引起的糖尿病"
E08321,"由基础疾病引起的糖尿病，伴有轻度非增殖性糖尿病视网膜病变伴黄斑水肿"
E083211,"由轻度非增殖性糖尿病视网膜病变伴黄斑水肿、右眼的潜在疾病引起的糖尿病"
E083212,"基础疾病引起的糖尿病，伴有轻度非增殖性糖尿病视网膜病变伴黄斑水肿，左眼"
E083213,"由基础疾病引起的糖尿病，伴有轻度非增殖性糖尿病视网膜病变伴黄斑水肿，双侧"
E083219,"由基础疾病引起的糖尿病，伴有轻度非增殖性糖尿病视网膜病变伴黄斑水肿，未指明的眼睛"
E08329,"由基础疾病引起的糖尿病，伴有轻度非增殖性糖尿病视网膜病变，无黄斑水肿"
E083291,"由基础疾病引起的糖尿病，伴有轻度非增殖性糖尿病视网膜病变，无黄斑水肿，右眼"
E083292,"基础疾病引起的糖尿病，伴有轻度非增殖性糖尿病视网膜病变，无黄斑水肿，左眼"
E083293,"由基础疾病引起的糖尿病，伴有轻度非增殖性糖尿病视网膜病变，无黄斑水肿，双侧"
E083299,"由基础疾病引起的糖尿病，伴有轻度非增殖性糖尿病视网膜病变，无黄斑水肿，眼睛不明"
E0833,"由基础疾病引起的糖尿病伴中度非增殖性糖尿病视网膜病变"
E08331,"由潜在疾病引起的糖尿病伴中度非增殖性糖尿病视网膜病变伴黄斑水肿"
E083311,"由基础疾病引起的糖尿病，伴有中度非增殖性糖尿病视网膜病变伴黄斑水肿、右眼"
E083312,"基础疾病引起的糖尿病，伴有中度非增殖性糖尿病视网膜病变伴黄斑水肿，左眼"
E083313,"由基础疾病引起的糖尿病伴中度非增殖性糖尿病视网膜病变伴黄斑水肿，双侧"
E083319,"由潜在疾病引起的糖尿病，伴有中度非增殖性糖尿病视网膜病变伴黄斑水肿，未指明的眼睛"
E08339,"由潜在疾病引起的糖尿病，伴有中度非增殖性糖尿病视网膜病变，无黄斑水肿"
E083391,"由基础疾病引起的糖尿病，伴有中度非增殖性糖尿病视网膜病变，无黄斑水肿，右眼"
E083392,"由基础疾病引起的糖尿病，伴有中度非增殖性糖尿病视网膜病变，无黄斑水肿，左眼"
E083393,"由于潜在疾病引起的糖尿病，伴有中度非增殖性糖尿病视网膜病变，无黄斑水肿，双侧"
E083399,"由潜在疾病引起的糖尿病，伴有中度非增殖性糖尿病视网膜病变，无黄斑水肿，未指明的眼睛"
E0834,"由严重非增殖性糖尿病视网膜病变的基础疾病引起的糖尿病"
E08341,"由严重非增殖性糖尿病视网膜病变伴黄斑水肿的潜在疾病引起的糖尿病"
E083411,"由严重非增殖性糖尿病视网膜病变伴黄斑水肿、右眼的潜在疾病引起的糖尿病"
E083412,"由于基础疾病引起的糖尿病，伴有严重的非增殖性糖尿病视网膜病变伴黄斑水肿，左眼"
E083413,"由于严重非增殖性糖尿病视网膜病变伴黄斑水肿的潜在疾病引起的糖尿病，双侧"
E083419,"由于严重非增殖性糖尿病视网膜病变伴黄斑水肿的潜在疾病引起的糖尿病，未指明的眼睛"
E08349,"由基础疾病引起的糖尿病，伴有无黄斑水肿的严重非增殖性糖尿病视网膜病变"
E083491,"由于基础疾病引起的糖尿病，伴有严重的非增殖性糖尿病视网膜病变，无黄斑水肿，右眼"
E083492,"基础疾病引起的糖尿病，伴有严重的非增殖性糖尿病视网膜病变，无黄斑水肿，左眼"
E083493,"由于基础疾病引起的糖尿病，伴有严重的非增殖性糖尿病视网膜病变，无黄斑水肿，双侧"
E083499,"由基础疾病引起的糖尿病，伴有严重的非增殖性糖尿病视网膜病变，无黄斑水肿，未指明的眼睛"
E0835,"由基础疾病引起的糖尿病伴增殖性糖尿病视网膜病变"
E08351,"基础疾病引起的糖尿病伴增殖性糖尿病视网膜病变伴黄斑水肿"
E083511,"基础疾病引起的糖尿病，伴有增殖性糖尿病视网膜病变伴黄斑水肿，右眼"
E083512,"基础疾病引起的糖尿病，伴有增殖性糖尿病视网膜病变伴黄斑水肿，左眼"
E083513,"由于潜在疾病引起的糖尿病伴增殖性糖尿病视网膜病变伴黄斑水肿，双侧"
E083519,"基础疾病引起的糖尿病，伴有增殖性糖尿病视网膜病变伴黄斑水肿，未指明的眼睛"
E08352,"基础疾病引起的糖尿病，伴有增殖性糖尿病视网膜病变伴牵拉性视网膜脱离，累及黄斑"
E083521,"糖尿病由潜在疾病引起的糖尿病，伴有增殖性糖尿病视网膜病变伴牵拉性视网膜脱离，累及黄斑、右眼"
E083522,"由潜在疾病引起的糖尿病，伴有增殖性糖尿病视网膜病变伴牵拉性视网膜脱离，累及黄斑、左眼"
E083523,"基础疾病引起的糖尿病，伴有增生性糖尿病视网膜病变伴牵拉性视网膜脱离累及黄斑，双侧"
E083529,"糖尿病由潜在疾病引起的糖尿病，伴有增殖性糖尿病视网膜病变伴牵拉性视网膜脱离，累及黄斑，未指明的眼睛"
E08353,"由潜在疾病引起的糖尿病，伴有增殖性糖尿病视网膜病变伴牵拉性视网膜脱离，不累及黄斑"
E083531,"由潜在疾病引起的糖尿病，伴有增殖性糖尿病视网膜病变伴牵拉性视网膜脱离，不累及黄斑，右眼"
E083532,"基础疾病引起的糖尿病，伴有增生性糖尿病视网膜病变，伴有牵拉性视网膜脱离，不累及黄斑，左眼"
E083533,"由于潜在疾病引起的糖尿病，伴有增生性糖尿病视网膜病变伴牵拉性视网膜脱离，不累及黄斑，双侧"
E083539,"由潜在疾病引起的糖尿病，伴有增殖性糖尿病视网膜病变伴牵拉性视网膜脱离，不涉及黄斑，未指定的眼睛"
E08354,"基础疾病引起的糖尿病，伴有联合牵引性视网膜脱离和孔源性视网膜脱离的增生性糖尿病视网膜病变"
E083541,"基础疾病引起的糖尿病，伴有增生性糖尿病视网膜病变，伴有牵引性视网膜脱离和孔源性视网膜脱离，右眼"
E083542,"基础疾病引起的糖尿病，伴有增生性糖尿病视网膜病变，伴有牵引性视网膜脱离和孔源性视网膜脱离，左眼"
E083543,"基础疾病引起的糖尿病，伴有双侧牵引性视网膜脱离和孔源性视网膜脱离的增生性糖尿病视网膜病变"
E083549,"基础疾病引起的糖尿病，伴有增生性糖尿病视网膜病变，伴有牵引性视网膜脱离和孔源性视网膜脱离，眼项不明"
E08355,"由于基础疾病引起的糖尿病伴有稳定的增殖性糖尿病视网膜病变"
E083551,"由于基础疾病引起的糖尿病，伴有稳定的增殖性糖尿病视网膜病变，右眼"
E083552,"基础疾病引起的糖尿病，伴有稳定的增殖性糖尿病视网膜病变，左眼"
E083553,"由于基础疾病引起的糖尿病伴有稳定的增殖性糖尿病视网膜病变，双侧"
E083559,"由于基础疾病引起的糖尿病，伴有稳定的增殖性糖尿病视网膜病变，未指明的眼睛"
E08359,"基础疾病引起的糖尿病，伴有增殖性糖尿病视网膜病变，无黄斑水肿"
E083591,"基础疾病引起的糖尿病，伴有增殖性糖尿病视网膜病变，无黄斑水肿，右眼"
E083592,"基础疾病引起的糖尿病，伴有增殖性糖尿病视网膜病变，无黄斑水肿，左眼"
E083593,"由于基础疾病引起的糖尿病，伴有增殖性糖尿病视网膜病变，无黄斑水肿，双侧"
E083599,"基础疾病引起的糖尿病，伴有增殖性糖尿病视网膜病变，无黄斑水肿，未指明的眼睛"
E0836,"糖尿病白内障潜在疾病引起的糖尿病"
E0837,"糖尿病性黄斑水肿基础病引起的糖尿病，治疗后消退"
E0837X1,"糖尿病性黄斑水肿基础病引起的糖尿病，治疗后消退，右眼"
E0837X2,"糖尿病性黄斑水肿基础病引起的糖尿病，治疗后消退，左眼"
E0837X3,"糖尿病性黄斑水肿基础病引起的糖尿病，治疗后消退，双侧"
E0837X9,"糖尿病性黄斑水肿基础病引起的糖尿病，治疗后消退，眼球不明"
E0839,"由于潜在疾病伴有其他糖尿病眼科并发症而引起的糖尿病"
E084,"由于潜在疾病伴有神经系统并发症而引起的糖尿病"
E0840,"糖尿病神经病变潜在疾病引起的糖尿病，未指定"
E0841,"糖尿病单神经病基础病引起的糖尿病"
E0842,"糖尿病性多发性神经病的基础疾病引起的糖尿病"
E0843,"糖尿病自主神经（多发性）神经病变由潜在疾病引起的糖尿病"
E0844,"糖尿病肌萎缩基础病引起的糖尿病"
E0849,"由于潜在疾病伴有其他糖尿病神经系统并发症而引起的糖尿病"
E085,"由潜在疾病引起的糖尿病伴循环系统并发症"
E0851,"由于基础疾病引起的糖尿病外周血管病，无坏疽"
E0852,"糖尿病外周血管病伴坏疽的基础疾病引起的糖尿病"
E0859,"由于基础疾病伴有其他循环系统并发症而引起的糖尿病"
E086,"由于潜在疾病伴有其他特定并发症而引起的糖尿病"
E0861,"糖尿病关节病基础疾病引起的糖尿病"
E08610,"糖尿病神经性关节病基础疾病引起的糖尿病"
E08618,"由于其他糖尿病关节病的潜在疾病引起的糖尿病"
E0862,"由潜在疾病引起的糖尿病伴皮肤并发症"
E08620,"糖尿病皮炎基础疾病引起的糖尿病"
E08621,"足部溃疡基础疾病引起的糖尿病"
E08622,"由于潜在疾病伴有其他皮肤溃疡而引起的糖尿病"
E08628,"由于基础疾病伴有其他皮肤并发症而引起的糖尿病"
E0863,"由于潜在疾病引起的糖尿病伴口腔并发症"
E08630,"牙周病基础疾病引起的糖尿病"
E08638,"由于潜在疾病伴有其他口腔并发症而引起的糖尿病"
E0864,"低血糖基础疾病引起的糖尿病"
E08641,"潜在疾病引起的糖尿病伴低血糖伴昏迷"
E08649,"由于潜在疾病引起的糖尿病伴低血糖但无昏迷"
E0865,"高血糖基础疾病引起的糖尿病"
E0869,"由于潜在疾病伴有其他特定并发症而引起的糖尿病"
E088,"由潜在疾病引起的糖尿病伴未指明的并发症"
E089,"无并发症的潜在疾病引起的糖尿病"
E09,"药物或化学诱发的糖尿病"
E090,"药物或化学诱发的高渗性糖尿病"
E0900,"药物或化学诱导的高渗性糖尿病，无非酮症高血糖高渗性昏迷 （NKHHC）"
E0901,"药物或化学诱发的糖尿病伴高渗性昏迷"
E091,"药物或化学诱发的糖尿病伴酮症酸中毒"
E0910,"药物或化学诱发的糖尿病伴酮症酸中毒，无昏迷"
E0911,"药物或化学诱发的糖尿病伴酮症酸中毒伴昏迷"
E092,"药物或化学诱发的糖尿病伴肾脏并发症"
E0921,"药物或化学诱发的糖尿病伴糖尿病肾病"
E0922,"药物或化学诱发的糖尿病伴糖尿病慢性肾病"
E0929,"药物或化学诱发的糖尿病伴有其他糖尿病肾并发症"
E093,"药物或化学诱发的糖尿病伴有眼科并发症"
E0931,"药物或化学诱发的糖尿病伴未指明的糖尿病视网膜病变"
E09311,"药物或化学诱发的糖尿病伴未指明的糖尿病视网膜病变伴黄斑水肿"
E09319,"药物或化学诱发的糖尿病伴未分类的糖尿病视网膜病变，无黄斑水肿"
E0932,"药物或化学诱发的糖尿病伴轻度非增殖性糖尿病视网膜病变"
E09321,"药物或化学诱发的糖尿病伴轻度非增殖性糖尿病视网膜病变伴黄斑水肿"
E093211,"药物或化学诱发的糖尿病伴轻度非增殖性糖尿病视网膜病变伴黄斑水肿、右眼"
E093212,"药物或化学诱发的糖尿病伴轻度非增殖性糖尿病视网膜病变伴黄斑水肿，左眼"
E093213,"药物或化学诱发的糖尿病伴轻度非增殖性糖尿病视网膜病变伴黄斑水肿，双侧"
E093219,"药物或化学诱发的糖尿病伴轻度非增殖性糖尿病视网膜病变伴黄斑水肿，未指明的眼睛"
E09329,"药物或化学诱发的糖尿病伴有轻度非增殖性糖尿病视网膜病变，无黄斑水肿"
E093291,"药物或化学诱发的糖尿病伴有轻度非增殖性糖尿病视网膜病变，无黄斑水肿，右眼"
E093292,"药物或化学诱发的糖尿病伴轻度非增殖性糖尿病视网膜病变，无黄斑水肿，左眼"
E093293,"药物或化学诱发的糖尿病伴有轻度非增殖性糖尿病视网膜病变，无黄斑水肿，双侧"
E093299,"药物或化学诱发的糖尿病伴有轻度非增殖性糖尿病视网膜病变，无黄斑水肿，眼球不明"
E0933,"药物或化学诱发的糖尿病伴中度非增殖性糖尿病视网膜病变"
E09331,"药物或化学诱发的糖尿病伴中度非增殖性糖尿病视网膜病变伴黄斑水肿"
E093311,"药物或化学诱发的糖尿病伴中度非增殖性糖尿病视网膜病变伴黄斑水肿，右眼"
E093312,"药物或化学诱发的糖尿病伴中度非增殖性糖尿病视网膜病变伴黄斑水肿，左眼"
E093313,"药物或化学诱发的糖尿病伴中度非增殖性糖尿病视网膜病变伴黄斑水肿，双侧"
E093319,"药物或化学诱发的糖尿病伴中度非增殖性糖尿病视网膜病变伴黄斑水肿，未指明的眼睛"
E09339,"药物或化学诱发的糖尿病伴有中度非增殖性糖尿病视网膜病变，无黄斑水肿"
E093391,"药物或化学诱发的糖尿病伴有中度非增殖性糖尿病视网膜病变，无黄斑水肿，右眼"
E093392,"药物或化学诱发的糖尿病，伴有中度非增殖性糖尿病视网膜病变，无黄斑水肿，左眼"
E093393,"药物或化学诱发的糖尿病伴有中度非增殖性糖尿病视网膜病变，无黄斑水肿，双侧"
E093399,"药物或化学诱发的糖尿病伴有中度非增殖性糖尿病视网膜病变，无黄斑水肿，眼睛不明"
E0934,"药物或化学诱发的糖尿病伴严重的非增殖性糖尿病视网膜病变"
E09341,"药物或化学诱发的糖尿病伴严重的非增殖性糖尿病视网膜病变伴黄斑水肿"
E093411,"药物或化学诱发的糖尿病伴严重的非增殖性糖尿病视网膜病变伴黄斑水肿，右眼"
E093412,"药物或化学诱发的糖尿病伴严重的非增殖性糖尿病视网膜病变伴黄斑水肿，左眼"
E093413,"药物或化学诱发的糖尿病伴严重的非增殖性糖尿病视网膜病变伴黄斑水肿，双侧"
E093419,"药物或化学诱发的糖尿病伴严重的非增殖性糖尿病视网膜病变伴黄斑水肿，未指明的眼睛"
E09349,"药物或化学诱发的糖尿病伴有严重的非增殖性糖尿病视网膜病变，无黄斑水肿"
E093491,"药物或化学诱发的糖尿病伴严重的非增殖性糖尿病视网膜病变，无黄斑水肿，右眼"
E093492,"药物或化学诱发的糖尿病伴有严重的非增殖性糖尿病视网膜病变，无黄斑水肿，左眼"
E093493,"药物或化学诱发的糖尿病伴有严重的非增殖性糖尿病视网膜病变，无黄斑水肿，双侧"
E093499,"药物或化学诱发的糖尿病伴有严重的非增殖性糖尿病视网膜病变，无黄斑水肿，未指明的眼睛"
E0935,"药物或化学诱发的糖尿病伴增殖性糖尿病视网膜病变"
E09351,"药物或化学诱发的糖尿病伴增殖性糖尿病视网膜病变伴黄斑水肿"
E093511,"药物或化学诱发的糖尿病伴增殖性糖尿病视网膜病变伴黄斑水肿，右眼"
E093512,"药物或化学诱发的糖尿病伴增殖性糖尿病视网膜病变伴黄斑水肿，左眼"
E093513,"药物或化学诱发的糖尿病伴增殖性糖尿病视网膜病变伴黄斑水肿，双侧"
E093519,"药物或化学诱发的糖尿病伴增殖性糖尿病视网膜病变伴黄斑水肿，未指明的眼睛"
E09352,"药物或化学诱发的糖尿病伴增殖性糖尿病视网膜病变伴牵拉性视网膜脱离累及黄斑"
E093521,"药物或化学诱发的糖尿病伴增殖性糖尿病视网膜病变伴牵拉性视网膜脱离，累及黄斑、右眼"
E093522,"药物或化学诱发的糖尿病伴增殖性糖尿病视网膜病变伴牵拉性视网膜脱离，累及黄斑、左眼"
E093523,"药物或化学诱发的糖尿病伴增殖性糖尿病视网膜病变伴牵拉性视网膜脱离累及黄斑，双侧"
E093529,"药物或化学诱发的糖尿病伴增殖性糖尿病视网膜病变伴牵拉性视网膜脱离累及黄斑，未指明的眼睛"
E09353,"药物或化学诱发的糖尿病伴增殖性糖尿病视网膜病变伴牵拉性视网膜脱离不累及黄斑"
E093531,"药物或化学诱发的糖尿病伴增殖性糖尿病视网膜病变伴牵拉性视网膜脱离不涉及黄斑、右眼"
E093532,"药物或化学诱发的糖尿病伴增殖性糖尿病视网膜病变伴牵拉性视网膜脱离，不累及黄斑，左眼"
E093533,"药物或化学诱发的糖尿病伴增殖性糖尿病视网膜病变伴牵拉性视网膜脱离不累及黄斑，双侧"
E093539,"药物或化学诱发的糖尿病伴增殖性糖尿病视网膜病变伴牵拉性视网膜脱离不累及黄斑，未指明的眼睛"
E09354,"药物或化学诱发的糖尿病伴增殖性糖尿病视网膜病变伴联合牵引性视网膜脱离和孔源性视网膜脱离"
E093541,"药物或化学诱发的糖尿病伴增殖性糖尿病视网膜病变伴牵引性视网膜脱离和孔源性视网膜脱离，右眼"
E093542,"药物或化学诱发的糖尿病伴增殖性糖尿病视网膜病变，伴有牵引性视网膜脱离和孔源性视网膜脱离，左眼"
E093543,"药物或化学诱发的糖尿病伴增生性糖尿病视网膜病变伴联合牵拉性视网膜脱离和孔源性视网膜脱离，双侧"
E093549,"药物或化学诱发的糖尿病伴增殖性糖尿病视网膜病变，联合牵拉性视网膜脱离和孔源性视网膜脱离，未指定的眼睛"
E09355,"药物或化学诱发的糖尿病伴稳定的增殖性糖尿病视网膜病变"
E093551,"药物或化学诱发的糖尿病伴稳定的增殖性糖尿病视网膜病变，右眼"
E093552,"药物或化学诱发的糖尿病伴稳定的增殖性糖尿病视网膜病变，左眼"
E093553,"药物或化学诱发的糖尿病伴稳定的增殖性糖尿病视网膜病变，双侧"
E093559,"药物或化学诱发的糖尿病伴有稳定的增殖性糖尿病视网膜病变，未指定的眼睛"
E09359,"药物或化学诱发的糖尿病伴增殖性糖尿病视网膜病变，无黄斑水肿"
E093591,"药物或化学诱发的糖尿病伴增殖性糖尿病视网膜病变，无黄斑水肿，右眼"
E093592,"药物或化学诱发的糖尿病伴增殖性糖尿病视网膜病变，无黄斑水肿，左眼"
E093593,"药物或化学诱发的糖尿病伴增殖性糖尿病视网膜病变，无黄斑水肿，双侧"
E093599,"药物或化学诱发的糖尿病伴增殖性糖尿病视网膜病变，无黄斑水肿，未指明的眼睛"
E0936,"药物或化学诱发的糖尿病伴糖尿病白内障"
E0937,"药物或化学诱发的糖尿病伴糖尿病性黄斑水肿，治疗后消退"
E0937X1,"药物或化学诱发的糖尿病伴糖尿病性黄斑水肿，治疗后消退，右眼"
E0937X2,"药物或化学诱发的糖尿病伴糖尿病性黄斑水肿，治疗后消退，左眼"
E0937X3,"药物或化学诱发的糖尿病伴糖尿病性黄斑水肿，治疗后消退，双侧"
E0937X9,"药物或化学诱发的糖尿病伴糖尿病性黄斑水肿，治疗后消退，未指明的眼睛"
E0939,"药物或化学诱发的糖尿病伴有其他糖尿病眼科并发症"
E094,"药物或化学诱发的糖尿病伴有神经系统并发症"
E0940,"药物或化学诱发的糖尿病伴糖尿病神经病变的神经系统并发症，未指定"
E0941,"药物或化学诱发的糖尿病伴糖尿病单神经病的神经系统并发症"
E0942,"药物或化学诱发的糖尿病伴糖尿病多发性神经病的神经系统并发症"
E0943,"药物或化学诱发的糖尿病伴糖尿病自主神经（多发性）神经病变的神经系统并发症"
E0944,"药物或化学诱发的糖尿病伴糖尿病肌萎缩的神经系统并发症"
E0949,"药物或化学诱发的糖尿病伴神经系统并发症伴其他糖尿病神经系统并发症"
E095,"药物或化学诱发的糖尿病伴循环并发症"
E0951,"药物或化学诱发的糖尿病伴糖尿病外周血管病，无坏疽"
E0952,"药物或化学诱发的糖尿病伴糖尿病外周血管病伴坏疽"
E0959,"药物或化学诱发的糖尿病伴其他循环并发症"
E096,"药物或化学诱发的糖尿病伴有其他特定并发症"
E0961,"药物或化学诱发的糖尿病伴糖尿病关节病"
E09610,"药物或化学诱发的糖尿病伴糖尿病神经性关节病"
E09618,"药物或化学诱发的糖尿病伴其他糖尿病关节病"
E0962,"药物或化学诱发的糖尿病伴皮肤并发症"
E09620,"药物或化学诱发的糖尿病伴糖尿病皮炎"
E09621,"药物或化学诱发的糖尿病伴足部溃疡"
E09622,"药物或化学诱发的糖尿病伴其他皮肤溃疡"
E09628,"药物或化学诱发的糖尿病伴其他皮肤并发症"
E0963,"药物或化学诱发的糖尿病伴有口腔并发症"
E09630,"药物或化学诱发的糖尿病伴牙周病"
E09638,"药物或化学诱发的糖尿病伴其他口腔并发症"
E0964,"药物或化学诱发的糖尿病伴低血糖"
E09641,"药物或化学诱发的糖尿病伴低血糖伴昏迷"
E09649,"药物或化学诱发的糖尿病伴低血糖但无昏迷"
E0965,"药物或化学诱发的糖尿病伴高血糖"
E0969,"药物或化学诱发的糖尿病伴有其他特定并发症"
E098,"药物或化学诱发的糖尿病伴有未指明的并发症"
E099,"无并发症的药物或化学诱发的糖尿病"
E10,"1 型糖尿病"
E101,"1 型糖尿病伴酮症酸中毒"
E1010,"1 型糖尿病伴酮症酸中毒，无昏迷"
E1011,"1 型糖尿病伴酮症酸中毒伴昏迷"
E102,"伴有肾脏并发症的 1 型糖尿病"
E1021,"1 型糖尿病伴糖尿病肾病"
E1022,"1 型糖尿病伴糖尿病慢性肾病"
E1029,"1 型糖尿病伴其他糖尿病肾并发症"
E103,"伴有眼科并发症的 1 型糖尿病"
E1031,"1 型糖尿病伴未指明的糖尿病视网膜病变"
E10311,"1 型糖尿病伴未分类的糖尿病视网膜病变伴黄斑水肿"
E10319,"1 型糖尿病伴未分类的糖尿病视网膜病变，无黄斑水肿"
E1032,"伴有轻度非增殖性糖尿病视网膜病变的 1 型糖尿病"
E10321,"1 型糖尿病伴轻度非增殖性糖尿病视网膜病变伴黄斑水肿"
E103211,"1 型糖尿病伴轻度非增殖性糖尿病视网膜病变伴黄斑水肿，右眼"
E103212,"1 型糖尿病伴轻度非增殖性糖尿病视网膜病变伴黄斑水肿，左眼"
E103213,"1 型糖尿病伴轻度非增殖性糖尿病视网膜病变伴黄斑水肿，双侧"
E103219,"1 型糖尿病伴轻度非增殖性糖尿病视网膜病变伴黄斑水肿，未指明的眼睛"
E10329,"1 型糖尿病伴轻度非增殖性糖尿病视网膜病变，无黄斑水肿"
E103291,"1 型糖尿病伴轻度非增殖性糖尿病视网膜病变，无黄斑水肿，右眼"
E103292,"1 型糖尿病伴轻度非增殖性糖尿病视网膜病变，无黄斑水肿，左眼"
E103293,"1 型糖尿病伴轻度非增殖性糖尿病视网膜病变，无黄斑水肿，双侧"
E103299,"1 型糖尿病伴轻度非增殖性糖尿病视网膜病变，无黄斑水肿，未指定眼睛"
E1033,"伴有中度非增殖性糖尿病视网膜病变的 1 型糖尿病"
E10331,"1 型糖尿病伴中度非增殖性糖尿病视网膜病变伴黄斑水肿"
E103311,"1 型糖尿病伴中度非增殖性糖尿病视网膜病变伴黄斑水肿，右眼"
E103312,"1 型糖尿病伴中度非增殖性糖尿病视网膜病变伴黄斑水肿，左眼"
E103313,"1 型糖尿病伴中度非增殖性糖尿病视网膜病变伴黄斑水肿，双侧"
E103319,"1 型糖尿病伴中度非增殖性糖尿病视网膜病变伴黄斑水肿，眼球不明"
E10339,"1 型糖尿病伴中度非增殖性糖尿病视网膜病变，无黄斑水肿"
E103391,"1 型糖尿病伴中度非增殖性糖尿病视网膜病变，无黄斑水肿，右眼"
E103392,"1 型糖尿病伴中度非增殖性糖尿病视网膜病变，无黄斑水肿，左眼"
E103393,"1 型糖尿病伴中度非增殖性糖尿病视网膜病变，无黄斑水肿，双侧"
E103399,"1 型糖尿病伴中度非增殖性糖尿病视网膜病变，无黄斑水肿，眼球不明"
E1034,"伴有严重非增殖性糖尿病视网膜病变的 1 型糖尿病"
E10341,"1 型糖尿病伴严重非增殖性糖尿病视网膜病变伴黄斑水肿"
E103411,"1 型糖尿病伴严重非增殖性糖尿病视网膜病变伴黄斑水肿，右眼"
E103412,"1 型糖尿病伴严重非增殖性糖尿病视网膜病变伴黄斑水肿，左眼"
E103413,"1 型糖尿病伴严重非增殖性糖尿病视网膜病变伴黄斑水肿，双侧"
E103419,"1 型糖尿病伴严重非增殖性糖尿病视网膜病变伴黄斑水肿，未指明的眼睛"
E10349,"1 型糖尿病伴严重的非增殖性糖尿病视网膜病变，无黄斑水肿"
E103491,"1 型糖尿病伴严重非增殖性糖尿病视网膜病变，无黄斑水肿，右眼"
E103492,"1 型糖尿病伴严重非增殖性糖尿病视网膜病变，无黄斑水肿，左眼"
E103493,"1 型糖尿病伴严重的非增殖性糖尿病视网膜病变，无黄斑水肿，双侧"
E103499,"1 型糖尿病伴严重非增殖性糖尿病视网膜病变，无黄斑水肿，未指明的眼睛"
E1035,"1 型糖尿病伴增殖性糖尿病视网膜病变"
E10351,"1 型糖尿病伴增殖性糖尿病视网膜病变伴黄斑水肿"
E103511,"1 型糖尿病伴增殖性糖尿病视网膜病变伴黄斑水肿，右眼"
E103512,"1 型糖尿病伴增殖性糖尿病视网膜病变伴黄斑水肿，左眼"
E103513,"1 型糖尿病伴增殖性糖尿病视网膜病变伴黄斑水肿，双侧"
E103519,"1 型糖尿病伴增殖性糖尿病视网膜病变伴黄斑水肿，眼球不明"
E10352,"1 型糖尿病伴增殖性糖尿病视网膜病变伴牵拉性视网膜脱离累及黄斑"
E103521,"1 型糖尿病伴增殖性糖尿病视网膜病变伴牵拉性视网膜脱离，累及右眼黄斑"
E103522,"1 型糖尿病伴增殖性糖尿病视网膜病变伴牵拉性视网膜脱离累及左眼黄斑"
E103523,"1 型糖尿病伴增殖性糖尿病视网膜病变伴牵拉性视网膜脱离累及黄斑，双侧"
E103529,"1 型糖尿病伴增殖性糖尿病视网膜病变伴牵拉性视网膜脱离累及黄斑，未指明的眼睛"
E10353,"1 型糖尿病伴增殖性糖尿病视网膜病变伴牵拉性视网膜脱离，不累及黄斑"
E103531,"1 型糖尿病伴增殖性糖尿病视网膜病变伴牵拉性视网膜脱离，不累及黄斑、右眼"
E103532,"1 型糖尿病伴增殖性糖尿病视网膜病变伴牵拉性视网膜脱离，不累及黄斑，左眼"
E103533,"1 型糖尿病伴增殖性糖尿病视网膜病变伴牵拉性视网膜脱离不累及黄斑，双侧"
E103539,"1 型糖尿病伴增殖性糖尿病视网膜病变伴牵拉性视网膜脱离，不累及黄斑，未指明的眼睛"
E10354,"1 型糖尿病伴增殖性糖尿病视网膜病变，伴有牵引性视网膜脱离和孔源性视网膜脱离"
E103541,"1 型糖尿病伴增殖性糖尿病视网膜病变，伴有牵引性视网膜脱离和孔源性视网膜脱离，右眼"
E103542,"1 型糖尿病伴增殖性糖尿病视网膜病变，伴有牵引性视网膜脱离和孔源性视网膜脱离，左眼"
E103543,"1 型糖尿病伴增殖性糖尿病视网膜病变伴牵引性视网膜脱离和孔源性视网膜脱离，双侧"
E103549,"1 型糖尿病伴增殖性糖尿病视网膜病变，伴有牵引性视网膜脱离和孔源性视网膜脱离，未指明的眼睛"
E10355,"1 型糖尿病伴稳定的增殖性糖尿病视网膜病变"
E103551,"1 型糖尿病伴稳定的增殖性糖尿病视网膜病变，右眼"
E103552,"1 型糖尿病伴稳定的增殖性糖尿病视网膜病变，左眼"
E103553,"1 型糖尿病伴稳定的增殖性糖尿病视网膜病变，双侧"
E103559,"1 型糖尿病伴稳定的增殖性糖尿病视网膜病变，未指明的眼睛"
E10359,"1 型糖尿病伴增殖性糖尿病视网膜病变，无黄斑水肿"
E103591,"1 型糖尿病伴增殖性糖尿病视网膜病变，无黄斑水肿，右眼"
E103592,"1 型糖尿病伴增殖性糖尿病视网膜病变，无黄斑水肿，左眼"
E103593,"1 型糖尿病伴增殖性糖尿病视网膜病变，无黄斑水肿，双侧"
E103599,"1 型糖尿病伴增殖性糖尿病视网膜病变，无黄斑水肿，眼型不明"
E1036,"1 型糖尿病伴糖尿病性白内障"
E1037,"1 型糖尿病伴糖尿病性黄斑水肿，治疗后消退"
E1037X1,"1 型糖尿病伴糖尿病性黄斑水肿，治疗后消退，右眼"
E1037X2,"1 型糖尿病伴糖尿病性黄斑水肿，治疗后消退，左眼"
E1037X3,"1 型糖尿病伴糖尿病性黄斑水肿，治疗后消退，双侧"
E1037X9,"1 型糖尿病伴糖尿病性黄斑水肿，治疗后消退，眼睛未指定"
E1039,"伴有其他糖尿病眼科并发症的 1 型糖尿病"
E104,"伴有神经系统并发症的 1 型糖尿病"
E1040,"1 型糖尿病伴糖尿病性神经病变，未指定"
E1041,"1 型糖尿病伴糖尿病单神经病"
E1042,"1 型糖尿病伴糖尿病性多发性神经病"
E1043,"1 型糖尿病伴糖尿病自主神经（多）神经病变"
E1044,"1 型糖尿病伴糖尿病肌萎缩"
E1049,"伴有其他糖尿病神经系统并发症的 1 型糖尿病"
E105,"伴有循环系统并发症的 1 型糖尿病"
E1051,"1 型糖尿病伴糖尿病外周血管病，无坏疽"
E1052,"1 型糖尿病伴糖尿病外周血管病伴坏疽"
E1059,"伴有其他循环系统并发症的 1 型糖尿病"
E106,"伴有其他特定并发症的 1 型糖尿病"
E1061,"1 型糖尿病伴糖尿病关节病"
E10610,"1 型糖尿病伴糖尿病神经性关节病"
E10618,"1 型糖尿病伴其他糖尿病关节病"
E1062,"伴有皮肤并发症的 1 型糖尿病"
E10620,"1 型糖尿病伴糖尿病性皮炎"
E10621,"1 型糖尿病伴足部溃疡"
E10622,"1 型糖尿病伴其他皮肤溃疡"
E10628,"伴有其他皮肤并发症的 1 型糖尿病"
E1063,"伴有口腔并发症的 1 型糖尿病"
E10630,"伴有牙周病的 1 型糖尿病"
E10638,"伴有其他口腔并发症的 1 型糖尿病"
E1064,"伴有低血糖的 1 型糖尿病"
E10641,"1 型糖尿病伴低血糖伴昏迷"
E10649,"1 型糖尿病伴低血糖但不伴有昏迷"
E1065,"伴有高血糖的 1 型糖尿病"
E1069,"伴有其他特定并发症的 1 型糖尿病"
E108,"伴有未明确并发症的 1 型糖尿病"
E109,"无并发症的 1 型糖尿病"
E11,"2 型糖尿病"
E110,"伴高渗的 2 型糖尿病"
E1100,"2 型糖尿病伴高渗性，无非酮症高血糖-高渗性昏迷 （NKHHC）"
E1101,"2 型糖尿病伴高渗性昏迷"
E111,"2 型糖尿病伴酮症酸中毒"
E1110,"2 型糖尿病伴酮症酸中毒，无昏迷"
E1111,"2 型糖尿病伴酮症酸中毒伴昏迷"
E112,"伴有肾脏并发症的 2 型糖尿病"
E1121,"2 型糖尿病伴糖尿病肾病"
E1122,"2 型糖尿病伴糖尿病慢性肾病"
E1129,"2 型糖尿病伴其他糖尿病肾并发症"
E113,"伴有眼科并发症的 2 型糖尿病"
E1131,"2 型糖尿病伴未指明的糖尿病视网膜病变"
E11311,"2 型糖尿病伴未指明的糖尿病视网膜病变伴黄斑水肿"
E11319,"2 型糖尿病伴未分类的糖尿病视网膜病变，无黄斑水肿"
E1132,"伴有轻度非增殖性糖尿病视网膜病变的 2 型糖尿病"
E11321,"2 型糖尿病伴轻度非增殖性糖尿病视网膜病变伴黄斑水肿"
E113211,"2 型糖尿病伴轻度非增殖性糖尿病视网膜病变伴黄斑水肿，右眼"
E113212,"2 型糖尿病伴轻度非增殖性糖尿病视网膜病变伴黄斑水肿，左眼"
E113213,"2 型糖尿病伴轻度非增殖性糖尿病视网膜病变伴黄斑水肿，双侧"
E113219,"2 型糖尿病伴轻度非增殖性糖尿病视网膜病变伴黄斑水肿，眼球不明"
E11329,"2 型糖尿病伴轻度非增殖性糖尿病视网膜病变，无黄斑水肿"
E113291,"2 型糖尿病伴轻度非增殖性糖尿病视网膜病变，无黄斑水肿，右眼"
E113292,"2 型糖尿病伴轻度非增殖性糖尿病视网膜病变，无黄斑水肿，左眼"
E113293,"2 型糖尿病伴轻度非增殖性糖尿病视网膜病变，无黄斑水肿，双侧"
E113299,"2 型糖尿病伴有轻度非增殖性糖尿病视网膜病变，无黄斑水肿，眼球不明"
E1133,"伴有中度非增殖性糖尿病视网膜病变的 2 型糖尿病"
E11331,"2 型糖尿病伴中度非增殖性糖尿病视网膜病变伴黄斑水肿"
E113311,"2 型糖尿病伴中度非增殖性糖尿病视网膜病变伴黄斑水肿，右眼"
E113312,"2 型糖尿病伴中度非增殖性糖尿病视网膜病变伴黄斑水肿，左眼"
E113313,"2 型糖尿病伴中度非增殖性糖尿病视网膜病变伴黄斑水肿，双侧"
E113319,"2 型糖尿病伴中度非增殖性糖尿病视网膜病变伴黄斑水肿，未指明的眼睛"
E11339,"2 型糖尿病伴中度非增殖性糖尿病视网膜病变，无黄斑水肿"
E113391,"2 型糖尿病伴中度非增殖性糖尿病视网膜病变，无黄斑水肿，右眼"
E113392,"2 型糖尿病伴中度非增殖性糖尿病视网膜病变，无黄斑水肿，左眼"
E113393,"2 型糖尿病伴中度非增殖性糖尿病视网膜病变，无黄斑水肿，双侧"
E113399,"2 型糖尿病伴中度非增殖性糖尿病视网膜病变，无黄斑水肿，眼球不明"
E1134,"伴有严重非增殖性糖尿病视网膜病变的 2 型糖尿病"
E11341,"2 型糖尿病伴严重的非增殖性糖尿病视网膜病变伴黄斑水肿"
E113411,"2 型糖尿病伴严重非增殖性糖尿病视网膜病变伴黄斑水肿，右眼"
E113412,"2 型糖尿病伴严重非增殖性糖尿病视网膜病变伴黄斑水肿，左眼"
E113413,"2 型糖尿病伴严重非增殖性糖尿病视网膜病变伴黄斑水肿，双侧"
E113419,"2 型糖尿病伴严重非增殖性糖尿病视网膜病变伴黄斑水肿，未指明的眼睛"
E11349,"2 型糖尿病伴严重的非增殖性糖尿病视网膜病变，无黄斑水肿"
E113491,"2 型糖尿病伴严重非增殖性糖尿病视网膜病变，无黄斑水肿，右眼"
E113492,"2 型糖尿病伴严重非增殖性糖尿病视网膜病变，无黄斑水肿，左眼"
E113493,"2 型糖尿病伴严重的非增殖性糖尿病视网膜病变，无黄斑水肿，双侧"
E113499,"2 型糖尿病伴严重的非增殖性糖尿病视网膜病变，无黄斑水肿，未指明的眼睛"
E1135,"2 型糖尿病伴增殖性糖尿病视网膜病变"
E11351,"2 型糖尿病伴增殖性糖尿病视网膜病变伴黄斑水肿"
E113511,"2 型糖尿病伴增殖性糖尿病视网膜病变伴黄斑水肿、右眼"
E113512,"2 型糖尿病伴增殖性糖尿病视网膜病变伴黄斑水肿，左眼"
E113513,"2 型糖尿病伴增殖性糖尿病视网膜病变伴黄斑水肿，双侧"
E113519,"2 型糖尿病伴增殖性糖尿病视网膜病变伴黄斑水肿，未指明的眼睛"
E11352,"2 型糖尿病伴增殖性糖尿病视网膜病变伴牵拉性视网膜脱离累及黄斑"
E113521,"2 型糖尿病伴增殖性糖尿病视网膜病变伴牵拉性视网膜脱离累及右眼黄斑"
E113522,"2 型糖尿病伴增殖性糖尿病视网膜病变伴牵拉性视网膜脱离累及黄斑、左眼"
E113523,"2 型糖尿病伴增殖性糖尿病视网膜病变伴牵拉性视网膜脱离累及黄斑，双侧"
E113529,"2 型糖尿病伴增殖性糖尿病视网膜病变伴牵拉性视网膜脱离累及黄斑，未指明的眼睛"
E11353,"2 型糖尿病伴增殖性糖尿病视网膜病变伴牵拉性视网膜脱离，不累及黄斑"
E113531,"2 型糖尿病伴增殖性糖尿病视网膜病变伴牵拉性视网膜脱离，不累及黄斑、右眼"
E113532,"2 型糖尿病伴增殖性糖尿病视网膜病变伴牵拉性视网膜脱离，不累及黄斑，左眼"
E113533,"2 型糖尿病伴增殖性糖尿病视网膜病变伴牵拉性视网膜脱离不累及黄斑，双侧"
E113539,"2 型糖尿病伴增殖性糖尿病视网膜病变伴牵拉性视网膜脱离，不累及黄斑，未指明的眼睛"
E11354,"2 型糖尿病伴增殖性糖尿病视网膜病变，伴有牵引性视网膜脱离和孔源性视网膜脱离"
E113541,"2 型糖尿病伴增殖性糖尿病视网膜病变伴牵引性视网膜脱离和孔源性视网膜脱离，右眼"
E113542,"2 型糖尿病伴增殖性糖尿病视网膜病变，伴有牵引性视网膜脱离和孔源性视网膜脱离，左眼"
E113543,"2 型糖尿病伴增殖性糖尿病视网膜病变，伴有牵引性视网膜脱离和孔源性视网膜脱离，双侧"
E113549,"2 型糖尿病伴增殖性糖尿病视网膜病变，伴有牵引性视网膜脱离和孔源性视网膜脱离，眼项不明"
E11355,"2 型糖尿病伴稳定的增殖性糖尿病视网膜病变"
E113551,"2 型糖尿病伴稳定的增殖性糖尿病视网膜病变，右眼"
E113552,"2 型糖尿病伴稳定的增殖性糖尿病视网膜病变，左眼"
E113553,"2 型糖尿病伴稳定的增殖性糖尿病视网膜病变，双侧"
E113559,"2 型糖尿病伴稳定的增殖性糖尿病视网膜病变，未指明的眼睛"
E11359,"2 型糖尿病伴增殖性糖尿病视网膜病变，无黄斑水肿"
E113591,"2 型糖尿病伴增殖性糖尿病视网膜病变，无黄斑水肿，右眼"
E113592,"2 型糖尿病伴增殖性糖尿病视网膜病变，无黄斑水肿，左眼"
E113593,"2 型糖尿病伴增殖性糖尿病视网膜病变，无黄斑水肿，双侧"
E113599,"2 型糖尿病伴增殖性糖尿病视网膜病变，无黄斑水肿，眼球不明"
E1136,"2 型糖尿病伴糖尿病性白内障"
E1137,"2 型糖尿病伴糖尿病性黄斑水肿，治疗后消退"
E1137X1,"2 型糖尿病伴糖尿病性黄斑水肿，治疗后消退，右眼"
E1137X2,"2 型糖尿病伴糖尿病性黄斑水肿，治疗后消退，左眼"
E1137X3,"2 型糖尿病伴糖尿病性黄斑水肿，治疗后消退，双侧"
E1137X9,"2 型糖尿病伴糖尿病性黄斑水肿，治疗后消退，眼睛不明"
E1139,"伴有其他糖尿病眼科并发症的 2 型糖尿病"
E114,"伴有神经系统并发症的 2 型糖尿病"
E1140,"2 型糖尿病伴糖尿病性神经病变，未指定"
E1141,"2 型糖尿病伴糖尿病单神经病"
E1142,"2 型糖尿病伴糖尿病性多发性神经病"
E1143,"2 型糖尿病伴糖尿病自主神经（多）神经病变"
E1144,"2 型糖尿病伴糖尿病肌萎缩"
E1149,"伴有其他糖尿病神经系统并发症的 2 型糖尿病"
E115,"伴有循环系统并发症的 2 型糖尿病"
E1151,"2 型糖尿病伴糖尿病外周血管病，无坏疽"
E1152,"2 型糖尿病伴糖尿病外周血管病伴坏疽"
E1159,"伴有其他循环系统并发症的 2 型糖尿病"
E116,"伴有其他特定并发症的 2 型糖尿病"
E1161,"2 型糖尿病伴糖尿病关节病"
E11610,"2 型糖尿病伴糖尿病神经性关节病"
E11618,"2 型糖尿病伴其他糖尿病关节病"
E1162,"伴有皮肤并发症的 2 型糖尿病"
E11620,"2 型糖尿病伴糖尿病性皮炎"
E11621,"2 型糖尿病伴足部溃疡"
E11622,"2 型糖尿病伴其他皮肤溃疡"
E11628,"伴有其他皮肤并发症的 2 型糖尿病"
E1163,"伴有口腔并发症的 2 型糖尿病"
E11630,"伴有牙周病的 2 型糖尿病"
E11638,"伴有其他口腔并发症的 2 型糖尿病"
E1164,"伴有低血糖的 2 型糖尿病"
E11641,"2 型糖尿病伴低血糖伴昏迷"
E11649,"2 型糖尿病伴低血糖但无昏迷"
E1165,"伴有高血糖的 2 型糖尿病"
E1169,"伴有其他特定并发症的 2 型糖尿病"
E118,"伴有未明确并发症的 2 型糖尿病"
E119,"无并发症的 2 型糖尿病"
E13,"其他特定糖尿病"
E130,"其他特异性糖尿病伴高渗"
E1300,"其他特异性糖尿病伴高渗性，无非酮症高血糖高渗性昏迷 （NKHHC）"
E1301,"其他特定的糖尿病伴高渗性昏迷"
E131,"其他特定的糖尿病伴酮症酸中毒"
E1310,"其他特定的糖尿病伴酮症酸中毒，无昏迷"
E1311,"其他特定的糖尿病伴酮症酸中毒伴昏迷"
E132,"其他伴有肾脏并发症的特异性糖尿病"
E1321,"其他特定的糖尿病伴糖尿病肾病"
E1322,"其他特定糖尿病伴糖尿病慢性肾病"
E1329,"其他特定糖尿病伴其他糖尿病肾并发症"
E133,"其他伴有眼科并发症的指定糖尿病"
E1331,"其他特异性糖尿病伴未特异性糖尿病视网膜病变"
E13311,"其他特定的糖尿病伴未指定的糖尿病视网膜病变伴黄斑水肿"
E13319,"其他特异性糖尿病伴未特异性糖尿病视网膜病变，无黄斑水肿"
E1332,"其他特异性糖尿病伴轻度非增殖性糖尿病视网膜病变"
E13321,"其他特定的糖尿病伴有轻度非增殖性糖尿病视网膜病变伴黄斑水肿"
E133211,"其他特定的糖尿病伴轻度非增殖性糖尿病视网膜病变伴黄斑水肿、右眼"
E133212,"其他特定的糖尿病伴有轻度非增殖性糖尿病视网膜病变伴黄斑水肿，左眼"
E133213,"其他特定的糖尿病伴轻度非增殖性糖尿病视网膜病变伴黄斑水肿，双侧"
E133219,"其他特定的糖尿病伴有轻度非增殖性糖尿病视网膜病变伴黄斑水肿，未指定的眼睛"
E13329,"其他特定的糖尿病伴有轻度非增殖性糖尿病视网膜病变，无黄斑水肿"
E133291,"其他特定的糖尿病伴有轻度非增殖性糖尿病视网膜病变，无黄斑水肿，右眼"
E133292,"其他特定的糖尿病伴有轻度非增殖性糖尿病视网膜病变，无黄斑水肿，左眼"
E133293,"其他特定的糖尿病伴有轻度非增殖性糖尿病视网膜病变，无黄斑水肿，双侧"
E133299,"其他特定的糖尿病伴有轻度非增殖性糖尿病视网膜病变，无黄斑水肿，未指定的眼睛"
E1333,"其他特异性糖尿病伴中度非增殖性糖尿病视网膜病变"
E13331,"其他特定的糖尿病伴中度非增殖性糖尿病视网膜病变伴黄斑水肿"
E133311,"其他特定的糖尿病伴有中度非增殖性糖尿病视网膜病变伴黄斑水肿、右眼"
E133312,"其他特定的糖尿病伴中度非增殖性糖尿病视网膜病变伴黄斑水肿，左眼"
E133313,"其他特定的糖尿病伴有中度非增殖性糖尿病视网膜病变伴黄斑水肿，双侧"
E133319,"其他特定的糖尿病伴有中度非增殖性糖尿病视网膜病变伴黄斑水肿，未指定的眼睛"
E13339,"其他特定的糖尿病伴有中度非增殖性糖尿病视网膜病变，无黄斑水肿"
E133391,"其他特定的糖尿病伴有中度非增殖性糖尿病视网膜病变，无黄斑水肿，右眼"
E133392,"其他特定的糖尿病伴有中度非增殖性糖尿病视网膜病变，无黄斑水肿，左眼"
E133393,"其他特定的糖尿病伴有中度非增殖性糖尿病视网膜病变，无黄斑水肿，双侧"
E133399,"其他特定的糖尿病伴有中度非增殖性糖尿病视网膜病变，无黄斑水肿，未指定的眼睛"
E1334,"其他特定的糖尿病伴严重的非增殖性糖尿病视网膜病变"
E13341,"其他特定的糖尿病伴严重的非增殖性糖尿病视网膜病变伴黄斑水肿"
E133411,"其他特定的糖尿病伴有严重的非增殖性糖尿病视网膜病变伴黄斑水肿、右眼"
E133412,"其他特定的糖尿病伴有严重的非增殖性糖尿病视网膜病变伴黄斑水肿，左眼"
E133413,"其他特定的糖尿病伴严重的非增殖性糖尿病视网膜病变伴黄斑水肿，双侧"
E133419,"其他特定的糖尿病伴有严重的非增殖性糖尿病视网膜病变伴黄斑水肿，未指定的眼睛"
E13349,"其他特定的糖尿病伴有严重的非增殖性糖尿病视网膜病变，无黄斑水肿"
E133491,"其他特定的糖尿病伴有严重的非增殖性糖尿病视网膜病变，无黄斑水肿，右眼"
E133492,"其他特定的糖尿病伴有严重的非增殖性糖尿病视网膜病变，无黄斑水肿，左眼"
E133493,"其他特定的糖尿病伴有严重的非增殖性糖尿病视网膜病变，无黄斑水肿，双侧"
E133499,"其他特定的糖尿病伴有严重的非增殖性糖尿病视网膜病变，无黄斑水肿，未指定的眼睛"
E1335,"其他特异性糖尿病伴增殖性糖尿病视网膜病变"
E13351,"其他特定的糖尿病伴增殖性糖尿病视网膜病变伴黄斑水肿"
E133511,"其他特定的糖尿病伴增殖性糖尿病视网膜病变伴黄斑水肿，右眼"
E133512,"其他特定的糖尿病伴增殖性糖尿病视网膜病变伴黄斑水肿，左眼"
E133513,"其他特定的糖尿病伴增殖性糖尿病视网膜病变伴黄斑水肿，双侧"
E133519,"其他特定的糖尿病伴增殖性糖尿病视网膜病变伴黄斑水肿，未指定的眼睛"
E13352,"其他特定的糖尿病伴增殖性糖尿病视网膜病变伴牵拉性视网膜脱离累及黄斑"
E133521,"其他特定的糖尿病伴增殖性糖尿病视网膜病变伴牵拉性视网膜脱离累及黄斑、右眼"
E133522,"其他特定的糖尿病伴增殖性糖尿病视网膜病变伴牵拉性视网膜脱离累及黄斑、左眼"
E133523,"其他特定的糖尿病伴增殖性糖尿病视网膜病变伴牵拉性视网膜脱离累及黄斑，双侧"
E133529,"其他特定的糖尿病伴增殖性糖尿病视网膜病变伴牵拉性视网膜脱离累及黄斑，未指定的眼睛"
E13353,"其他特定的糖尿病伴增殖性糖尿病视网膜病变伴牵拉性视网膜脱离，不涉及黄斑"
E133531,"其他特定的糖尿病伴增殖性糖尿病视网膜病变伴牵拉性视网膜脱离，不涉及黄斑、右眼"
E133532,"其他特定的糖尿病伴增殖性糖尿病视网膜病变伴牵拉性视网膜脱离不涉及黄斑、左眼"
E133533,"其他特定的糖尿病伴增殖性糖尿病视网膜病变伴牵拉性视网膜脱离不涉及黄斑，双侧"
E133539,"其他特定的糖尿病伴增殖性糖尿病视网膜病变伴牵拉性视网膜脱离，不涉及黄斑，未指定的眼睛"
E13354,"其他特定的糖尿病伴增殖性糖尿病视网膜病变联合牵引性视网膜脱离和孔源性视网膜脱离"
E133541,"其他特定的糖尿病伴增殖性糖尿病视网膜病变伴联合牵引性视网膜脱离和孔源性视网膜脱离，右眼"
E133542,"其他特定的糖尿病伴增殖性糖尿病视网膜病变伴联合牵引性视网膜脱离和孔源性视网膜脱离，左眼"
E133543,"其他特定的糖尿病伴增殖性糖尿病视网膜病变伴联合牵引性视网膜脱离和孔源性视网膜脱离，双侧"
E133549,"其他特定的糖尿病伴增殖性糖尿病视网膜病变伴联合牵引性视网膜脱离和孔源性视网膜脱离，未指定的眼睛"
E13355,"其他特定的糖尿病伴稳定的增殖性糖尿病视网膜病变"
E133551,"其他特定糖尿病伴稳定增殖性糖尿病视网膜病变，右眼"
E133552,"其他特定的糖尿病伴稳定的增殖性糖尿病视网膜病变，左眼"
E133553,"其他特定的糖尿病伴稳定的增殖性糖尿病视网膜病变，双侧"
E133559,"其他特定糖尿病伴稳定增殖性糖尿病视网膜病变，未指定眼睛"
E13359,"其他特定的糖尿病伴增殖性糖尿病视网膜病变，无黄斑水肿"
E133591,"其他特定的糖尿病伴增殖性糖尿病视网膜病变，无黄斑水肿，右眼"
E133592,"其他特定的糖尿病伴增殖性糖尿病视网膜病变，无黄斑水肿，左眼"
E133593,"其他特定的糖尿病伴增殖性糖尿病视网膜病变，无黄斑水肿，双侧"
E133599,"其他特定的糖尿病伴增殖性糖尿病视网膜病变，无黄斑水肿，未指定的眼睛"
E1336,"其他特定糖尿病伴糖尿病性白内障"
E1337,"其他特定的糖尿病伴糖尿病性黄斑水肿，治疗后消退"
E1337X1,"其他特定的糖尿病伴糖尿病性黄斑水肿，治疗后消退，右眼"
E1337X2,"其他特定的糖尿病伴糖尿病性黄斑水肿，治疗后消退，左眼"
E1337X3,"其他特定的糖尿病伴糖尿病性黄斑水肿，治疗后消退，双侧"
E1337X9,"其他特定的糖尿病伴糖尿病性黄斑水肿，治疗后消退，未指定的眼睛"
E1339,"其他特定糖尿病伴其他糖尿病眼科并发症"
E134,"其他伴有神经系统并发症的特定糖尿病"
E1340,"其他特定的糖尿病伴糖尿病神经病变，未指定"
E1341,"其他特定的糖尿病伴糖尿病单神经病"
E1342,"其他特定的糖尿病伴糖尿病性多发性神经病"
E1343,"其他特定的糖尿病伴糖尿病自主神经（多）神经病变"
E1344,"其他特定的糖尿病伴糖尿病肌萎缩"
E1349,"其他特定糖尿病伴其他糖尿病神经系统并发症"
E135,"其他伴有循环系统并发症的特定糖尿病"
E1351,"其他特定的糖尿病伴糖尿病外周血管病，无坏疽"
E1352,"其他特定的糖尿病伴糖尿病外周血管病伴坏疽"
E1359,"其他特定糖尿病伴有其他循环并发症"
E136,"其他特定糖尿病伴有其他特定并发症"
E1361,"其他特定的糖尿病伴糖尿病关节病"
E13610,"其他特定的糖尿病伴糖尿病神经性关节病"
E13618,"其他特定糖尿病伴其他糖尿病关节病"
E1362,"其他伴有皮肤并发症的特定糖尿病"
E13620,"其他特定的糖尿病伴糖尿病性皮炎"
E13621,"其他特定的糖尿病伴足部溃疡"
E13622,"其他特定糖尿病伴其他皮肤溃疡"
E13628,"其他特定糖尿病伴有其他皮肤并发症"
E1363,"其他伴有口腔并发症的特异性糖尿病"
E13630,"其他伴有牙周病的特异性糖尿病"
E13638,"其他特定糖尿病伴有其他口腔并发症"
E1364,"其他特定的糖尿病伴低血糖"
E13641,"其他特定的糖尿病伴低血糖伴昏迷"
E13649,"其他特定的糖尿病伴低血糖但无昏迷"
E1365,"其他特定的糖尿病伴高血糖"
E1369,"其他特定糖尿病伴有其他特定并发症"
E138,"其他具有未明确并发症的特定糖尿病"
E139,"其他无并发症的指定糖尿病"
E15,"非糖尿病性低血糖昏迷"
E16,"胰腺内分泌的其他疾病"
E160,"无昏迷的药物性低血糖"
E161,"其他 低血糖"
E162,"低血糖，未指定"
E163,"胰高血糖素分泌增加"
E164,"胃泌素分泌增加"
E168,"其他特定的胰腺内分泌疾病"
E169,"胰腺内分泌障碍，未指定"
E20,"甲状旁腺功能减退症"
E200,"特发性甲状旁腺功能减退症"
E201,"假性甲状旁腺功能减退症"
E208,"其他甲状旁腺功能减退症"
E209,"甲状旁腺功能减退症，未指定"
E21,"甲状旁腺功能亢进症和其他甲状旁腺疾病"
E210,"原发性甲状旁腺功能亢进症"
E211,"继发性甲状旁腺功能亢进症，未分类"
E212,"其他甲状旁腺功能亢进症"
E213,"甲状旁腺功能亢进症，未指定"
E214,"甲状旁腺的其他特定疾病"
E215,"甲状旁腺疾病，未指定"
E22,"垂体功能亢进"
E220,"肢端肥大症和垂体巨人症"
E221,"高泌乳素血症"
E222,"抗利尿激素分泌异常综合征"
E228,"垂体的其他功能亢进"
E229,"垂体功能亢进，未指定"
E23,"垂体功能减退和其他疾病"
E230,"垂体功能减退症"
E231,"药物诱发的垂体功能减退症"
E232,"尿崩症"
E233,"下丘脑功能障碍，未分类"
E236,"垂体的其他疾病"
E237,"垂体疾病，未指定"
E24,"库欣综合征"
E240,"垂体依赖性库欣病"
E241,"尼尔森综合征"
E242,"药物诱发的库欣综合征"
E243,"异位 ACTH 综合征"
E244,"酒精诱发的假性库欣综合征"
E248,"其他 库欣综合征"
E249,"库欣综合征，未指定"
E25,"肾上腺生殖系统疾病"
E250,"与酶缺乏相关的先天性肾上腺生殖系统疾病"
E258,"其他肾上腺生殖器官疾病"
E259,"肾上腺生殖器官疾病，未明确"
E26,"醛固酮增多症"
E260,"原发性醛固酮增多症"
E2601,"康氏综合症"
E2602,"糖皮质激素可补救的醛固酮增多症"
E2609,"其他原发性醛固酮增多症"
E261,"继发性醛固酮增多症"
E268,"其他醛固酮增多症"
E2681,"巴特综合征"
E2689,"其他醛固酮增多症"
E269,"醛固酮增多症，未指定"
E27,"肾上腺的其他疾病"
E270,"其他肾上腺皮质过度活跃"
E271,"原发性肾上腺皮质功能不全"
E272,"艾迪生危机"
E273,"药物诱发的肾上腺皮质功能不全"
E274,"其他未指明的肾上腺皮质功能不全"
E2740,"未指明的肾上腺皮质功能不全"
E2749,"其他肾上腺皮质功能不全"
E275,"肾上腺髓质功能亢进"
E278,"肾上腺的其他特定疾病"
E279,"肾上腺疾病，未指定"
E28,"卵巢功能障碍"
E280,"雌激素过量"
E281,"雄激素过量"
E282,"多囊卵巢综合征"
E283,"原发性卵巢功能衰竭"
E2831,"过早绝经"
E28310,"有症状的过早绝经"
E28319,"无症状过早绝经"
E2839,"其他原发性卵巢功能衰竭"
E288,"其他卵巢功能障碍"
E289,"卵巢功能障碍，未指定"
E29,"睾丸功能障碍"
E290,"睾丸功能亢进"
E291,"睾丸功能减退"
E298,"其他睾丸功能障碍"
E299,"睾丸功能障碍，未明确"
E30,"未分类的青春期疾病"
E300,"青春期延迟"
E301,"早熟"
E308,"其他青春期疾病"
E309,"青春期障碍，未指明"
E31,"多腺体功能障碍"
E310,"自身免疫性多腺体衰竭"
E311,"多腺体功能亢进"
E312,"多发性内分泌腺瘤病 [MEN] 综合征"
E3120,"多发性内分泌腺瘤病 [MEN] 综合征，未指定"
E3121,"I 型多发性内分泌腺瘤病 [MEN]"
E3122,"IIA 型多发性内分泌腺瘤病 [MEN]"
E3123,"IIB 型多发性内分泌腺瘤病 [MEN]"
E318,"其他多腺功能障碍"
E319,"多腺功能障碍，未指定"
E32,"胸腺疾病"
E320,"胸腺持续增生"
E321,"胸腺脓肿"
E328,"胸腺的其他疾病"
E329,"胸腺疾病，未明确"
E34,"其他内分泌疾病"
E340,"类癌综合征"
E341,"其他肠道激素分泌过多"
E342,"异位激素分泌，未分类"
E343,"内分泌紊乱导致的身材矮小"
E3430,"内分泌紊乱导致的身材矮小，未明确"
E3431,"体质性身材矮小"
E3432,"身材矮小的遗传原因"
E34321,"原发性胰岛素样生长因子-1 （IGF-1） 缺乏症"
E34322,"胰岛素样生长因子-1 （IGF-1） 抵抗"
E34328,"身材矮小的其他遗传原因"
E34329,"身材矮小的不明遗传原因"
E3439,"其他由内分泌紊乱引起的身材矮小"
E344,"体质般高大的身材"
E345,"雄激素不敏感综合征"
E3450,"雄激素不敏感综合征，未指定"
E3451,"完全性雄激素不敏感综合征"
E3452,"部分雄激素不敏感综合征"
E348,"其他特定的内分泌疾病"
E349,"内分泌紊乱，未指定"
E35,"其他分类疾病中的内分泌腺疾病"
E36,"内分泌系统术中并发症"
E360,"术中出血和内分泌系统器官或结构的血肿使手术复杂化"
E3601,"术中出血和内分泌系统器官或结构的血肿使内分泌系统手术复杂化"
E3602,"术中出血和内分泌系统器官或结构的血肿使其他手术复杂化"
E361,"手术过程中内分泌系统器官或结构的意外穿刺和撕裂伤"
E3611,"在内分泌系统手术过程中，内分泌系统器官或结构的意外穿刺和撕裂伤"
E3612,"在其他手术中意外穿刺和撕裂内分泌系统器官或结构"
E368,"内分泌系统的其他术中并发症"
E40,"恶性营养不良病"
E41,"营养性消瘦症"
E42,"Marasmic 恶性营养不良"
E43,"未指明的严重蛋白质卡路里营养不良"
E44,"中度和轻度蛋白质热量营养不良"
E440,"中度蛋白质热量营养不良"
E441,"轻度蛋白质卡路里营养不良"
E45,"蛋白质热量营养不良后的发育迟缓"
E46,"未指明的蛋白质-卡路里营养不良"
E50,"维生素 A 缺乏症"
E500,"维生素 A 缺乏伴结膜干燥症"
E501,"维生素 A 缺乏症伴 Bitot 斑和结膜干燥症"
E502,"维生素 A 缺乏伴角膜干燥症"
E503,"维生素 A 缺乏伴角膜溃疡和干燥症"
E504,"维生素 A 缺乏症伴角膜软化症"
E505,"维生素 A 缺乏伴夜盲症"
E506,"维生素 A 缺乏伴角膜干眼性瘢痕"
E507,"维生素 A 缺乏症的其他眼部表现"
E508,"维生素 A 缺乏症的其他表现"
E509,"维生素 A 缺乏症，未指明"
E51,"硫胺素缺乏症"
E511,"脚气病"
E5111,"干脚气病"
E5112,"湿脚气病"
E512,"Wernicke 脑病"
E518,"硫胺素缺乏症的其他表现"
E519,"硫胺素缺乏症，未明确"
E52,"烟酸缺乏症 [糙皮病]"
E53,"缺乏其他 B 族维生素"
E530,"核黄素缺乏症"
E531,"吡哆醇缺乏症"
E538,"缺乏其他特定的 B 族维生素"
E539,"维生素 B 缺乏症，未指定"
E54,"抗坏血酸缺乏症"
E55,"维生素 D 缺乏症"
E550,"佝偻病，活动性"
E559,"维生素 D 缺乏症，未指明"
E56,"其他维生素缺乏症"
E560,"维生素 E 缺乏症"
E561,"维生素 K 缺乏症"
E568,"缺乏其他维生素"
E569,"维生素缺乏症，未指明"
E58,"膳食钙缺乏症"
E59,"膳食硒缺乏症"
E60,"膳食锌缺乏症"
E61,"缺乏其他营养元素"
E610,"铜缺乏症"
E611,"铁缺乏症"
E612,"镁缺乏症"
E613,"锰缺乏症"
E614,"铬缺乏症"
E615,"钼缺乏症"
E616,"钒缺乏症"
E617,"缺乏多种营养元素"
E618,"缺乏其他指定的营养元素"
E619,"营养元素缺乏症，未指明"
E63,"其他营养缺乏症"
E630,"必需脂肪酸 [EFA] 缺乏症"
E631,"食物摄入量成分失衡"
E638,"其他特定营养缺乏症"
E639,"营养缺乏症，未指明"
E64,"营养不良和其他营养缺乏症的后遗症"
E640,"蛋白质热量营养不良的后遗症"
E641,"维生素 A 缺乏症的后遗症"
E642,"维生素 C 缺乏症的后遗症"
E643,"佝偻病后遗症"
E648,"其他营养缺乏症的后遗症"
E649,"未指明营养缺乏症的后遗症"
E65,"局部肥胖"
E66,"超重和肥胖"
E660,"由于卡路里过多而导致的肥胖"
E6601,"由于卡路里过多而导致的病态（严重）肥胖"
E6609,"由于卡路里过多而导致的其他肥胖"
E661,"药物诱发的肥胖"
E662,"肺泡通气不足的病态（重度）肥胖"
E663,"超重"
E668,"其他肥胖"
E669,"肥胖，未指定"
E67,"其他高营养"
E670,"维生素 A 过多症"
E671,"高胡萝卜素血症"
E672,"巨型维生素 B6 综合征"
E673,"维生素 D 过多症"
E678,"其他指定的高营养"
E68,"高营养的后遗症"
E70,"芳香族氨基酸代谢紊乱"
E700,"典型苯丙酮尿症"
E701,"其他 高苯丙氨酸血症"
E702,"酪氨酸代谢紊乱"
E7020,"酪氨酸代谢紊乱，未指定"
E7021,"酪氨酸血症"
E7029,"其他酪氨酸代谢疾病"
E703,"白化病"
E7030,"白化病，未指定"
E7031,"眼白化病"
E70310,"X 连锁眼白化病"
E70311,"常染色体隐性遗传性眼白化病"
E70318,"其他眼白化病"
E70319,"眼白化病，未指定"
E7032,"眼皮肤白化病"
E70320,"酪氨酸酶阴性眼皮肤白化病"
E70321,"酪氨酸酶阳性眼皮肤白化病"
E70328,"其他眼皮肤白化病"
E70329,"眼皮肤白化病，未指明"
E7033,"白化病伴血液学异常"
E70330,"Chediak-Higashi 综合征"
E70331,"Hermansky-Pudlak 综合征"
E70338,"其他伴有血液学异常的白化病"
E70339,"白化病伴血液学异常，未指明"
E7039,"其他特定白化病"
E704,"组氨酸代谢紊乱"
E7040,"组氨酸代谢障碍，未明确"
E7041,"组氨酸血症"
E7049,"组氨酸代谢的其他疾病"
E705,"色氨酸代谢紊乱"
E708,"芳香族氨基酸代谢的其他疾病"
E7081,"芳香族 L-氨基酸脱羧酶缺乏症"
E7089,"芳香族氨基酸代谢的其他疾病"
E709,"芳香族氨基酸代谢紊乱，未明确"
E71,"支链氨基酸代谢和脂肪酸代谢紊乱"
E710,"枫糖浆尿病"
E711,"其他支链氨基酸代谢疾病"
E7111,"支链有机酸尿症"
E71110,"异戊酸血症"
E71111,"3-甲基戊二酸尿症"
E71118,"其他支链有机酸尿症"
E7112,"丙酸盐代谢紊乱"
E71120,"甲基丙二酸血症"
E71121,"丙酸血症"
E71128,"丙酸酯代谢的其他疾病"
E7119,"其他支链氨基酸代谢疾病"
E712,"支链氨基酸代谢紊乱，未明确"
E713,"脂肪酸代谢紊乱"
E7130,"脂肪酸代谢紊乱，未指定"
E7131,"脂肪酸氧化障碍"
E71310,"长链/超长链酰基辅酶 A 脱氢酶缺乏症"
E71311,"中链酰基辅酶 A 脱氢酶缺乏症"
E71312,"短链酰基辅酶 A 脱氢酶缺乏症"
E71313,"戊二酸尿症 II 型"
E71314,"肌肉肉碱棕榈酰转移酶缺乏症"
E71318,"其他脂肪酸氧化疾病"
E7132,"酮体代谢紊乱"
E7139,"其他脂肪酸代谢疾病"
E714,"肉碱代谢紊乱"
E7140,"肉碱代谢紊乱，未指定"
E7141,"原发性肉碱缺乏症"
E7142,"先天性代谢缺陷引起的肉碱缺乏症"
E7143,"医源性肉碱缺乏症"
E7144,"其他继发性肉碱缺乏症"
E71440,"Ruvalcaba-Myhre-Smith 综合征"
E71448,"其他继发性肉碱缺乏症"
E715,"过氧化物酶体疾病"
E7150,"过氧化物酶体疾病，未明确"
E7151,"过氧化物酶体生物发生障碍"
E71510,"Zellweger 综合征"
E71511,"新生儿肾上腺脑白质营养不良"
E71518,"其他过氧化物酶体生物发生疾病"
E7152,"X 连锁肾上腺脑白质营养不良"
E71520,"儿童脑 X 连锁肾上腺脑白质营养不良"
E71521,"青少年 X 连锁肾上腺脑白质营养不良"
E71522,"肾上腺脊髓神经病"
E71528,"其他 X 连锁肾上腺脑白质营养不良"
E71529,"X 连锁肾上腺脑白质营养不良，未指定类型"
E7153,"其他 2 组过氧化物酶体疾病"
E7154,"其他过氧化物酶体疾病"
E71540,"根状软骨发育不良 punctata"
E71541,"Zellweger 样综合征"
E71542,"其他 3 组过氧化物酶体疾病"
E71548,"其他过氧化物酶体疾病"
E72,"其他氨基酸代谢疾病"
E720,"氨基酸转运障碍"
E7200,"氨基酸转运障碍，未明确"
E7201,"胱氨酸尿症"
E7202,"哈特纳普病"
E7203,"劳氏综合症"
E7204,"胱氨酸病"
E7209,"其他氨基酸转运障碍"
E721,"含硫氨基酸代谢紊乱"
E7210,"含硫氨基酸代谢障碍，未明确"
E7211,"高胱氨酸尿症"
E7212,"亚甲基四氢叶酸还原酶缺乏症"
E7219,"其他含硫氨基酸代谢疾病"
E722,"尿素循环代谢紊乱"
E7220,"尿素循环代谢紊乱，未指定"
E7221,"精氨酸血症"
E7222,"精氨酸琥珀酸尿症"
E7223,"瓜氨酸血症"
E7229,"尿素循环代谢的其他疾病"
E723,"赖氨酸和羟赖氨酸代谢紊乱"
E724,"鸟氨酸代谢紊乱"
E725,"甘氨酸代谢紊乱"
E7250,"甘氨酸代谢紊乱，未指定"
E7251,"非酮症高甘氨酸血症"
E7252,"三甲胺尿症"
E7253,"原发性高草酸尿症"
E7259,"甘氨酸代谢的其他疾病"
E728,"其他特定的氨基酸代谢障碍"
E7281,"γ 氨基丁酸代谢紊乱"
E7289,"其他特定的氨基酸代谢障碍"
E729,"氨基酸代谢紊乱，未指定"
E73,"乳糖不耐症"
E730,"先天性乳糖酶缺乏症"
E731,"继发性乳糖酶缺乏症"
E738,"其他乳糖不耐症"
E739,"乳糖不耐症，未指定"
E74,"其他碳水化合物代谢障碍"
E740,"糖原贮积病"
E7400,"糖原贮积病，未明确"
E7401,"von Gierke 病"
E7402,"庞贝病"
E7403,"科里病"
E7404,"麦卡德尔病"
E7409,"其他糖原贮积病"
E741,"果糖代谢紊乱"
E7410,"果糖代谢紊乱，未指定"
E7411,"原发性果糖尿"
E7412,"遗传性果糖不耐受"
E7419,"其他果糖代谢紊乱"
E742,"半乳糖代谢紊乱"
E7420,"半乳糖代谢障碍，未指定"
E7421,"半乳糖血症"
E7429,"其他半乳糖代谢紊乱"
E743,"肠道碳水化合物吸收的其他疾病"
E7431,"蔗糖酶-异麦芽糖酶缺乏症"
E7439,"肠道碳水化合物吸收的其他疾病"
E744,"丙酮酸代谢和糖异生障碍"
E748,"其他特定的碳水化合物代谢障碍"
E7481,"葡萄糖转运障碍，未分类"
E74810,"1 型葡萄糖转运蛋白缺乏症"
E74818,"其他葡萄糖转运障碍"
E74819,"葡萄糖转运障碍，未指定"
E7489,"其他特定的碳水化合物代谢障碍"
E749,"碳水化合物代谢紊乱，未指定"
E75,"鞘脂代谢障碍和其他脂质贮积障碍"
E750,"GM2 神经节苷脂沉积症"
E7500,"GM2 神经节苷鞘贮积症，未指定"
E7501,"Sandhoff 病"
E7502,"Tay-Sachs 病"
E7509,"其他 GM2 神经节苷脂沉积症"
E751,"其他和未指明的神经节苷脂沉积症"
E7510,"未指明的神经节苷脂沉积症"
E7511,"粘脂沉积症 IV"
E7519,"其他神经节苷脂沉积症"
E752,"其他鞘脂"
E7521,"法布里病 （-Anderson） 病"
E7522,"戈谢病"
E7523,"克拉伯病"
E7524,"尼曼-匹克病"
E75240,"A 型尼曼-匹克病"
E75241,"B 型尼曼-匹克病"
E75242,"C 型尼曼-匹克病"
E75243,"D 型尼曼-匹克病"
E75244,"A/B 型尼曼-匹克病"
E75248,"其他 Niemann-Pick 病"
E75249,"Niemann-Pick 病，未指定"
E7525,"异染性脑白质营养不良"
E7526,"硫酸酯酶缺乏症"
E7529,"其他鞘脂"
E753,"鞘脂病，未指定"
E754,"神经元蜡样脂褐质病"
E755,"其他脂质贮积障碍"
E756,"脂质贮积症，未指定"
E76,"糖胺聚糖代谢紊乱"
E760,"粘多糖贮积症，I 型"
E7601,"Hurler 综合征"
E7602,"Hurler-Scheie 综合征"
E7603,"Scheie 综合征"
E761,"粘多糖贮积症，II 型"
E762,"其他粘多糖病"
E7621,"Morquio 粘多糖"
E76210,"Morquio A 粘多糖"
E76211,"Morquio B 粘多糖"
E76219,"Morquio 粘多糖剂量，未指定"
E7622,"Sanfilippo 粘多糖"
E7629,"其他粘多糖病"
E763,"粘多糖贮积症，未指定"
E768,"葡萄糖胺聚糖代谢的其他疾病"
E769,"葡萄糖胺聚糖代谢紊乱，未指定"
E77,"糖蛋白代谢紊乱"
E770,"溶酶体酶翻译后修饰的缺陷"
E771,"糖蛋白降解缺陷"
E778,"其他糖蛋白代谢疾病"
E779,"糖蛋白代谢紊乱，未指定"
E78,"脂蛋白代谢障碍和其他血脂血症"
E780,"单纯性高胆固醇血症"
E7800,"单纯的高胆固醇血症，未指定"
E7801,"家族性高胆固醇血症"
E781,"单纯的高甘油血症"
E782,"混合性高脂血症"
E783,"高乳糜微粒血症"
E784,"其他 高脂血症"
E7841,"脂蛋白升高 （a）"
E7849,"其他 高脂血症"
E785,"高脂血症，未指定"
E786,"脂蛋白缺乏症"
E787,"胆汁酸和胆固醇代谢紊乱"
E7870,"胆汁酸和胆固醇代谢紊乱，未指定"
E7871,"巴斯综合征"
E7872,"Smith-Lemli-Opitz 综合征"
E7879,"其他胆汁酸和胆固醇代谢障碍"
E788,"其他脂蛋白代谢障碍"
E7881,"类脂性皮肤关节炎"
E7889,"其他脂蛋白代谢障碍"
E789,"脂蛋白代谢紊乱，未指定"
E79,"嘌呤和嘧啶代谢紊乱"
E790,"高尿酸血症，无炎症性关节炎和痛发病体征"
E791,"Lesch-Nyhan 综合征"
E792,"肌腺苷酸脱氨酶缺乏症"
E798,"其他嘌呤和嘧啶代谢紊乱"
E799,"嘌呤和嘧啶代谢紊乱，未指定"
E80,"卟啉和胆红素代谢紊乱"
E800,"遗传性红细胞生成性卟啉病"
E801,"迟发性皮肤卟啉病"
E802,"其他未指明的卟啉病"
E8020,"未指明的卟啉病"
E8021,"急性间歇性（肝性）卟啉病"
E8029,"其他卟啉病"
E803,"过氧化氢酶和过氧化物酶缺陷"
E804,"Gilbert 综合征"
E805,"Crigler-Najjar 综合征"
E806,"其他胆红素代谢障碍"
E807,"胆红素代谢障碍，未指定"
E83,"矿物质代谢紊乱"
E830,"铜代谢紊乱"
E8300,"铜代谢紊乱，未指定"
E8301,"Wilson 病"
E8309,"铜代谢的其他疾病"
E831,"铁代谢紊乱"
E8310,"铁代谢紊乱，未指定"
E8311,"血色病"
E83110,"遗传性血色素沉着症"
E83111,"反复输注红细胞引起的血色病"
E83118,"其他 血色素沉着症"
E83119,"血色病，未指定"
E8319,"其他铁代谢紊乱"
E832,"锌代谢紊乱"
E833,"磷代谢和磷酸酶紊乱"
E8330,"磷代谢紊乱，未明确"
E8331,"家族性低磷血症"
E8332,"遗传性维生素 D 依赖性佝偻病（1 型）（2 型）"
E8339,"其他磷代谢疾病"
E834,"镁代谢紊乱"
E8340,"镁代谢障碍，未指定"
E8341,"高镁血症"
E8342,"低镁血症"
E8349,"镁代谢的其他疾病"
E835,"钙代谢紊乱"
E8350,"未特明的钙代谢障碍"
E8351,"低钙血症"
E8352,"高钙血症"
E8359,"其他钙代谢疾病"
E838,"其他矿物质代谢障碍"
E8381,"骨饥饿综合征"
E8389,"其他矿物质代谢障碍"
E839,"矿物质代谢紊乱，未指定"
E84,"囊肿性纤维化"
E840,"伴有肺部表现的囊性纤维化"
E841,"伴有肠道表现的囊性纤维化"
E8411,"囊性纤维化中的胎粪性肠梗阻"
E8419,"伴有其他肠道表现的囊性纤维化"
E848,"囊性纤维化伴其他表现"
E849,"囊性纤维化，未指定"
E85,"淀粉样变性"
E850,"非神经性遗传家族性淀粉样变性"
E851,"神经性遗传家族性淀粉样变性"
E852,"异端家族性淀粉样变性，未指定"
E853,"继发性系统性淀粉样变性"
E854,"器官限制性淀粉样变性"
E858,"其他淀粉样变性"
E8581,"轻链 （AL） 淀粉样变性"
E8582,"野生型转甲状腺素蛋白相关 （ATTR） 淀粉样变性"
E8589,"其他淀粉样变性"
E859,"淀粉样变性，未指定"
E86,"血容量不足"
E860,"脱水"
E861,"低血容量"
E869,"血容量不足，未指定"
E87,"其他体液、电解质和酸碱平衡紊乱"
E870,"高渗和高钠血症"
E871,"低渗透压和低钠血症"
E872,"酸中毒"
E8720,"酸中毒，未明确"
E8721,"急性代谢性酸中毒"
E8722,"慢性代谢性酸中毒"
E8729,"其他酸中毒"
E873,"碱中毒"
E874,"酸碱平衡混合障碍"
E875,"高钾血症"
E876,"低钾血症"
E877,"液体超负荷"
E8770,"液体超负荷，未指定"
E8771,"输血相关的循环超负荷"
E8779,"其他液体超负荷"
E878,"其他未分类的电解质和体液平衡疾病"
E88,"其他和未指明的代谢性疾病"
E880,"血浆蛋白代谢障碍，未分类"
E8801,"α-1-抗胰蛋白酶缺乏症"
E8802,"纤溶酶原缺乏症"
E8809,"其他未分类的血浆蛋白代谢疾病"
E881,"脂肪代谢障碍，未分类"
E882,"脂肪瘤病，未在其他领域分类"
E883,"肿瘤溶解综合征"
E884,"线粒体代谢紊乱"
E8840,"线粒体代谢疾病，未指定"
E8841,"MELAS 综合征"
E8842,"MERRF 综合征"
E8849,"其他线粒体代谢疾病"
E888,"其他特定的代谢性疾病"
E8881,"代谢综合征"
E8889,"其他特定的代谢性疾病"
E889,"代谢紊乱，未指定"
E89,"术后内分泌和代谢并发症和疾病，未在其他地方分类"
E890,"术后甲状腺功能减退症"
E891,"术后低胰岛素血症"
E892,"术后甲状旁腺功能减退症"
E893,"术后垂体功能减退症"
E894,"术后卵巢功能衰竭"
E8940,"无症状的术后卵巢功能衰竭"
E8941,"有症状的术后卵巢功能衰竭"
E895,"术后睾丸功能减退"
E896,"术后肾上腺皮质（髓质）功能减退"
E898,"其他术后内分泌和代谢并发症和疾病"
E8981,"手术后内分泌系统器官或结构的术后出血"
E89810,"内分泌系统手术后内分泌系统器官或结构的术后出血"
E89811,"其他手术后内分泌系统器官或结构的术后出血"
E8982,"内分泌系统器官或结构的术后血肿和血清肿"
E89820,"内分泌系统手术后内分泌系统器官或结构的术后血肿"
E89821,"其他手术后内分泌系统器官或结构的术后血肿"
E89822,"内分泌系统手术后内分泌系统器官或结构的术后血清肿"
E89823,"其他手术后内分泌系统器官或结构的术后血清肿"
E8989,"其他术后内分泌和代谢并发症和疾病"
F01,"血管性痴呆"
F015,"血管性痴呆，严重程度不明"
F0150,"血管性痴呆，严重程度不明，无行为障碍、精神病障碍、情绪障碍和焦虑"
F0151,"血管性痴呆，严重程度不明，伴有行为障碍"
F01511,"血管性痴呆，严重程度不明，伴有激越"
F01518,"血管性痴呆，严重程度不明，伴有其他行为障碍"
F0152,"血管性痴呆，严重程度不明，伴有精神病性障碍"
F0153,"血管性痴呆，严重程度不明，伴有情绪障碍"
F0154,"血管性痴呆，严重程度不明，伴有焦虑"
F01A,"轻度血管性痴呆"
F01A0,"血管性痴呆，轻度，无行为障碍、精神病障碍、情绪障碍和焦虑"
F01A1,"血管性痴呆，轻度，伴有行为障碍"
F01A11,"血管性痴呆，轻度，伴有激越"
F01A18,"血管性痴呆，轻度，伴有其他行为障碍"
F01A2,"血管性痴呆，轻度，伴有精神病性障碍"
F01A3,"血管性痴呆，轻度，伴有情绪障碍"
F01A4,"血管性痴呆，轻度，伴有焦虑"
F01B,"血管性痴呆，中度"
F01B0,"血管性痴呆，中度，无行为障碍、精神病障碍、情绪障碍和焦虑"
F01B1,"血管性痴呆，中度，伴有行为障碍"
F01B11,"血管性痴呆，中度，伴激越"
F01B18,"血管性痴呆，中度，伴有其他行为障碍"
F01B2,"血管性痴呆，中度，伴有精神病障碍"
F01B3,"血管性痴呆，中度，伴有情绪障碍"
F01B4,"血管性痴呆，中度，伴有焦虑"
F01C,"血管性痴呆，严重"
F01C0,"血管性痴呆，严重，无行为障碍、精神病障碍、情绪障碍和焦虑"
F01C1,"血管性痴呆，严重，伴有行为障碍"
F01C11,"血管性痴呆，严重，伴有激越"
F01C18,"血管性痴呆，严重，伴有其他行为障碍"
F01C2,"血管性痴呆，严重，伴有精神病性障碍"
F01C3,"血管性痴呆，严重，伴有情绪障碍"
F01C4,"血管性痴呆，严重，伴有焦虑"
F02,"其他分类疾病中的痴呆"
F028,"其他疾病中的痴呆，严重程度未明确"
F0280,"其他分类疾病中的痴呆，严重程度不明，无行为障碍、精神病障碍、情绪障碍和焦虑"
F0281,"其他分类疾病中的痴呆，严重程度不明，伴有行为障碍"
F02811,"其他分类疾病中的痴呆，严重程度不明，伴有激越"
F02818,"其他分类疾病中的痴呆，严重程度不明，伴有其他行为障碍"
F0282,"其他分类疾病中的痴呆，严重程度不明，伴有精神病性障碍"
F0283,"其他分类疾病中的痴呆，严重程度不明，伴有情绪障碍"
F0284,"其他分类疾病中的痴呆，严重程度不明，伴有焦虑"
F02A,"其他疾病中的痴呆，轻度"
F02A0,"其他分类疾病中的痴呆，轻度，无行为障碍、精神病性障碍、情绪障碍和焦虑"
F02A1,"其他疾病中的痴呆，轻度，伴有行为障碍"
F02A11,"其他疾病中的痴呆，轻度，伴有激越"
F02A18,"其他分类疾病中的痴呆，轻度，伴有其他行为障碍"
F02A2,"其他分类疾病中的痴呆，轻度，伴有精神病性障碍"
F02A3,"其他疾病中的痴呆，轻度，伴有情绪障碍"
F02A4,"其他分类疾病中的痴呆，轻度，伴有焦虑"
F02B,"其他分类疾病的痴呆，中度"
F02B0,"其他疾病中的痴呆，中度，无行为障碍、精神病性障碍、情绪障碍和焦虑"
F02B1,"其他疾病中的痴呆，中度，伴有行为障碍"
F02B11,"其他分类疾病中的痴呆，中度，伴激越"
F02B18,"其他疾病中的痴呆，中度，伴有其他行为障碍"
F02B2,"其他分类疾病中的痴呆，中度，伴有精神病障碍"
F02B3,"其他疾病中的痴呆，中度，伴有情绪障碍"
F02B4,"其他分类疾病中的痴呆，中度，伴有焦虑"
F02C,"其他分类为重度疾病的痴呆"
F02C0,"其他分类为其他疾病的痴呆，严重，无行为障碍、精神病障碍、情绪障碍和焦虑"
F02C1,"其他分类为其他疾病的痴呆，严重，伴有行为障碍"
F02C11,"其他疾病中的痴呆，严重，伴有激越"
F02C18,"其他分类为其他疾病的痴呆，严重，伴有其他行为障碍"
F02C2,"其他分类疾病中的痴呆，严重，伴有精神病性障碍"
F02C3,"其他分类疾病中的痴呆，严重，伴有情绪障碍"
F02C4,"其他分类的疾病中的痴呆，严重，伴有焦虑"
F03,"未指明的痴呆"
F039,"未指明的痴呆，未指明的严重程度"
F0390,"未指明的痴呆、不明严重程度、无行为障碍、精神病障碍、情绪障碍和焦虑"
F0391,"未指明的痴呆，未指明的严重程度，伴有行为障碍"
F03911,"未指明的痴呆，未指明的严重程度，伴有激越"
F03918,"未指明的痴呆，未指明的严重程度，伴有其他行为障碍"
F0392,"未指明的痴呆，未指明的严重程度，伴有精神病性障碍"
F0393,"未指明的痴呆，未指明的严重程度，伴有情绪障碍"
F0394,"未指明的痴呆，未指明的严重程度，伴有焦虑"
F03A,"未指明的痴呆，轻度"
F03A0,"未分类的痴呆、轻度、无行为障碍、精神病性障碍、情绪障碍和焦虑"
F03A1,"未指明的痴呆，轻度，伴有行为障碍"
F03A11,"未指明的痴呆，轻度，伴激越"
F03A18,"未指明的痴呆，轻度，伴有其他行为障碍"
F03A2,"未分类的痴呆，轻度，伴有精神病障碍"
F03A3,"未分类的痴呆，轻度，伴有情绪障碍"
F03A4,"未指明的痴呆，轻度，伴有焦虑"
F03B,"未指明的痴呆，中度"
F03B0,"未分类的痴呆，中度，无行为障碍、精神病障碍、情绪障碍和焦虑"
F03B1,"未分类的痴呆，中度，伴有行为障碍"
F03B11,"未指明的痴呆，中度，伴有激越"
F03B18,"未指明的痴呆，中度，伴有其他行为障碍"
F03B2,"未分类的痴呆，中度，伴有精神病性障碍"
F03B3,"未指明的痴呆，中度，伴有情绪障碍"
F03B4,"未指明的痴呆，中度，伴有焦虑"
F03C,"未指明的痴呆，严重"
F03C0,"未分类的痴呆，严重，无行为障碍、精神病障碍、情绪障碍和焦虑"
F03C1,"未指明的痴呆，严重，伴有行为障碍"
F03C11,"未指明的痴呆，严重，伴有激越"
F03C18,"未指明的痴呆，严重，伴有其他行为障碍"
F03C2,"未指明的痴呆，严重，伴有精神病性障碍"
F03C3,"未指明的痴呆，严重，伴有情绪障碍"
F03C4,"未指明的痴呆，严重，伴有焦虑"
F04,"已知生理状况导致的遗忘症"
F05,"已知生理状况导致的谵妄"
F06,"已知生理状况引起的其他精神障碍"
F060,"由于已知的生理状况而伴有幻觉的精神障碍"
F061,"已知生理状况引起的紧张症"
F062,"由于已知的生理状况而伴有妄想的精神障碍"
F063,"已知生理状况引起的情绪障碍"
F0630,"已知生理状况引起的情绪障碍，未指定"
F0631,"由于已知的生理状况和抑郁特征引起的情绪障碍"
F0632,"已知生理状况引起的心境障碍，伴有重度抑郁样发作"
F0633,"由于已知的生理状况和躁狂特征引起的情绪障碍"
F0634,"由已知生理状况引起的情绪障碍，具有混合特征"
F064,"已知生理状况引起的焦虑症"
F067,"由于已知的生理状况引起的轻度神经认知障碍"
F0670,"由于已知的生理状况引起的轻度神经认知障碍，无行为障碍"
F0671,"由于已知的生理状况和行为障碍引起的轻度神经认知障碍"
F068,"由于已知生理状况引起的其他特定精神障碍"
F07,"由于已知生理状况引起的人格和行为障碍"
F070,"由于已知的生理状况而导致的性格改变"
F078,"由于已知生理状况引起的其他人格和行为障碍"
F0781,"脑震荡后综合征"
F0789,"由于已知生理状况引起的其他人格和行为障碍"
F079,"由于已知的生理状况导致的未指定人格和行为障碍"
F09,"由于已知的生理状况导致的未指明的精神障碍"
F10,"酒精相关疾病"
F101,"酗酒"
F1010,"酗酒，无并发症"
F1011,"酗酒，缓解期"
F1012,"酗酒伴醉酒"
F10120,"酒精滥用伴中毒，无并发症"
F10121,"酒精滥用伴醉性谵妄"
F10129,"酒精滥用伴中毒，未指明"
F1013,"酗酒、戒断"
F10130,"酗酒伴戒断，无并发症"
F10131,"酒精滥用伴戒断性谵妄"
F10132,"酒精滥用伴戒断反应障碍"
F10139,"戒断性酒精滥用，未指明"
F1014,"酒精滥用伴酒精诱发的心境障碍"
F1015,"酒精滥用伴酒精诱发的精神障碍"
F10150,"酒精滥用伴酒精诱发的精神障碍伴妄想"
F10151,"酒精滥用伴酒精诱发的精神障碍伴幻觉"
F10159,"酒精滥用伴酒精诱发的精神障碍，未指定"
F1018,"酒精滥用伴有其他酒精诱发的疾病"
F10180,"酒精滥用伴酒精诱发的焦虑障碍"
F10181,"酒精滥用伴酒精诱发的性功能障碍"
F10182,"酒精滥用伴酒精诱发的睡眠障碍"
F10188,"酒精滥用伴有其他酒精诱发的疾病"
F1019,"酒精滥用伴未指明的酒精诱发性疾病"
F102,"酒精依赖"
F1020,"酒精依赖，无并发症"
F1021,"酒精依赖，缓解期"
F1022,"酒精依赖伴中毒"
F10220,"酒精依赖伴中毒，无并发症"
F10221,"酒精依赖伴中毒谵妄"
F10229,"酒精依赖伴中毒，未指定"
F1023,"戒断性酒精依赖"
F10230,"酒精依赖伴戒断，无并发症"
F10231,"酒精依赖伴戒断性谵妄"
F10232,"酒精依赖伴戒断伴知觉障碍"
F10239,"戒断性酒精依赖，未指定"
F1024,"酒精依赖伴酒精诱发的心境障碍"
F1025,"酒精依赖伴酒精诱发的精神障碍"
F10250,"酒精依赖伴酒精诱发的精神障碍伴妄想"
F10251,"酒精依赖伴酒精诱发的精神障碍伴幻觉"
F10259,"酒精诱发的精神障碍的酒精依赖，未指定"
F1026,"酒精依赖伴酒精诱发的持续性遗忘障碍"
F1027,"酒精依赖伴酒精诱发的持续性痴呆"
F1028,"酒精依赖与其他酒精诱发的疾病"
F10280,"酒精依赖伴酒精诱发的焦虑障碍"
F10281,"酒精依赖伴酒精诱发的性功能障碍"
F10282,"酒精依赖伴酒精诱发的睡眠障碍"
F10288,"酒精依赖与其他酒精诱发疾病"
F1029,"酒精依赖伴未指明的酒精诱发疾病"
F109,"酒精使用，未指明"
F1090,"酒精使用，未明确，无并发症"
F1091,"酒精使用，未指明，缓解期"
F1092,"酒精使用，未明确说明的中毒"
F10920,"酒精使用，未明确说明的中毒，无并发症"
F10921,"酒精使用，未明确说明的中毒谵妄"
F10929,"酒精使用，未分类的中毒，未分类"
F1093,"酒精使用，戒断时未指定"
F10930,"饮酒、未指定戒断、无并发症"
F10931,"饮酒，未明确提示的戒断性谵妄"
F10932,"酒精使用，未指定，伴有戒断并伴有知觉障碍"
F10939,"饮酒，未指定戒断，未指定"
F1094,"酒精使用，酒精诱发的心境障碍未明确"
F1095,"酒精使用，未特指的酒精诱发性精神病性障碍"
F10950,"酒精使用，未特指酒精诱发的伴有妄想的精神障碍"
F10951,"酒精使用，未明确指出酒精诱发的幻觉精神病性障碍"
F10959,"酒精使用，未指定酒精诱发的精神障碍，未指定"
F1096,"酒精使用，未特指的酒精诱发的持续性遗忘障碍"
F1097,"酒精使用，未特指酒精诱发的持续性痴呆"
F1098,"酒精使用，未特指其他酒精诱发性疾病"
F10980,"酒精使用，酒精诱发的焦虑障碍未特指"
F10981,"酒精使用，未明确酒精诱发的性功能障碍"
F10982,"酒精使用，酒精诱发性睡眠障碍未明确"
F10988,"酒精使用，未明确说明其他酒精诱发性疾病"
F1099,"酒精使用，未特指未特指的酒精诱发性疾病"
F11,"阿片类药物相关疾病"
F111,"阿片类药物滥用"
F1110,"阿片类药物滥用，无并发症"
F1111,"阿片类药物滥用，缓解期"
F1112,"阿片类药物滥用伴中毒"
F11120,"阿片类药物滥用伴中毒，无并发症"
F11121,"阿片类药物滥用伴中毒谵妄"
F11122,"阿片类药物滥用伴中毒伴知觉障碍"
F11129,"阿片类药物滥用伴中毒，未指明"
F1113,"阿片类药物滥用伴戒断"
F1114,"阿片类药物滥用伴阿片类药物诱发的情绪障碍"
F1115,"阿片类药物滥用伴阿片类药物诱发的精神障碍"
F11150,"阿片类药物滥用伴阿片类药物诱发的精神障碍伴妄想"
F11151,"阿片类药物滥用伴阿片类药物诱发的精神障碍伴幻觉"
F11159,"阿片类药物滥用伴阿片类药物诱发的精神障碍，未指定"
F1118,"阿片类药物滥用伴有其他阿片类药物诱发的疾病"
F11181,"阿片类药物滥用伴阿片类药物诱发的性功能障碍"
F11182,"阿片类药物滥用伴阿片类药物诱发的睡眠障碍"
F11188,"阿片类药物滥用伴有其他阿片类药物诱发的疾病"
F1119,"阿片类药物滥用伴未指明的阿片类药物诱发疾病"
F112,"阿片类药物依赖"
F1120,"阿片类药物依赖，无并发症"
F1121,"阿片类药物依赖，缓解期"
F1122,"中毒引起的阿片类药物依赖"
F11220,"阿片类药物依赖伴中毒，无并发症"
F11221,"阿片类药物依赖伴中毒性谵妄"
F11222,"阿片类药物依赖伴中毒伴知觉障碍"
F11229,"中毒引起的阿片类药物依赖，未指定"
F1123,"戒断时阿片类药物依赖"
F1124,"阿片类药物依赖与阿片类药物诱发的情绪障碍"
F1125,"阿片类药物依赖与阿片类药物诱发的精神障碍"
F11250,"阿片类药物依赖与阿片类药物诱导的精神障碍伴妄想"
F11251,"阿片类药物依赖与阿片类药物诱发的精神障碍伴幻觉"
F11259,"阿片类药物对阿片类药物诱导的精神障碍的依赖，未指定"
F1128,"阿片类药物对其他阿片类药物诱导的疾病的依赖"
F11281,"阿片类药物依赖伴阿片类药物诱导的性功能障碍"
F11282,"阿片类药物依赖与阿片类药物诱导的睡眠障碍"
F11288,"阿片类药物对其他阿片类药物诱导的疾病的依赖"
F1129,"阿片类药物依赖伴未指明的阿片类药物诱发疾病"
F119,"阿片类药物使用，未指定"
F1190,"阿片类药物的使用，未指定，无并发症"
F1191,"阿片类药物使用，未指定，缓解期"
F1192,"阿片类药物使用，未明确说明的中毒"
F11920,"阿片类药物使用，未明确说明的中毒，无并发症"
F11921,"阿片类药物使用，未明确说明中毒性谵妄"
F11922,"阿片类药物使用，未明确说明中毒伴知觉障碍"
F11929,"阿片类药物使用，未指定中毒，未指定"
F1193,"阿片类药物使用，戒断时未指定"
F1194,"阿片类药物使用，阿片类药物诱发的心境障碍未明确"
F1195,"阿片类药物使用，未特指的阿片类药物诱发的精神障碍"
F11950,"阿片类药物使用，未特指，阿片类药物诱发的精神障碍伴妄想"
F11951,"阿片类药物使用，未特指，阿片类药物诱发的精神障碍伴幻觉"
F11959,"阿片类药物使用，未指定阿片类药物诱发的精神障碍，未指定"
F1198,"阿片类药物使用，未明确说明其他特定阿片类药物诱导的疾病"
F11981,"阿片类药物使用，未明确说明阿片类药物诱导的性功能障碍"
F11982,"阿片类药物使用，未特指的阿片类药物诱发的睡眠障碍"
F11988,"阿片类药物使用，未明确说明其他阿片类药物诱发的疾病"
F1199,"阿片类药物使用，未特指未特明的阿片类药物诱发疾病"
F12,"大麻相关疾病"
F121,"大麻滥用"
F1210,"大麻滥用，简单"
F1211,"大麻滥用，缓解"
F1212,"滥用大麻并醉酒"
F12120,"大麻滥用伴中毒，无并发症"
F12121,"大麻滥用伴中毒谵妄"
F12122,"大麻滥用伴中毒伴知觉障碍"
F12129,"大麻滥用中毒，未指明"
F1213,"大麻滥用伴戒断"
F1215,"大麻滥用伴精神障碍"
F12150,"大麻滥用伴精神障碍伴妄想"
F12151,"大麻滥用伴幻觉的精神障碍"
F12159,"大麻滥用伴精神障碍，未指明"
F1218,"大麻滥用与其他大麻引起的疾病"
F12180,"大麻滥用与大麻引起的焦虑症"
F12188,"大麻滥用与其他大麻引起的疾病"
F1219,"大麻滥用伴未指明的大麻诱发疾病"
F122,"大麻依赖"
F1220,"大麻依赖，简单"
F1221,"大麻依赖，缓解"
F1222,"大麻依赖与中毒"
F12220,"大麻依赖伴中毒，简单"
F12221,"大麻依赖与中毒谵妄"
F12222,"大麻依赖性中毒伴知觉障碍"
F12229,"大麻依赖与中毒，未指明"
F1223,"戒断对大麻的依赖"
F1225,"大麻依赖与精神障碍"
F12250,"大麻依赖与妄想的精神障碍"
F12251,"大麻依赖与幻觉的精神障碍"
F12259,"大麻依赖与精神障碍，未指定"
F1228,"大麻依赖与其他大麻引起的疾病"
F12280,"大麻依赖与大麻引起的焦虑症"
F12288,"大麻依赖与其他大麻引起的疾病"
F1229,"大麻依赖与未指明的大麻诱导的疾病"
F129,"大麻使用，未指明"
F1290,"大麻使用，未指明，不复杂"
F1291,"大麻使用，未指明，缓解期"
F1292,"使用大麻，未指明的中毒"
F12920,"大麻使用，未指明中毒，无并发症"
F12921,"使用大麻，未指明的中毒性谵妄"
F12922,"大麻使用，未指定中毒伴知觉障碍"
F12929,"大麻使用，未指明，中毒，未指明"
F1293,"大麻使用，未指明戒断"
F1295,"大麻使用，未特指的精神病性障碍"
F12950,"大麻使用，未指定伴有妄想的精神障碍"
F12951,"大麻使用，未指定伴有幻觉的精神障碍"
F12959,"大麻使用，未指明的精神障碍，未指明"
F1298,"大麻使用，未明确说明其他大麻引起的疾病"
F12980,"大麻使用，未指定焦虑症"
F12988,"大麻使用，未明确说明其他大麻引起的疾病"
F1299,"大麻使用，未指定，未指定大麻引起的疾病"
F13,"镇静药、催眠药或抗焦虑药相关疾病"
F131,"镇静药、催眠药或抗焦虑药相关滥用"
F1310,"镇静药、催眠药或抗焦虑药滥用，无并发症"
F1311,"镇静剂、催眠药或抗焦虑药滥用，缓解期"
F1312,"镇静剂、催眠药或抗焦虑药滥用中毒"
F13120,"镇静药、催眠药或抗焦虑药滥用伴中毒，无并发症"
F13121,"镇静药、催眠药或抗焦虑药滥用伴中毒谵妄"
F13129,"镇静剂、催眠药或抗焦虑药滥用中毒，未指明"
F1313,"镇静剂、催眠药或抗焦虑药滥用伴戒断"
F13130,"镇静药、催眠药或抗焦虑药滥用伴戒断，无并发症"
F13131,"镇静药、催眠药或抗焦虑药滥用伴戒断性谵妄"
F13132,"镇静药、催眠药或抗焦虑药滥用伴戒断症状伴知觉障碍"
F13139,"镇静剂、催眠药或抗焦虑药滥用伴戒断，未指明"
F1314,"镇静药、催眠药或抗焦虑药滥用，伴有镇静药、催眠药或抗焦虑药诱发的情绪障碍"
F1315,"镇静剂、催眠药或抗焦虑药滥用，伴有镇静剂、催眠药或抗焦虑药诱发的精神障碍"
F13150,"镇静剂、催眠药或抗焦虑药滥用镇静剂、催眠药或抗焦虑药诱发的精神障碍伴妄想"
F13151,"镇静剂、催眠药或抗焦虑药滥用镇静剂、催眠药或抗焦虑药诱发的精神障碍伴幻觉"
F13159,"镇静剂、催眠药或抗焦虑药滥用镇静剂、催眠药或抗焦虑药诱发的精神障碍，未指明"
F1318,"镇静药、催眠药或抗焦虑药与其他镇静药、催眠药或抗焦虑药引起的疾病滥用"
F13180,"镇静药、催眠药或抗焦虑药滥用，伴有镇静药、催眠药或抗焦虑药诱发的焦虑障碍"
F13181,"镇静药、催眠药或抗焦虑药滥用，伴有镇静药、催眠药或抗焦虑药诱发的性功能障碍"
F13182,"镇静药、催眠药或抗焦虑药滥用，伴有镇静药、催眠药或抗焦虑药诱发的睡眠障碍"
F13188,"镇静药、催眠药或抗焦虑药与其他镇静药、催眠药或抗焦虑药引起的疾病滥用"
F1319,"镇静药、催眠药或抗焦虑药滥用，伴有未指明的镇静药、催眠药或抗焦虑药诱发的疾病"
F132,"镇静药、催眠药或抗焦虑药相关依赖"
F1320,"镇静药、催眠药或抗焦虑药依赖，无并发症"
F1321,"镇静、催眠或抗焦虑依赖，缓解期"
F1322,"中毒时对镇静药、催眠药或抗焦虑药依赖"
F13220,"镇静药、催眠药或抗焦虑药依赖伴中毒，无并发症"
F13221,"镇静药、催眠药或抗焦虑药依赖伴中毒谵妄"
F13229,"镇静剂、催眠药或抗焦虑药中毒依赖症，未指明"
F1323,"镇静剂、催眠药或抗焦虑药依赖伴戒断"
F13230,"镇静药、催眠药或抗焦虑药依赖伴戒断，无并发症"
F13231,"镇静药、催眠药或抗焦虑药依赖伴戒断性谵妄"
F13232,"镇静药、催眠药或抗焦虑药依赖伴戒断症状伴知觉障碍"
F13239,"镇静剂、催眠药或抗焦虑药依赖性伴戒断，未指明"
F1324,"镇静药、催眠药或抗焦虑药依赖性与镇静药、催眠药或抗焦虑药诱发的情绪障碍"
F1325,"镇静药、催眠药或抗焦虑药依赖性与镇静药、催眠药或抗焦虑药诱发的精神障碍"
F13250,"镇静剂、催眠药或抗焦虑药依赖性与镇静剂、催眠药或抗焦虑药诱发的伴有妄想的精神障碍"
F13251,"镇静药、催眠药或抗焦虑药依赖性与镇静药、催眠药或抗焦虑药诱发的精神障碍伴幻觉"
F13259,"镇静剂、催眠药或抗焦虑药依赖性与镇静剂、催眠药或抗焦虑药诱发的精神障碍，未指明"
F1326,"镇静药、催眠药或抗焦虑药依赖性与镇静药、催眠药或抗焦虑药诱发的持续性遗忘症"
F1327,"镇静剂、催眠药或抗焦虑药依赖性与镇静剂、催眠药或抗焦虑药诱导的持续性痴呆"
F1328,"镇静药、催眠药或抗焦虑药与其他镇静药、催眠药或抗焦虑药诱发的疾病的依赖性"
F13280,"镇静药、催眠药或抗焦虑药依赖症与镇静药、催眠药或抗焦虑药诱发的焦虑障碍"
F13281,"镇静药、催眠药或抗焦虑药依赖性药物与镇静药、催眠药或抗焦虑药引起的性功能障碍"
F13282,"镇静药、催眠药或抗焦虑药依赖性与镇静药、催眠药或抗焦虑药诱发的睡眠障碍"
F13288,"镇静药、催眠药或抗焦虑药与其他镇静药、催眠药或抗焦虑药诱发的疾病的依赖性"
F1329,"镇静药、催眠药或抗焦虑药依赖症伴未指明的镇静药、催眠药或抗焦虑药诱发的疾病"
F139,"镇静剂、催眠药或抗焦虑药相关用途，未指明"
F1390,"镇静剂、催眠药或抗焦虑药的使用，未指明，无并发症"
F1391,"镇静剂、催眠药或抗焦虑药的使用，未指定，缓解期"
F1392,"镇静剂、催眠药或抗焦虑药的使用，未指定中毒"
F13920,"镇静剂、催眠药或抗焦虑药的使用，未指定中毒，无并发症"
F13921,"镇静剂、催眠药或抗焦虑药的使用，未指定中毒谵妄"
F13929,"镇静剂、催眠药或抗焦虑药的使用，未指定中毒，未指定"
F1393,"镇静剂、催眠药或抗焦虑药的使用，戒断时未指定"
F13930,"镇静剂、催眠药或抗焦虑药的使用，未指定戒断，无并发症"
F13931,"镇静剂、催眠药或抗焦虑药的使用，未指定戒断性谵妄"
F13932,"镇静剂、催眠药或抗焦虑药的使用，未指定因知觉障碍而停药"
F13939,"镇静剂、催眠药或抗焦虑药的使用，未指定停药，未指定"
F1394,"镇静剂、催眠药或抗焦虑药的使用，未特指镇静剂、催眠药或抗焦虑药诱发的情绪障碍"
F1395,"镇静剂、催眠药或抗焦虑药的使用，未特指镇静剂、催眠药或抗焦虑药诱发的精神障碍"
F13950,"镇静剂、催眠药或抗焦虑药的使用，未指定镇静剂、催眠药或抗焦虑药诱发的精神病性障碍伴妄想"
F13951,"镇静剂、催眠药或抗焦虑药的使用，未指定镇静剂、催眠药或抗焦虑药诱发的精神障碍伴幻觉"
F13959,"镇静剂、催眠药或抗焦虑药的使用，未指定镇静剂、催眠药或抗焦虑药诱发的精神障碍，未指定"
F1396,"镇静剂、催眠药或抗焦虑药的使用，未指定镇静剂、催眠药或抗焦虑药诱发的持续性遗忘症"
F1397,"镇静剂、催眠药或抗焦虑药的使用，未指定镇静剂、催眠药或抗焦虑药诱导的持续性痴呆"
F1398,"镇静剂、催眠药或抗焦虑药的使用，未明确说明其他镇静剂、催眠药或抗焦虑药诱发的疾病"
F13980,"镇静剂、催眠药或抗焦虑药的使用，未特指镇静剂、催眠药或抗焦虑药诱发的焦虑障碍"
F13981,"镇静剂、催眠药或抗焦虑药的使用，未指定镇静剂、催眠药或抗焦虑药引起的性功能障碍"
F13982,"镇静剂、催眠药或抗焦虑药的使用，未特指镇静剂、催眠药或抗焦虑药诱发的睡眠障碍"
F13988,"镇静剂、催眠药或抗焦虑药的使用，未明确使用其他镇静剂、催眠药或抗焦虑药诱发的疾病"
F1399,"镇静剂、催眠药或抗焦虑药的使用，未指定镇静剂、催眠药或抗焦虑药诱发的疾病"
F14,"可卡因相关疾病"
F141,"可卡因滥用"
F1410,"可卡因滥用，无并发症"
F1411,"可卡因滥用，缓解期"
F1412,"可卡因滥用中毒"
F14120,"可卡因滥用伴中毒，无并发症"
F14121,"可卡因滥用伴中毒伴谵妄"
F14122,"可卡因滥用伴中毒伴知觉障碍"
F14129,"可卡因滥用中毒，未指明"
F1413,"可卡因滥用，未指定戒断"
F1414,"可卡因滥用伴可卡因诱发的情绪障碍"
F1415,"可卡因滥用伴可卡因诱发的精神障碍"
F14150,"可卡因滥用伴可卡因诱发的精神障碍伴妄想"
F14151,"可卡因滥用伴可卡因诱发的精神障碍伴幻觉"
F14159,"可卡因滥用伴可卡因诱发的精神障碍，未指明"
F1418,"可卡因滥用与其他可卡因诱发的疾病"
F14180,"可卡因滥用伴可卡因诱发的焦虑障碍"
F14181,"可卡因滥用伴可卡因诱发的性功能障碍"
F14182,"可卡因滥用伴可卡因诱发的睡眠障碍"
F14188,"可卡因滥用与其他可卡因诱发的疾病"
F1419,"可卡因滥用伴未指明的可卡因诱发疾病"
F142,"可卡因依赖"
F1420,"可卡因依赖，无并发症"
F1421,"可卡因依赖，缓解期"
F1422,"中毒时可卡因依赖"
F14220,"可卡因依赖伴中毒，无并发症"
F14221,"可卡因依赖伴中毒谵妄"
F14222,"可卡因依赖伴中毒伴知觉障碍"
F14229,"中毒时可卡因依赖，未指定"
F1423,"戒断时可卡因依赖"
F1424,"可卡因依赖与可卡因诱发的心境障碍"
F1425,"可卡因依赖与可卡因诱发的精神障碍"
F14250,"可卡因依赖与可卡因诱发的精神障碍伴妄想"
F14251,"可卡因依赖与可卡因诱发的精神障碍伴幻觉"
F14259,"可卡因对可卡因诱发的精神障碍的依赖，未指定"
F1428,"可卡因对其他可卡因诱导的疾病的依赖"
F14280,"可卡因依赖与可卡因引起的焦虑障碍"
F14281,"可卡因依赖与可卡因诱导的性功能障碍"
F14282,"可卡因依赖与可卡因诱导的睡眠障碍"
F14288,"可卡因对其他可卡因诱导的疾病的依赖"
F1429,"可卡因依赖伴未指明的可卡因诱发疾病"
F149,"可卡因使用，未指明"
F1490,"可卡因使用，不明原因，无并发症"
F1491,"可卡因使用，未指明，缓解期"
F1492,"使用可卡因，未明确说明的中毒"
F14920,"使用可卡因，未明确说明的中毒，无并发症"
F14921,"使用可卡因，未明确说明的中毒性谵妄"
F14922,"可卡因使用，未明确说明，伴有知觉障碍中毒"
F14929,"使用可卡因，未指定中毒，未指定"
F1493,"可卡因使用，未指定戒断"
F1494,"可卡因使用，未特指可卡因诱发的心境障碍"
F1495,"可卡因使用，未特指可卡因诱发的精神障碍"
F14950,"可卡因使用，未特指可卡因诱发的精神障碍伴妄想"
F14951,"可卡因使用，未明确可卡因诱发的精神障碍伴幻觉"
F14959,"可卡因使用，未指定可卡因诱发的精神障碍，未指定"
F1498,"可卡因使用，未指定其他特定可卡因诱导的疾病"
F14980,"可卡因使用，未特指可卡因引起的焦虑障碍"
F14981,"可卡因使用，未特指可卡因引起的性功能障碍"
F14982,"可卡因使用，可卡因诱发的睡眠障碍未明确"
F14988,"可卡因使用，未明确说明其他可卡因诱发的疾病"
F1499,"可卡因使用，未指定可卡因诱发的疾病"
F15,"其他兴奋剂相关疾病"
F151,"其他兴奋剂滥用"
F1510,"其他兴奋剂滥用，无并发症"
F1511,"其他兴奋剂滥用，缓解期"
F1512,"其他兴奋剂滥用伴中毒"
F15120,"其他兴奋剂滥用伴中毒，无并发症"
F15121,"其他兴奋剂滥用伴中毒谵妄"
F15122,"其他兴奋剂滥用伴中毒伴知觉障碍"
F15129,"其他兴奋剂滥用伴中毒，未指明"
F1513,"其他兴奋剂滥用伴戒断"
F1514,"其他兴奋剂滥用伴兴奋剂诱发的心境障碍"
F1515,"其他兴奋剂滥用伴兴奋剂诱发的精神障碍"
F15150,"其他兴奋剂滥用伴兴奋剂诱发的精神病性障碍伴妄想"
F15151,"其他兴奋剂滥用伴兴奋剂诱发的精神障碍伴幻觉"
F15159,"其他兴奋剂滥用伴兴奋剂诱发的精神障碍，未指明"
F1518,"其他兴奋剂滥用伴有其他兴奋剂诱发的疾病"
F15180,"兴奋剂诱发的焦虑障碍的其他兴奋剂滥用"
F15181,"其他兴奋剂滥用伴兴奋剂诱发的性功能障碍"
F15182,"其他兴奋剂滥用伴兴奋剂诱发的睡眠障碍"
F15188,"其他兴奋剂滥用伴有其他兴奋剂诱发的疾病"
F1519,"其他兴奋剂滥用伴未指明的兴奋剂诱发的疾病"
F152,"其他兴奋剂依赖"
F1520,"其他兴奋剂依赖，无并发症"
F1521,"缓解期的其他兴奋剂依赖"
F1522,"中毒引起的其他兴奋剂依赖"
F15220,"其他兴奋剂依赖伴中毒，无并发症"
F15221,"其他兴奋剂依赖伴中毒谵妄"
F15222,"其他兴奋剂依赖伴中毒伴知觉障碍"
F15229,"中毒引起的其他兴奋剂依赖，未指定"
F1523,"戒断反应的其他兴奋剂依赖"
F1524,"兴奋剂诱发的心境障碍的其他兴奋剂依赖"
F1525,"兴奋剂诱发的精神障碍的其他兴奋剂依赖"
F15250,"兴奋剂诱导的精神障碍伴妄想的其他兴奋剂依赖"
F15251,"兴奋剂诱导的精神障碍伴幻觉的其他兴奋剂依赖"
F15259,"兴奋剂诱发的精神障碍的其他兴奋剂依赖性，未指定"
F1528,"其他兴奋剂依赖性与其他兴奋剂诱发的疾病"
F15280,"兴奋剂诱发的焦虑障碍的其他兴奋剂依赖"
F15281,"其他兴奋剂依赖伴兴奋剂诱发的性功能障碍"
F15282,"兴奋剂诱发的睡眠障碍的其他兴奋剂依赖"
F15288,"其他兴奋剂依赖性与其他兴奋剂诱发的疾病"
F1529,"其他兴奋剂依赖伴未指明的兴奋剂诱发的疾病"
F159,"其他兴奋剂使用，未指明"
F1590,"其他兴奋剂使用，未指定，无并发症"
F1591,"其他兴奋剂使用，未指明，缓解期"
F1592,"其他兴奋剂使用，未指定中毒"
F15920,"其他兴奋剂使用，未指定中毒，无并发症"
F15921,"其他兴奋剂使用，未特指的中毒谵妄"
F15922,"其他兴奋剂使用，未指定伴有知觉障碍中毒"
F15929,"其他兴奋剂使用，未指定中毒，未指定"
F1593,"其他兴奋剂使用，未指定戒断"
F1594,"其他兴奋剂使用，未特指的兴奋剂诱发的心境障碍"
F1595,"其他兴奋剂使用，未特指的兴奋剂诱发的精神障碍"
F15950,"其他兴奋剂使用，未指定兴奋剂诱发的伴有妄想的精神障碍"
F15951,"其他兴奋剂使用，未特指，兴奋剂诱发的精神障碍伴幻觉"
F15959,"其他兴奋剂使用，未指定 兴奋剂诱发的精神障碍，未指定"
F1598,"其他兴奋剂使用，未特指其他兴奋剂诱发的疾病"
F15980,"其他兴奋剂使用，未特指的兴奋剂诱发的焦虑障碍"
F15981,"其他兴奋剂使用，未特指的兴奋剂诱发的性功能障碍"
F15982,"其他兴奋剂使用，未特指的兴奋剂诱发的睡眠障碍"
F15988,"其他兴奋剂使用，未特指其他兴奋剂诱发的疾病"
F1599,"其他兴奋剂使用，未指定未指定兴奋剂诱发的疾病"
F16,"致幻剂相关疾病"
F161,"致幻剂滥用"
F1610,"致幻剂滥用，无并发症"
F1611,"致幻剂滥用，缓解期"
F1612,"迷幻剂滥用中毒"
F16120,"致幻剂滥用伴中毒，无并发症"
F16121,"迷幻剂滥用伴中毒伴谵妄"
F16122,"致幻剂滥用伴中毒伴知觉障碍"
F16129,"致幻剂滥用中毒，未指明"
F1614,"致幻剂滥用伴致幻剂诱发的情绪障碍"
F1615,"致幻剂滥用伴致幻剂诱发的精神障碍"
F16150,"致幻剂滥用与致幻剂诱导的精神障碍伴妄想"
F16151,"致幻剂滥用伴致幻剂诱发的精神障碍"
F16159,"致幻剂滥用与致幻剂诱发的精神障碍，未指定"
F1618,"致幻剂滥用与其他致幻剂诱发的疾病"
F16180,"致幻剂滥用伴致幻剂诱发的焦虑障碍"
F16183,"致幻剂滥用伴致幻剂持续性感知障碍（闪回）"
F16188,"致幻剂滥用与其他致幻剂诱发的疾病"
F1619,"致幻剂滥用伴未指明的致幻剂诱发疾病"
F162,"致幻剂依赖"
F1620,"致幻剂依赖，无并发症"
F1621,"致幻剂依赖，缓解期"
F1622,"中毒时对致幻剂的依赖"
F16220,"致幻剂依赖伴中毒，无并发症"
F16221,"致幻剂依赖性与中毒伴谵妄"
F16229,"中毒引起的致幻剂依赖，未指定"
F1624,"致幻剂对致幻剂诱导的情绪障碍的依赖"
F1625,"致幻剂对致幻剂诱导的精神障碍的依赖"
F16250,"致幻剂对致幻剂诱导的精神障碍伴妄想的致幻剂依赖"
F16251,"致幻剂对致幻剂诱导的精神障碍的依赖性"
F16259,"致幻剂对致幻剂诱导的精神障碍的依赖性，未指定"
F1628,"致幻剂对其他致幻剂诱导的疾病的依赖"
F16280,"致幻剂对致幻剂诱导的焦虑症的依赖"
F16283,"致幻剂依赖性致幻剂持续性知觉障碍（闪回）"
F16288,"致幻剂对其他致幻剂诱导的疾病的依赖"
F1629,"致幻剂依赖与未指明的致幻剂诱导的疾病"
F169,"致幻剂使用，未指定"
F1690,"致幻剂的使用，未指定，无并发症"
F1691,"致幻剂使用，未指定，缓解期"
F1692,"使用致幻剂，未指明的中毒"
F16920,"使用致幻剂，未指定中毒，无并发症"
F16921,"致幻剂使用，未指定中毒伴谵妄"
F16929,"致幻剂使用，未指定中毒，未指定"
F1694,"致幻剂的使用，未特指致幻剂诱发的心境障碍"
F1695,"致幻剂的使用，未特指致幻剂诱导的精神障碍"
F16950,"致幻剂使用，未特指致幻剂诱发的伴有妄想的精神障碍"
F16951,"致幻剂的使用，未特指，致幻剂诱发的伴有幻觉的精神障碍"
F16959,"致幻剂的使用，未指定致幻剂诱导的精神障碍，未指定"
F1698,"致幻剂使用，未指定其他特定致幻剂诱导的疾病"
F16980,"致幻剂的使用，未特指致幻剂诱导的焦虑障碍"
F16983,"致幻剂使用，未特指的致幻剂持续性感知障碍（闪回）"
F16988,"致幻剂使用，未特指其他致幻剂诱导的疾病"
F1699,"致幻剂使用，未指定"
F17,"尼古丁依赖"
F172,"尼古丁依赖"
F1720,"尼古丁依赖，未指定"
F17200,"尼古丁依赖，未明确，无并发症"
F17201,"尼古丁依赖，未指明，缓解期"
F17203,"尼古丁依赖未明确，伴有戒断"
F17208,"尼古丁依赖，未明确，伴有其他尼古丁诱发的疾病"
F17209,"尼古丁依赖，未明确，尼古丁诱导的疾病"
F1721,"尼古丁依赖、香烟"
F17210,"尼古丁依赖、香烟、无并发症"
F17211,"尼古丁依赖、香烟、缓解期"
F17213,"尼古丁依赖、香烟、戒断"
F17218,"尼古丁依赖、香烟和其他尼古丁诱发的疾病"
F17219,"尼古丁依赖、香烟、未指明的尼古丁诱发疾病"
F1722,"尼古丁依赖、咀嚼烟草"
F17220,"尼古丁依赖、咀嚼烟草、无并发症"
F17221,"尼古丁依赖、咀嚼烟草、缓解期"
F17223,"尼古丁依赖、咀嚼烟草、戒断"
F17228,"尼古丁依赖、咀嚼烟草以及其他尼古丁诱发的疾病"
F17229,"尼古丁依赖、咀嚼烟草、未指明的尼古丁诱发疾病"
F1729,"尼古丁依赖、其他烟草制品"
F17290,"尼古丁依赖、其他烟草制品、无并发症"
F17291,"尼古丁依赖、其他烟草制品缓解期"
F17293,"尼古丁依赖、其他烟草制品、戒断"
F17298,"尼古丁依赖、其他烟草制品以及其他尼古丁诱发的疾病"
F17299,"尼古丁依赖、其他烟草制品、未指明的尼古丁诱发疾病"
F18,"吸入剂相关疾病"
F181,"吸入剂滥用"
F1810,"吸入剂滥用，无并发症"
F1811,"吸入药物滥用，缓解期"
F1812,"吸入剂滥用伴中毒"
F18120,"吸入剂滥用伴中毒，无并发症"
F18121,"吸入剂滥用伴中毒谵妄"
F18129,"吸入剂滥用伴中毒，未指明"
F1814,"吸入剂滥用伴吸入剂诱发的心境障碍"
F1815,"吸入剂滥用伴吸入剂诱发的精神障碍"
F18150,"吸入剂滥用伴吸入剂诱发的精神障碍伴妄想"
F18151,"吸入剂滥用伴吸入剂诱发的精神障碍伴幻觉"
F18159,"吸入剂滥用伴吸入剂诱发的精神障碍，未指定"
F1817,"吸入剂滥用伴吸入剂诱发的痴呆"
F1818,"吸入剂滥用与其他吸入剂诱发的疾病"
F18180,"吸入剂滥用伴吸入剂诱发的焦虑障碍"
F18188,"吸入剂滥用伴有其他吸入剂诱发的疾病"
F1819,"吸入剂滥用伴未指明的吸入剂诱发疾病"
F182,"吸入剂依赖"
F1820,"吸入剂依赖性，无并发症"
F1821,"吸入物依赖，缓解期"
F1822,"中毒时吸入物依赖"
F18220,"吸入剂依赖性伴中毒，无并发症"
F18221,"吸入剂依赖伴中毒谵妄"
F18229,"吸入剂依赖性伴中毒，未明确"
F1824,"吸入剂引起的心境障碍的吸入剂依赖性"
F1825,"吸入剂诱发的精神障碍的吸入剂依赖性"
F18250,"吸入剂依赖性与吸入剂诱发的伴有妄想的精神障碍"
F18251,"吸入剂依赖性与吸入剂诱发的幻觉精神病性障碍"
F18259,"吸入剂诱导的精神障碍的吸入剂依赖性，未指定"
F1827,"吸入剂诱导性痴呆的吸入剂依赖性"
F1828,"吸入物对其他吸入剂诱发疾病的依赖性"
F18280,"吸入剂诱导的焦虑障碍的吸入剂依赖性"
F18288,"吸入剂依赖性与其他吸入剂诱发的疾病"
F1829,"未指明的吸入剂诱发疾病的吸入剂依赖"
F189,"吸入剂使用，未指定"
F1890,"吸入剂使用，未指定，无并发症"
F1891,"吸入剂使用，未指定，缓解期"
F1892,"吸入剂使用，未明确说明的中毒"
F18920,"吸入剂使用，未明确说明的中毒，无并发症"
F18921,"吸入剂的使用，未指定伴有谵妄的中毒"
F18929,"吸入剂使用，未指定中毒，未指定"
F1894,"吸入剂的使用，未明确说明吸入剂诱发的心境障碍"
F1895,"吸入剂使用，未特指的吸入剂诱发的精神障碍"
F18950,"吸入剂使用，未特指特异的吸入剂诱发的伴有妄想的精神障碍"
F18951,"吸入剂的使用，未明确指出吸入剂诱发的幻觉精神病性障碍"
F18959,"吸入剂使用，未指定吸入剂诱发的精神障碍，未指定"
F1897,"吸入剂使用，未特指吸入剂诱发的持续性痴呆"
F1898,"吸入剂的使用，未明确说明其他吸入剂诱发的疾病"
F18980,"吸入剂的使用，未特指的吸入剂诱发的焦虑障碍"
F18988,"吸入剂的使用，未明确说明其他吸入剂诱发的疾病"
F1899,"吸入剂使用，未指定且未指定吸入剂诱发的疾病"
F19,"其他精神活性物质相关疾病"
F191,"其他精神活性物质滥用"
F1910,"其他精神活性物质滥用，无并发症"
F1911,"其他精神活性物质滥用，缓解期"
F1912,"其他精神活性物质滥用伴中毒"
F19120,"其他精神活性物质滥用伴中毒，无并发症"
F19121,"其他精神活性物质滥用伴中毒谵妄"
F19122,"其他精神活性物质滥用伴中毒伴知觉障碍"
F19129,"其他精神活性物质滥用伴中毒，未指明"
F1913,"其他精神活性物质滥用伴戒断"
F19130,"其他伴有戒断症状的精神活性物质滥用，无并发症"
F19131,"其他伴有戒断性谵妄的精神活性物质滥用"
F19132,"其他精神活性物质滥用伴戒断伴知觉障碍"
F19139,"其他戒断性精神活性物质滥用，未指明"
F1914,"其他精神活性物质滥用伴精神活性物质诱发的心境障碍"
F1915,"其他精神活性物质滥用与精神活性物质诱发的精神障碍"
F19150,"其他精神活性物质滥用与精神活性物质诱发的精神障碍伴妄想"
F19151,"其他精神活性物质滥用伴有精神活性物质诱发的精神障碍伴幻觉"
F19159,"其他精神活性物质滥用与精神活性物质诱发的精神障碍，未指明"
F1916,"其他精神活性物质滥用伴精神活性物质诱发的持续性遗忘障碍"
F1917,"其他精神活性物质滥用与精神活性物质诱导的持续性痴呆"
F1918,"其他精神活性物质滥用与其他精神活性物质诱发的疾病"
F19180,"其他精神活性物质滥用伴精神活性物质诱发的焦虑障碍"
F19181,"其他精神活性物质滥用伴精神活性物质诱发的性功能障碍"
F19182,"其他精神活性物质滥用伴精神活性物质诱发的睡眠障碍"
F19188,"其他精神活性物质滥用伴有其他精神活性物质诱发的疾病"
F1919,"其他精神活性物质滥用伴未指明的精神活性物质诱发的障碍"
F192,"其他精神活性物质依赖"
F1920,"其他精神活性物质依赖，无并发症"
F1921,"其他精神活性物质依赖，缓解期"
F1922,"中毒引起的其他精神活性物质依赖"
F19220,"其他精神活性物质依赖伴中毒，无并发症"
F19221,"其他精神活性物质依赖伴中毒谵妄"
F19222,"其他精神活性物质依赖伴中毒伴知觉障碍"
F19229,"中毒引起的其他精神活性物质依赖，未指明"
F1923,"其他精神活性物质依赖伴戒断"
F19230,"其他精神活性物质依赖伴戒断，无并发症"
F19231,"其他精神活性物质依赖伴戒断性谵妄"
F19232,"其他精神活性物质依赖伴戒断伴知觉障碍"
F19239,"戒断性的其他精神活性物质依赖，未指定"
F1924,"其他精神活性物质依赖性物质与精神活性物质诱发的心境障碍"
F1925,"其他精神活性物质依赖与精神活性物质诱发的精神障碍"
F19250,"其他精神活性物质依赖性物质与精神活性物质诱发的精神障碍伴妄想"
F19251,"其他精神活性物质依赖性物质与精神活性物质诱发的精神障碍伴幻觉"
F19259,"其他精神活性物质依赖性物质与精神活性物质诱发的精神障碍，未指明"
F1926,"其他精神活性物质依赖性与精神活性物质诱导的持续性遗忘障碍"
F1927,"其他精神活性物质依赖与精神活性物质诱导的持续性痴呆"
F1928,"其他精神活性物质对其他精神活性物质诱导的疾病的依赖"
F19280,"其他精神活性物质依赖与精神活性物质诱发的焦虑障碍"
F19281,"其他精神活性物质依赖与精神活性物质诱导的性功能障碍"
F19282,"其他精神活性物质依赖与精神活性物质诱导的睡眠障碍"
F19288,"其他精神活性物质依赖性与其他精神活性物质诱发的疾病"
F1929,"其他精神活性物质依赖与未指明的精神活性物质诱发的疾病"
F199,"其他精神活性物质使用，未指明"
F1990,"其他精神活性物质使用，未指明，无并发症"
F1991,"其他精神活性物质使用，未指明，缓解期"
F1992,"其他精神活性物质使用，未指明的中毒"
F19920,"其他精神活性物质使用，未分类的中毒，无并发症"
F19921,"其他精神活性物质使用，未特明的中毒伴谵妄"
F19922,"其他精神活性物质使用，未明确说明伴有知觉障碍中毒"
F19929,"其他精神活性物质使用，未指明中毒，未指明"
F1993,"其他精神活性物质使用，戒断未明确"
F19930,"其他精神活性物质使用，未指明且戒断，无并发症"
F19931,"其他精神活性物质使用，未特指的戒断性谵妄"
F19932,"其他精神活性物质使用，未指定伴戒断伴有知觉障碍"
F19939,"其他精神活性物质使用，未指定且停药，未指定"
F1994,"其他精神活性物质使用，未特指的精神活性物质诱发的情绪障碍"
F1995,"其他精神活性物质使用，未特指的精神活性物质诱发的精神障碍"
F19950,"其他精神活性物质使用，未明确说明精神活性物质诱发的伴有妄想的精神障碍"
F19951,"其他精神活性物质使用，未特指，精神活性物质诱发的精神障碍伴幻觉"
F19959,"其他精神活性物质使用，未指定精神活性物质诱发的精神障碍，未指定"
F1996,"其他精神活性物质使用，未特指，精神活性物质诱发的持续性遗忘障碍"
F1997,"其他精神活性物质使用，未特指的精神活性物质诱导的持续性痴呆"
F1998,"其他精神活性物质使用，未明确说明其他精神活性物质诱发的疾病"
F19980,"其他精神活性物质使用，未特指的精神活性物质诱发的焦虑障碍"
F19981,"其他精神活性物质使用，未特指的精神活性物质诱发的性功能障碍"
F19982,"其他精神活性物质使用，未特指的精神活性物质诱发的睡眠障碍"
F19988,"其他精神活性物质使用，未明确说明其他精神活性物质诱发的疾病"
F1999,"其他精神活性物质使用，未指定且未指定精神活性物质诱发的疾病"
F20,"精神分裂症"
F200,"偏执型精神分裂症"
F201,"紊乱的精神分裂症"
F202,"紧张性精神分裂症"
F203,"未分化精神分裂症"
F205,"残余精神分裂症"
F208,"其他精神分裂症"
F2081,"精神分裂症样疾病"
F2089,"其他精神分裂症"
F209,"精神分裂症，未指定"
F21,"分裂型障碍"
F22,"妄想症"
F23,"短暂的精神障碍"
F24,"共有精神病"
F25,"分裂情感性障碍"
F250,"分裂情感性障碍，双相情感型"
F251,"分裂情感性障碍，抑郁型"
F258,"其他分裂情感性障碍"
F259,"分裂情感性障碍，未指定"
F28,"不是由某种物质或已知的生理状况引起的其他精神障碍"
F29,"非物质或已知生理状况引起的未指明精神病"
F30,"躁狂发作"
F301,"无精神病症状的躁狂发作"
F3010,"无精神病症状的躁狂发作，未明确"
F3011,"无精神病症状的躁狂发作，轻度"
F3012,"无精神病症状的躁狂发作，中度"
F3013,"躁狂发作，严重，无精神病症状"
F302,"躁狂发作，严重伴有精神病症状"
F303,"部分缓解的躁狂发作"
F304,"躁狂发作完全缓解"
F308,"其他躁狂发作"
F309,"躁狂发作，未指定"
F31,"双相情感障碍"
F310,"双相情感障碍，当前发作的轻躁狂"
F311,"双相情感障碍，当前发作的躁狂，无精神病特征"
F3110,"双相情感障碍，当前发作的躁狂，无精神病特征，未明确"
F3111,"双相情感障碍，当前发作的躁狂，无精神病特征，轻度"
F3112,"双相情感障碍，当前发作的躁狂，无精神病特征，中度"
F3113,"双相情感障碍，当前发作的躁狂，无精神病特征，重度"
F312,"双相情感障碍，当前发作的躁狂重度伴精神病特征"
F313,"双相情感障碍，当前发作抑郁，轻度或中度严重程度"
F3130,"双相情感障碍，当前发作抑郁，轻度或中度严重程度，未指定"
F3131,"双相情感障碍，当前发作抑郁，轻度"
F3132,"双相情感障碍，当前发作抑郁，中度"
F314,"双相情感障碍，当前发作抑郁，严重，无精神病特征"
F315,"双相情感障碍，当前发作抑郁，严重，具有精神病特征"
F316,"双相情感障碍，当前发作混合"
F3160,"双相情感障碍，当前发作混合，未指定"
F3161,"双相情感障碍，当前发作混合，轻度"
F3162,"双相情感障碍，当前发作混合，中度"
F3163,"双相情感障碍，当前发作混合，严重，无精神病特征"
F3164,"双相情感障碍，当前发作混合，严重，具有精神病特征"
F317,"双相情感障碍，目前处于缓解期"
F3170,"双相情感障碍，目前处于缓解期，最近一次发作未明确"
F3171,"双相情感障碍，部分缓解，最近一次发作的轻躁狂"
F3172,"双相情感障碍，完全缓解，最近一次发作的轻躁狂"
F3173,"双相情感障碍，部分缓解，最近发作的躁狂"
F3174,"双相情感障碍，完全缓解，最近一次发作躁狂"
F3175,"双相情感障碍，部分缓解，最近一次发作抑郁"
F3176,"双相情感障碍，完全缓解，最近一次发作抑郁"
F3177,"双相情感障碍，部分缓解，最近一次发作混合"
F3178,"双相情感障碍，完全缓解，最近一次发作混合"
F318,"其他双相情感障碍"
F3181,"双相 II 型障碍"
F3189,"其他双相情感障碍"
F319,"双相情感障碍，未指定"
F32,"抑郁发作"
F320,"重性抑郁障碍，单次发作，轻度"
F321,"重性抑郁障碍，单次发作，中度"
F322,"重性抑郁障碍，单次发作，严重无精神病特征"
F323,"重性抑郁障碍，单次发作，严重伴有精神病特征"
F324,"重度抑郁症，单次发作，部分缓解"
F325,"重性抑郁障碍，单次发作，完全缓解"
F328,"其他抑郁发作"
F3281,"经前焦虑障碍"
F3289,"其他特定的抑郁发作"
F329,"重性抑郁障碍，单次发作，未指定"
F32A,"抑郁，未指明"
F33,"重性抑郁障碍，复发性"
F330,"重度抑郁症，复发性，轻度"
F331,"重度抑郁症，复发性，中度"
F332,"重性抑郁障碍，反复发作的严重性，无精神病特征"
F333,"重度抑郁症，复发性，严重伴有精神病症状"
F334,"重度抑郁症，复发性，缓解期"
F3340,"重度抑郁症，复发性，缓解期，未指定"
F3341,"重度抑郁症，复发性，部分缓解"
F3342,"重度抑郁症，复发性，完全缓解"
F338,"其他复发性抑郁障碍"
F339,"重度抑郁症，复发性，未指定"
F34,"持续性情绪 [情感] 障碍"
F340,"循环性心境障碍"
F341,"心境恶劣障碍"
F348,"其他持续性情绪 [情感] 障碍"
F3481,"破坏性心境失调障碍"
F3489,"其他特定的持续性心境障碍"
F349,"持续性情绪 [情感] 障碍，未指明"
F39,"未指明的心境 [情感] 障碍"
F40,"恐惧性焦虑障碍"
F400,"广场恐惧症"
F4000,"广场恐惧症，未指定"
F4001,"广场恐惧症伴惊恐障碍"
F4002,"无惊恐障碍的广场恐惧症"
F401,"社交恐惧症"
F4010,"社交恐惧症，未指明"
F4011,"社交恐惧症，广泛性"
F402,"特异性（孤立性）恐惧症"
F4021,"动物类型恐惧症"
F40210,"蜘蛛恐惧症"
F40218,"其他动物类型恐惧症"
F4022,"自然环境型恐惧症"
F40220,"害怕雷暴"
F40228,"其他自然环境类型 恐惧症"
F4023,"血液、注射、损伤型恐惧症"
F40230,"对血的恐惧"
F40231,"害怕注射和输血"
F40232,"害怕其他医疗护理"
F40233,"害怕受伤"
F4024,"情境型恐惧症"
F40240,"幽闭 恐惧 症"
F40241,"恐高症"
F40242,"对桥梁的恐惧"
F40243,"害怕飞行"
F40248,"其他情境型恐惧症"
F4029,"其他特定的恐惧症"
F40290,"男性恐惧症"
F40291,"男性恐惧症"
F40298,"其他特定的恐惧症"
F408,"其他恐惧性焦虑障碍"
F409,"恐惧性焦虑障碍，未指定"
F41,"其他焦虑障碍"
F410,"惊恐障碍 [发作性阵发性焦虑]"
F411,"广泛性焦虑障碍"
F413,"其他混合性焦虑障碍"
F418,"其他特定的焦虑障碍"
F419,"焦虑障碍，未指定"
F42,"强迫症"
F422,"混合的强迫观念和行为"
F423,"囤积障碍"
F424,"表皮脱落（皮肤搔抓）障碍"
F428,"其他强迫症"
F429,"强迫症，未指定"
F43,"对严重压力的反应和适应障碍"
F430,"急性应激反应"
F431,"创伤后应激障碍 （PTSD）"
F4310,"创伤后应激障碍，未指定"
F4311,"创伤后应激障碍，急性"
F4312,"创伤后应激障碍，慢性"
F432,"适应障碍"
F4320,"适应障碍，未指定"
F4321,"伴有抑郁情绪的适应障碍"
F4322,"焦虑适应障碍"
F4323,"伴有混合焦虑和抑郁情绪的适应障碍"
F4324,"伴行为障碍的适应障碍"
F4325,"伴有情绪和行为混合障碍的适应障碍"
F4329,"伴有其他症状的适应障碍"
F438,"对严重压力的其他反应"
F4381,"长期哀伤障碍"
F4389,"对严重压力的其他反应"
F439,"对严重应激的反应，未指定"
F44,"分离性和转换障碍"
F440,"分离性遗忘症"
F441,"分离性神游症"
F442,"分离性昏睡"
F444,"伴有运动症状或缺陷的转换障碍"
F445,"伴有癫痫发作或抽搐的转换障碍"
F446,"伴有感觉症状或缺陷的转换障碍"
F447,"伴有混合症状表现的转换障碍"
F448,"其他分离性和转换障碍"
F4481,"分离性身份识别障碍"
F4489,"其他分离性和转换障碍"
F449,"分离性和转换障碍，未指定"
F45,"躯体形式障碍"
F450,"躯体化障碍"
F451,"未分化躯体形式障碍"
F452,"疑病症"
F4520,"疑病症，未指定"
F4521,"疑病症"
F4522,"躯体变形障碍"
F4529,"其他疑病症"
F454,"与心理因素相关的疼痛障碍"
F4541,"仅与心理因素相关的疼痛障碍"
F4542,"伴有相关心理因素的疼痛障碍"
F458,"其他躯体形式障碍"
F459,"躯体形式障碍，未指定"
F48,"其他非精神病性精神障碍"
F481,"人格解体-现实解体综合征"
F482,"假性延髓影响"
F488,"其他特定的非精神病性精神障碍"
F489,"非精神病性精神障碍，未指定"
F50,"进食障碍"
F500,"神经性厌食"
F5000,"神经性厌食症，未指定"
F5001,"神经性厌食症，限制型"
F5002,"神经性厌食症，暴饮暴食/催吐型"
F502,"神经贪食症"
F508,"其他饮食失调"
F5081,"暴食症"
F5082,"回避/限制性摄食障碍"
F5089,"其他特定的进食障碍"
F509,"进食障碍，未指定"
F51,"非物质或已知生理状况引起的睡眠障碍"
F510,"非物质或已知生理状况引起的失眠"
F5101,"原发性失眠"
F5102,"调整失眠"
F5103,"反常性失眠"
F5104,"心理生理性失眠"
F5105,"其他精神障碍引起的失眠"
F5109,"非物质或已知生理状况引起的其他失眠"
F511,"非物质或已知生理状况引起的嗜睡症"
F5111,"原发性嗜睡症"
F5112,"睡眠不足综合征"
F5113,"其他精神障碍引起的嗜睡"
F5119,"其他非物质或已知生理状况引起的嗜睡症"
F513,"梦游 [梦游症]"
F514,"睡惊症 [night thour]"
F515,"梦魇障碍"
F518,"不是由某种物质或已知的生理状况引起的其他睡眠障碍"
F519,"非物质或已知生理状况引起的睡眠障碍，未指定"
F52,"非物质或已知生理状况引起的性功能障碍"
F520,"减退症"
F521,"性厌恶障碍"
F522,"性唤起障碍"
F5221,"男性勃起障碍"
F5222,"女性性唤起障碍"
F523,"性高潮障碍"
F5231,"女性性高潮障碍"
F5232,"男性性高潮障碍"
F524,"早泄"
F525,"阴道痉挛不是由某种物质或已知的生理状况引起的"
F526,"非物质或已知生理状况引起的痛"
F528,"不是由某种物质或已知的生理状况引起的其他性功能障碍"
F529,"非物质或已知生理状况引起的未指明性功能障碍"
F53,"与产褥期相关的精神和行为障碍，未在其他地方分类"
F530,"产后抑郁症"
F531,"产褥期精神病"
F54,"与疾病相关的心理和行为因素"
F55,"滥用非精神活性物质"
F550,"滥用抗酸剂"
F551,"滥用草药或民间疗法"
F552,"滥用泻药"
F553,"滥用类固醇或激素"
F554,"滥用维生素"
F558,"滥用其他非精神活性物质"
F59,"与生理紊乱和物理因素相关的未明确行为综合征"
F60,"特定人格障碍"
F600,"偏执型人格障碍"
F601,"分裂样人格障碍"
F602,"反社会型人格障碍"
F603,"边缘型人格障碍"
F604,"表演型人格障碍"
F605,"强迫型人格障碍"
F606,"回避型人格障碍"
F607,"依赖型人格障碍"
F608,"其他特定人格障碍"
F6081,"自恋型人格障碍"
F6089,"其他特定人格障碍"
F609,"人格障碍，未指定"
F63,"冲动障碍"
F630,"病态赌博"
F631,"放火狂"
F632,"盗窃癖"
F633,"拔毛癖"
F638,"其他冲动障碍"
F6381,"间歇性狂暴症"
F6389,"其他冲动障碍"
F639,"冲动障碍，未指定"
F64,"性别认同障碍"
F640,"易性癖"
F641,"双重角色异装癖"
F642,"童年性别认同障碍"
F648,"其他性别认同障碍"
F649,"性别认同障碍，未指明"
F65,"性"
F650,"拜物教"
F651,"异装拜物教"
F652,"裸露癖"
F653,"窥淫癖"
F654,"恋童癖"
F655,"施虐受虐狂"
F6550,"施虐受虐狂，未指定"
F6551,"性受虐狂"
F6552,"性"
F658,"其他性"
F6581,"Frotteurism （弗洛特主义）"
F6589,"其他性"
F659,"性，未指定"
F66,"其他性功能障碍"
F68,"成人人格和行为的其他障碍"
F681,"强加于自我的做作性障碍"
F6810,"强加于自我的做作性障碍，未指明"
F6811,"强加于自我的做作性障碍，主要表现为心理体征和症状"
F6812,"强加于自我的做作性障碍，以躯体体征和症状为主"
F6813,"强加于自我的做作性障碍，伴有心理和身体的体征和症状"
F688,"其他特定的成人人格和行为障碍"
F68A,"施加于他人的做作性混乱"
F69,"未指明的成人人格和行为障碍"
F70,"轻度智障"
F71,"中度智障"
F72,"严重智障"
F73,"极度智力障碍"
F78,"其他智力障碍"
F78A,"其他与遗传相关的智力障碍"
F78A1,"SYNGAP1 相关智力障碍"
F78A9,"其他与遗传相关的智力障碍"
F79,"未指明的智力障碍"
F80,"特定的言语和语言发育障碍"
F800,"语音障碍"
F801,"表达性语言障碍"
F802,"混合性接受-表达性语言障碍"
F804,"听力损失导致的言语和语言发育迟缓"
F808,"其他言语和语言发育障碍"
F8081,"儿童期发作的流利性障碍"
F8082,"社交语用型沟通障碍"
F8089,"其他言语和语言发育障碍"
F809,"言语和语言发育障碍，未指定"
F81,"特定学术技能发育障碍"
F810,"特异性阅读障碍"
F812,"数学障碍"
F818,"其他学术技能发育障碍"
F8181,"书面表达障碍"
F8189,"其他学术技能发育障碍"
F819,"学术技能发育障碍，未指定"
F82,"运动功能的特定发育障碍"
F84,"广泛性发育障碍"
F840,"自闭症"
F842,"雷特综合征"
F843,"其他儿童崩解性障碍"
F845,"阿斯伯格综合症"
F848,"其他普遍性发育障碍"
F849,"广泛性发育障碍，未明确"
F88,"其他心理发育障碍"
F89,"未指明的心理发育障碍"
F90,"注意缺陷多动障碍"
F900,"注意缺陷多动障碍，主要是注意力不集中型"
F901,"注意缺陷多动障碍，主要是多动型"
F902,"注意缺陷多动障碍，混合型"
F908,"注意缺陷多动障碍，其他类型"
F909,"注意缺陷多动障碍，未指定类型"
F91,"品行障碍"
F910,"仅限于家庭环境的品行障碍"
F911,"品行障碍，儿童期发病型"
F912,"品行障碍，青少年型"
F913,"对立违抗性障碍"
F918,"其他品行障碍"
F919,"品行障碍，未指定"
F93,"儿童期特异性发作的情绪障碍"
F930,"儿童分离焦虑症"
F938,"其他儿童期情绪障碍"
F939,"儿童期情绪障碍，未指定"
F94,"儿童期和青少年期特异性发作的社会功能障碍"
F940,"选择性缄默症"
F941,"儿童反应性依恋障碍"
F942,"儿童期去抑制型依恋障碍"
F948,"其他儿童社会功能障碍"
F949,"儿童期社会功能障碍，未指明"
F95,"抽动障碍"
F950,"短暂性抽动障碍"
F951,"慢性运动或发声抽动障碍"
F952,"抽动秽语障碍"
F958,"其他抽动障碍"
F959,"抽动障碍，未指定"
F98,"其他行为和情绪障碍通常发生在儿童和青少年时期"
F980,"遗尿症不是由某种物质或已知的生理状况引起的"
F981,"大便失禁不是由某种物质或已知的生理状况引起的"
F982,"婴儿和儿童期的其他喂养障碍"
F9821,"婴儿反刍障碍"
F9829,"婴儿和幼儿期的其他喂养障碍"
F983,"婴儿期和童年的异食癖"
F984,"刻板印象中的运动障碍"
F985,"成人发作的流畅性障碍"
F988,"其他特定的行为和情绪障碍，通常发生在儿童和青少年时期"
F989,"未明确的行为和情绪障碍，通常发生在儿童和青少年时期"
F99,"精神障碍，未另行说明"
G00,"细菌性脑膜炎，未分类"
G000,"嗜血杆菌脑膜炎"
G001,"肺炎球菌性脑膜炎"
G002,"链球菌性脑膜炎"
G003,"葡萄球菌性脑膜炎"
G008,"其他细菌性脑膜炎"
G009,"细菌性脑膜炎，未指定"
G01,"其他分类的细菌性疾病中的脑膜炎"
G02,"其他其他分类的感染性疾病和寄生虫病中的脑膜炎"
G03,"其他和未明确原因引起的脑膜炎"
G030,"非化脓性脑膜炎"
G031,"慢性脑膜炎"
G032,"良性复发性脑膜炎 [Mollaret]"
G038,"其他特定原因引起的脑膜炎"
G039,"脑膜炎，未指定"
G04,"脑炎、脊髓炎和脑脊髓炎"
G040,"急性播散性脑炎和脑脊髓炎 （ADEM）"
G0400,"急性播散性脑炎和脑脊髓炎，未明确"
G0401,"感染后急性播散性脑炎和脑脊髓炎 （感染后 ADEM）"
G0402,"免疫接种后急性播散性脑炎、脊髓炎和脑脊髓炎"
G041,"热带痉挛性截瘫"
G042,"细菌性脑膜脑炎和脑膜脊髓炎，未在其他地方分类"
G043,"急性坏死性出血性脑病"
G0430,"急性坏死性出血性脑病，未明确"
G0431,"感染后急性坏死性出血性脑病"
G0432,"免疫接种后急性坏死性出血性脑病"
G0439,"其他急性坏死性出血性脑病"
G048,"其他脑炎、脊髓炎和脑脊髓炎"
G0481,"其他脑炎和脑脊髓炎"
G0482,"急性弛缓性脊髓炎"
G0489,"其他脊髓炎"
G049,"脑炎、脊髓炎和脑脊髓炎，未指定"
G0490,"脑炎和脑脊髓炎，未明确"
G0491,"脊髓炎，未指定"
G05,"脑炎、脊髓炎和脑脊髓炎在别处分类的疾病"
G053,"脑炎和脑脊髓炎在别处分类的疾病"
G054,"其他分类疾病中的脊髓炎"
G06,"颅内和椎管内脓肿和肉芽肿"
G060,"颅内脓肿和肉芽肿"
G061,"椎管内脓肿和肉芽肿"
G062,"硬膜外和硬膜下脓肿，未指定"
G07,"颅内和椎管内脓肿和肉芽肿见于其他分类疾病"
G08,"颅内和椎管内静脉炎和血栓性静脉炎"
G09,"中枢神经系统炎症性疾病的后遗症"
G10,"亨廷顿病"
G11,"遗传性共济失调"
G110,"先天性非进行性共济失调"
G111,"早发性小脑性共济失调"
G1110,"早发性小脑性共济失调，未明确"
G1111,"Friedreich 共济失调"
G1119,"其他早发性小脑性共济失调"
G112,"迟发性小脑性共济失调"
G113,"DNA 修复缺陷的小脑性共济失调"
G114,"遗传性痉挛性截瘫"
G118,"其他遗传性共济失调"
G119,"遗传性共济失调，未明确"
G12,"脊髓性肌萎缩症和相关综合征"
G120,"婴儿脊髓性肌萎缩症，I 型 [Werdnig-Hoffman]"
G121,"其他遗传性脊髓性肌萎缩症"
G122,"运动神经元疾病"
G1220,"运动神经元病，未指定"
G1221,"肌萎缩侧索硬化症"
G1222,"进行性延髓麻痹"
G1223,"原发性侧索硬化症"
G1224,"家族性运动神经元病"
G1225,"进行性脊髓肌萎缩"
G1229,"其他运动神经元疾病"
G128,"其他脊髓性肌萎缩症和相关综合征"
G129,"脊髓性肌萎缩症，未指定"
G13,"主要影响其他分类疾病中枢神经系统的系统性萎缩"
G130,"副肿瘤性神经肌病和神经病"
G131,"肿瘤性疾病中主要影响中枢神经系统的其他系统性萎缩"
G132,"黏液性水肿主要影响中枢神经系统的系统性萎缩"
G138,"系统性萎缩主要影响其他分类的疾病中的中枢神经系统"
G14,"脊髓灰质炎后综合征"
G20,"帕金森病"
G21,"继发性帕金森综合征"
G210,"恶性抗精神病药综合征"
G211,"其他药物诱发的继发性帕金森综合征"
G2111,"神经阻滞剂诱导的帕金森病"
G2119,"其他药物诱导的继发性帕金森病"
G212,"其他外部因素引起的继发性帕金森病"
G213,"脑炎后帕金森综合征"
G214,"血管性帕金森综合征"
G218,"其他继发性帕金森病"
G219,"继发性帕金森综合征，未指定"
G23,"基底节的其他退行性疾病"
G230,"Hallervorden-Spatz 病"
G231,"进行性核上性眼肌麻痹 [Steele-Richardson-Olszewski]"
G232,"纹状体下质变性"
G238,"其他特定的基底节退行性疾病"
G239,"基底神经节退行性疾病，未指定"
G24,"肌 张力 障碍"
G240,"药物诱发的肌张力障碍"
G2401,"药物诱导的亚急性运动障碍"
G2402,"药物诱发的急性肌张力障碍"
G2409,"其他药物引起的肌张力障碍"
G241,"遗传性扭转性肌张力障碍"
G242,"特发性非家族性肌张力障碍"
G243,"痉挛性斜颈"
G244,"特发性口面部肌张力障碍"
G245,"眼睑"
G248,"其他肌张力障碍"
G249,"肌张力障碍，未指定"
G25,"其他锥体外系和运动障碍"
G250,"特发性震颤"
G251,"药物诱发的震颤"
G252,"其他特定形式的震颤"
G253,"肌阵挛"
G254,"药物诱发的舞蹈病"
G255,"其他舞蹈病"
G256,"药物诱发的抽搐和其他器质来源的抽搐"
G2561,"药物诱发的抽搐"
G2569,"其他有机来源的抽搐"
G257,"其他和未指明的药物诱发的运动障碍"
G2570,"药物诱发的运动障碍，未指定"
G2571,"药物诱发的静坐不能"
G2579,"其他药物性运动障碍"
G258,"其他特定的锥体外系和运动障碍"
G2581,"不宁腿综合征"
G2582,"僵男综合症"
G2583,"良性战栗发作"
G2589,"其他特定的锥体外系和运动障碍"
G259,"锥体外系和运动障碍，未指定"
G26,"其他分类疾病中的锥体外系和运动障碍"
G30,"阿尔茨海默病"
G300,"早发性阿尔茨海默病"
G301,"晚发性阿尔茨海默病"
G308,"其他阿尔茨海默病"
G309,"阿尔茨海默病，未指定"
G31,"其他神经系统退行性疾病，未分类"
G310,"额颞叶痴呆"
G3101,"皮克病"
G3109,"其他额颞神经认知障碍"
G311,"大脑老年性变性，未分类"
G312,"酒精引起的神经系统退化"
G318,"其他特定的神经系统退行性疾病"
G3181,"Alpers 病"
G3182,"Leigh 病"
G3183,"路易体神经认知障碍"
G3184,"病因不明或不明的轻度认知障碍"
G3185,"皮质基底节变性"
G3189,"其他特定的神经系统退行性疾病"
G319,"神经系统退行性疾病，未指定"
G32,"其他分类疾病中的神经系统退行性疾病"
G320,"在别处分类的疾病中脊髓的亚急性联合变性"
G328,"其他分类疾病中其他特定的神经系统退行性疾病"
G3281,"小脑性共济失调在别处分类的疾病"
G3289,"其他分类疾病中其他特定的神经系统退行性疾病"
G35,"多发性硬化症"
G36,"其他急性播散性脱髓鞘"
G360,"视神经脊髓炎 [Devic]"
G361,"急性和亚急性出血性白质脑炎 [Hurst]"
G368,"其他特定的急性播散性脱髓鞘"
G369,"急性播散性脱髓鞘，未明确"
G37,"其他中枢神经系统脱髓鞘疾病"
G370,"中枢神经系统弥漫性硬化症"
G371,"胼胝体中央脱髓鞘"
G372,"脑桥中央髓鞘溶解症"
G373,"中枢神经系统脱髓鞘疾病的急性横贯性脊髓炎"
G374,"中枢神经系统亚急性坏死性脊髓炎"
G375,"中枢神经系统向心性硬化症 [Balo]"
G378,"其他特定的中枢神经系统脱髓鞘疾病"
G379,"中枢神经系统脱髓鞘疾病，未指定"
G40,"癫痫和反复发作"
G400,"局部相关（局灶性）（部分）特发性癫痫和癫痫综合征伴局部发作"
G4000,"局部相关（局灶性）（部分）特发性癫痫和癫痫综合征，伴有局部发作的癫痫发作，非顽固性"
G40001,"局部相关（局灶性）（部分性）特发性癫痫和癫痫综合征，伴有局部发作，非顽固性，伴有癫痫持续状态"
G40009,"局部相关（局灶性）（部分）特发性癫痫和癫痫综合征，伴有局部发作、非顽固性、无癫痫持续状态的癫痫发作"
G4001,"局部相关（局灶性）（部分）特发性癫痫和癫痫综合征伴局部发作、顽固性癫痫发作"
G40011,"局部相关（局灶性）（部分）特发性癫痫和癫痫综合征，伴有局部发作、顽固性、癫痫持续状态"
G40019,"局部相关（局灶性）（部分）特发性癫痫和癫痫综合征，伴有局部发作、顽固性、无癫痫持续状态的癫痫发作"
G401,"局部相关（局灶性）（部分性）症状性癫痫和癫痫综合征伴简单部分性发作"
G4010,"局部相关（局灶性）（部分性）症状性癫痫和癫痫综合征伴简单部分性癫痫发作，非顽固性"
G40101,"局部相关（局灶性）（部分性）症状性癫痫和癫痫综合征，伴有简单的部分性发作，非顽固性，伴有癫痫持续状态"
G40109,"局部相关（局灶性）（部分性）症状性癫痫和癫痫综合征，伴有简单的部分性发作，不难治性，无癫痫持续状态"
G4011,"局部相关（局灶性）（部分性）症状性癫痫和癫痫综合征伴简单部分性发作，顽固性"
G40111,"局部相关（局灶性）（部分性）症状性癫痫和癫痫综合征伴简单部分性发作，顽固性，伴有癫痫持续状态"
G40119,"局部相关（局灶性）（部分性）症状性癫痫和癫痫综合征伴简单部分性发作，顽固性，无癫痫持续状态"
G402,"局部相关（局灶性）（部分性）症状性癫痫和癫痫综合征伴复杂部分性发作"
G4020,"局部相关（局灶性）（部分性）症状性癫痫和癫痫综合征伴复杂部分性癫痫发作，非顽固性"
G40201,"局部相关（局灶性）（部分性）症状性癫痫和癫痫综合征，伴有复杂部分性发作，非顽固性，伴有癫痫持续状态"
G40209,"局部相关（局灶性）（部分性）症状性癫痫和癫痫综合征，伴有复杂的部分性发作，不是顽固性的，无癫痫持续状态"
G4021,"局部相关（局灶性）（部分性）症状性癫痫和癫痫综合征伴复杂部分性发作，顽固性"
G40211,"局部相关（局灶性）（部分性）症状性癫痫和癫痫综合征伴复杂部分性发作，顽固性，伴有癫痫持续状态"
G40219,"局部相关（局灶性）（部分性）症状性癫痫和癫痫综合征，伴有复杂的部分性发作，顽固性，无癫痫持续状态"
G403,"全身性特发性癫痫和癫痫综合征"
G4030,"全身性特发性癫痫和癫痫综合征，非顽固性"
G40301,"全身性特发性癫痫和癫痫综合征，非顽固性，伴有癫痫持续状态"
G40309,"全身性特发性癫痫和癫痫综合征，不难治性，无癫痫持续状态"
G4031,"全身性特发性癫痫和癫痫综合征，顽固性"
G40311,"全身性特发性癫痫和癫痫综合征，顽固性，伴有癫痫持续状态"
G40319,"全身性特发性癫痫和癫痫综合征，顽固性，无癫痫持续状态"
G404,"其他全身性癫痫和癫痫综合征"
G4040,"其他全身性癫痫和癫痫综合征，非顽固性"
G40401,"其他全身性癫痫和癫痫综合征，非顽固性，伴有癫痫持续状态"
G40409,"其他全身性癫痫和癫痫综合征，不难治，无癫痫持续状态"
G4041,"其他全身性癫痫和癫痫综合征，顽固性"
G40411,"其他全身性癫痫和癫痫综合征，顽固性，伴有癫痫持续状态"
G40419,"其他全身性癫痫和癫痫综合征，顽固性，无癫痫持续状态"
G4042,"细胞周期蛋白依赖性激酶样 5 缺陷症"
G405,"与外部原因相关的癫痫发作"
G4050,"与外部原因相关的癫痫发作，非顽固性"
G40501,"与外部原因相关的癫痫发作，非顽固性，伴有癫痫持续状态"
G40509,"与外部原因相关的癫痫发作，不顽固，无癫痫持续状态"
G408,"其他癫痫和反复发作"
G4080,"其他癫痫"
G40801,"其他癫痫，非顽固性，伴有癫痫持续状态"
G40802,"其他癫痫，非顽固性，无癫痫持续状态"
G40803,"其他癫痫，顽固性，伴有癫痫持续状态"
G40804,"其他癫痫，顽固性，无癫痫持续状态"
G4081,"Lennox-Gastaut 综合征"
G40811,"Lennox-Gastaut 综合征，非顽固性，伴有癫痫持续状态"
G40812,"Lennox-Gastaut 综合征，不难治性，无癫痫持续状态"
G40813,"Lennox-Gastaut 综合征，顽固性，伴有癫痫持续状态"
G40814,"Lennox-Gastaut 综合征，顽固性，无癫痫持续状态"
G4082,"癫痫性痉挛"
G40821,"癫痫性痉挛，非顽固性，伴有癫痫持续状态"
G40822,"癫痫性痉挛，不顽固，无癫痫持续状态"
G40823,"癫痫性痉挛，顽固性，伴有癫痫持续状态"
G40824,"癫痫性痉挛，顽固性，无癫痫持续状态"
G4083,"Dravet 综合征"
G40833,"Dravet 综合征，顽固性，伴有癫痫持续状态"
G40834,"Dravet 综合征，顽固性，无癫痫持续状态"
G4089,"其他癫痫发作"
G409,"癫痫，未指定"
G4090,"癫痫，未指定，非顽固性"
G40901,"癫痫，未指明，非顽固性，伴有癫痫持续状态"
G40909,"癫痫，未指定，不难治，无癫痫持续状态"
G4091,"癫痫，不明原因，顽固性"
G40911,"癫痫，未指明，顽固性，伴有癫痫持续状态"
G40919,"癫痫，不明原因，顽固性，无癫痫持续状态"
G40A,"失神癫痫综合征"
G40A0,"失神癫痫综合征，非顽固性"
G40A01,"失神癫痫综合征，非顽固性，伴有癫痫持续状态"
G40A09,"失神癫痫综合征，不顽固，无癫痫持续状态"
G40A1,"失神癫痫综合征，顽固性"
G40A11,"失神癫痫综合征，顽固性，伴有癫痫持续状态"
G40A19,"失神癫痫综合征，顽固性，无癫痫持续状态"
G40B,"青少年肌阵挛性癫痫 [冲动性小病]"
G40B0,"青少年肌阵挛性癫痫，非顽固性"
G40B01,"青少年肌阵挛性癫痫，非顽固性，伴有癫痫持续状态"
G40B09,"青少年肌阵挛性癫痫，不难治性，无癫痫持续状态"
G40B1,"青少年肌阵挛性癫痫，顽固性"
G40B11,"青少年肌阵挛性癫痫，顽固性，伴有癫痫持续状态"
G40B19,"青少年肌阵挛性癫痫，顽固性，无癫痫持续状态"
G43,"偏头痛"
G430,"无先兆的偏头痛"
G4300,"无先兆偏头痛，不顽固"
G43001,"无先兆偏头痛，非顽固性，伴有偏头痛状态"
G43009,"无先兆偏头痛，不顽固性，无偏头痛状态"
G4301,"无先兆偏头痛，顽固性"
G43011,"无先兆偏头痛，顽固性，伴有偏头痛状态"
G43019,"无先兆偏头痛，顽固性，无偏头痛状态"
G431,"有先兆的偏头痛"
G4310,"有先兆的偏头痛，不顽固"
G43101,"有先兆偏头痛，非顽固性偏头痛，偏头痛状态"
G43109,"有先兆偏头痛，不顽固性，无偏头痛状态"
G4311,"有先兆的偏头痛，顽固性"
G43111,"有先兆偏头痛，顽固性，偏头痛 状态"
G43119,"有先兆偏头痛，顽固性，无偏头痛状态"
G434,"偏瘫性偏头痛"
G4340,"偏瘫性偏头痛，非顽固性"
G43401,"偏瘫性偏头痛，非顽固性，伴有偏头痛状态"
G43409,"偏瘫性偏头痛，非顽固性，无偏头痛状态"
G4341,"偏瘫性偏头痛，顽固性"
G43411,"偏瘫性偏头痛，顽固性，伴有偏头痛状态"
G43419,"偏瘫性偏头痛，顽固性，无偏头痛状态"
G435,"无脑梗死的持续性偏头痛先兆"
G4350,"持续性偏头痛先兆，无脑梗死，不顽固"
G43501,"持续性偏头痛先兆，无脑梗死，非顽固性，伴有偏头痛状态"
G43509,"持续性偏头痛先兆，无脑梗死，不难治性，无偏头痛持续状态"
G4351,"持续性偏头痛先兆，无脑梗死，顽固性"
G43511,"持续性偏头痛先兆，无脑梗死，顽固性，伴有偏头痛持续状态"
G43519,"持续性偏头痛先兆，无脑梗死，顽固性，无偏头痛持续状态"
G436,"持续性偏头痛先兆伴脑梗死"
G4360,"持续性偏头痛先兆伴脑梗死，非顽固性"
G43601,"持续性偏头痛先兆伴脑梗死，非顽固性，伴有偏头痛持续状态"
G43609,"持续性偏头痛先兆伴脑梗死，不顽固性，无偏头痛持续状态"
G4361,"持续性偏头痛先兆伴脑梗死，顽固性"
G43611,"持续性偏头痛先兆伴脑梗死，顽固性，伴有偏头痛持续状态"
G43619,"持续性偏头痛先兆伴脑梗死，顽固性，无偏头痛持续状态"
G437,"无先兆的慢性偏头痛"
G4370,"无先兆的慢性偏头痛，不顽固性"
G43701,"无先兆的慢性偏头痛，不顽固性，伴有偏头痛持续状态"
G43709,"无先兆的慢性偏头痛，不顽固性，无偏头痛持续状态"
G4371,"无先兆的慢性偏头痛，顽固性"
G43711,"无先兆的慢性偏头痛，顽固性，伴有偏头痛 状态"
G43719,"无先兆的慢性偏头痛，顽固性，无偏头痛持续状态"
G438,"其他偏头痛"
G4380,"其他偏头痛，非顽固性"
G43801,"其他偏头痛，非顽固性，伴有 偏头痛 状态"
G43809,"其他偏头痛，非顽固性，无偏头痛状态"
G4381,"其他 顽固性偏头痛"
G43811,"其他 顽固性偏头痛 伴 偏头痛 状态"
G43819,"其他偏头痛，顽固性，无偏头痛状态"
G4382,"月经性偏头痛，非顽固性"
G43821,"月经性偏头痛，非顽固性，伴有偏头痛持续状态"
G43829,"月经性偏头痛，不顽固性，无偏头痛状态"
G4383,"月经性偏头痛，顽固性"
G43831,"月经性偏头痛，顽固性，伴有偏头痛状态"
G43839,"月经性偏头痛，顽固性，无偏头痛状态"
G439,"偏头痛，未指定"
G4390,"偏头痛，未明确说明，非顽固性"
G43901,"偏头痛，未明确，非顽固性，偏头痛状态"
G43909,"偏头痛，未明确，非顽固性，无偏头痛持续状态"
G4391,"偏头痛、不明原因、顽固性"
G43911,"偏头痛，不明原因，顽固性，偏头痛 状态"
G43919,"偏头痛，不明原因，顽固性，无偏头痛持续状态"
G43A,"周期性呕吐"
G43A0,"周期性呕吐，偏头痛，非顽固性"
G43A1,"周期性呕吐， 偏头痛， 顽固性"
G43B,"眼肌麻痹性偏头痛"
G43B0,"眼肌麻痹性偏头痛，非顽固性"
G43B1,"顽固性眼肌麻痹性偏头痛"
G43C,"儿童或成人周期性头痛综合征"
G43C0,"儿童或成人周期性头痛综合征，非顽固性"
G43C1,"儿童或成人周期性头痛综合征，顽固性"
G43D,"腹部偏头痛"
G43D0,"腹部偏头痛，非顽固性"
G43D1,"腹部偏头痛，顽固性"
G44,"其他头痛综合征"
G440,"丛集性头痛和其他三叉神经自主神经头痛 （TAC）"
G4400,"丛集性头痛综合征，未指定"
G44001,"丛集性头痛综合征，不明原因，顽固性"
G44009,"丛集性头痛综合征，未明确，非顽固性"
G4401,"发作性丛集性头痛"
G44011,"阵发性丛集性头痛，顽固性"
G44019,"阵发性丛集性头痛，非顽固性"
G4402,"慢性丛集性头痛"
G44021,"慢性丛集性头痛，顽固性"
G44029,"慢性丛集性头痛，非顽固性"
G4403,"阵发性阵发性偏头痛"
G44031,"阵发性阵发性偏头痛，顽固性"
G44039,"阵发性阵发性偏头痛，不顽固"
G4404,"慢性阵发性偏头痛"
G44041,"慢性阵发性偏头痛，顽固性"
G44049,"慢性阵发性偏头痛，非顽固性"
G4405,"短时单侧神经痛样头痛伴结膜充血和流泪 （SUNCT）"
G44051,"短暂的单侧神经痛样头痛伴结膜充血和流泪 （SUNCT），顽固性"
G44059,"短暂的单侧神经痛样头痛伴结膜充血和流泪 （SUNCT），不难治性"
G4409,"其他三叉神经自主神经头骨 （TAC）"
G44091,"其他顽固性三叉神经自主神经头骨 （TAC），顽固性"
G44099,"其他三叉神经自主神经头骨 （TAC），非顽固性"
G441,"血管性头痛，未分类"
G442,"紧张型头痛"
G4420,"紧张型头痛，未指明"
G44201,"紧张型头痛，不明原因，顽固性"
G44209,"紧张型头痛，未明确说明，非顽固性"
G4421,"阵发性紧张型头痛"
G44211,"阵发性紧张型头痛，顽固性"
G44219,"阵发性紧张型头痛，不顽固"
G4422,"慢性紧张型头痛"
G44221,"慢性紧张型头痛，顽固性"
G44229,"慢性紧张型头痛，非顽固性"
G443,"创伤后头痛"
G4430,"创伤后头痛，未指明"
G44301,"创伤后头痛，不明原因，顽固性"
G44309,"创伤后头痛，未明确，非顽固性"
G4431,"急性创伤后头痛"
G44311,"急性创伤后头痛，顽固性"
G44319,"急性创伤后头痛，非顽固性"
G4432,"慢性创伤后头痛"
G44321,"慢性创伤后头痛，顽固性"
G44329,"慢性创伤后头痛，非顽固性"
G444,"药物性头痛，未分类"
G4440,"药物性头痛，未分类，非顽固性"
G4441,"药物性头痛，未分类，顽固性"
G445,"复杂性头痛综合征"
G4451,"Hemicrania continua （持续半颅）"
G4452,"新发每日持续性头痛 （NDPH）"
G4453,"原发性霹雳性头痛"
G4459,"其他复杂性头痛综合征"
G448,"其他特定的头痛综合征"
G4481,"催眠性头痛"
G4482,"与性活动相关的头痛"
G4483,"原发性咳嗽性头痛"
G4484,"原发性劳力性头痛"
G4485,"原发性刺痛性头痛"
G4486,"颈源性头痛"
G4489,"其他头痛综合征"
G45,"短暂性脑缺血发作和相关综合征"
G450,"椎基底动脉综合征"
G451,"颈动脉综合征（半球）"
G452,"多发性和双侧脑前动脉综合征"
G453,"一过性黑朦"
G454,"短暂性全面性遗忘症"
G458,"其他短暂性脑缺血发作和相关综合征"
G459,"短暂性脑缺血发作，未指定"
G46,"脑血管疾病中的脑血管综合征"
G460,"大脑中动脉综合征"
G461,"大脑前动脉综合征"
G462,"大脑后动脉综合征"
G463,"脑干卒中综合征"
G464,"小脑卒中综合征"
G465,"单纯运动腔隙综合征"
G466,"单纯感觉腔隙综合征"
G467,"其他腔隙综合征"
G468,"脑血管疾病中的其他脑血管综合征"
G47,"睡眠障碍"
G470,"失眠"
G4700,"失眠，未指定"
G4701,"因医疗状况导致失眠"
G4709,"其他失眠"
G471,"嗜睡"
G4710,"嗜睡症，未指定"
G4711,"特发性睡眠过度伴睡眠时间长"
G4712,"没有长时间睡眠的特发性嗜睡"
G4713,"复发性嗜睡症"
G4714,"医疗状况导致的睡眠过度"
G4719,"其他嗜睡症"
G472,"昼夜节律睡眠障碍"
G4720,"昼夜节律性睡眠障碍，未指定类型"
G4721,"昼夜节律睡眠障碍，睡眠时相延迟型"
G4722,"昼夜节律睡眠障碍，高级睡眠相位类型"
G4723,"昼夜节律性睡眠障碍，不规则睡眠觉醒型"
G4724,"昼夜节律睡眠障碍，自由奔跑型"
G4725,"昼夜节律睡眠障碍，时差型"
G4726,"昼夜节律睡眠障碍，轮班工作类型"
G4727,"昼夜节律睡眠障碍在别处分类的疾病"
G4729,"其他昼夜节律睡眠障碍"
G473,"睡眠呼吸暂停"
G4730,"睡眠呼吸暂停，未指定"
G4731,"原发性中枢性睡眠呼吸暂停"
G4732,"高海拔周期性呼吸"
G4733,"阻塞性睡眠呼吸暂停（成人）（儿科）"
G4734,"特发性睡眠相关非梗阻性肺泡通气不足"
G4735,"先天性中央肺泡通气不足综合征"
G4736,"在别处分类的疾病中与睡眠相关的通气不足"
G4737,"中枢性睡眠呼吸暂停，见其他分类情况"
G4739,"其他睡眠呼吸暂停"
G474,"发作性睡病和猝倒"
G4741,"发作"
G47411,"发作性睡病伴猝倒"
G47419,"无猝倒的发作性睡病"
G4742,"发作性睡病在别处分类的疾病"
G47421,"发作性睡病在其他地方分类为猝倒的疾病"
G47429,"发作性睡病在别处分类为无猝倒的疾病"
G475,"异态睡眠"
G4750,"异态睡眠，未指定"
G4751,"意识模糊性觉醒"
G4752,"REM 睡眠行为障碍"
G4753,"复发性孤立性睡眠麻痹"
G4754,"异态睡眠病症见于其他分类疾病"
G4759,"其他异态睡眠"
G476,"睡眠相关运动障碍"
G4761,"周期性肢体运动障碍"
G4762,"与睡眠相关的腿痛性痉挛"
G4763,"睡眠相关性磨牙症"
G4769,"其他与睡眠相关的运动障碍"
G478,"其他睡眠障碍"
G479,"睡眠障碍，未指定"
G50,"三叉神经疾病"
G500,"三叉神经痛"
G501,"非典型面部疼痛"
G508,"其他三叉神经疾病"
G509,"三叉神经疾病，未指定"
G51,"面神经疾病"
G510,"贝尔麻痹"
G511,"膝状神经节炎"
G512,"Melkersson 综合征"
G513,"阵挛性半侧面肌痉挛"
G5131,"阵挛性半侧面肌痉挛，右"
G5132,"阵挛性偏侧面肌痉挛，左"
G5133,"双侧阵挛性半侧面肌痉挛"
G5139,"阵挛性半侧面肌痉挛，未指明"
G514,"面部肌颤搐"
G518,"其他面神经疾病"
G519,"面神经疾病，未指定"
G52,"其他颅神经疾病"
G520,"嗅觉神经疾病"
G521,"舌咽神经疾病"
G522,"迷走神经疾病"
G523,"舌下神经疾病"
G527,"多颅神经疾病"
G528,"其他特定颅神经疾病"
G529,"颅神经疾病，未指定"
G53,"其他分类疾病中的颅神经疾病"
G54,"神经根和神经丛疾病"
G540,"臂丛神经疾病"
G541,"腰骶丛神经疾病"
G542,"未分类的颈根疾病"
G543,"胸根疾病，未分类"
G544,"腰骶根疾病，未在其他地方分类"
G545,"神经痛性肌萎缩"
G546,"伴有疼痛的幻肢综合征"
G547,"无痛的幻肢综合征"
G548,"其他神经根和神经丛疾病"
G549,"神经根和神经丛疾病，未指定"
G55,"其他分类疾病中的神经根和神经丛压迫"
G56,"上肢单神经病"
G560,"腕管综合症"
G5600,"腕管综合征，未指明的上肢"
G5601,"腕管综合征，右上肢"
G5602,"腕管综合征，左上肢"
G5603,"腕管综合征，双侧上肢"
G561,"正中神经的其他病变"
G5610,"正中神经的其他病变，未指明的上肢"
G5611,"右上肢正中神经的其他病变"
G5612,"左上肢正中神经的其他病变"
G5613,"双侧上肢正中神经的其他病变"
G562,"尺神经病变"
G5620,"尺神经病变，未指明的上肢"
G5621,"尺神经病变，右上肢"
G5622,"左上肢尺神经病变"
G5623,"双侧上肢尺神经病变"
G563,"桡神经病变"
G5630,"桡神经病变，未指明的上肢"
G5631,"右上肢桡神经病变"
G5632,"左上肢桡神经病变"
G5633,"双侧上肢桡神经病变"
G564,"上肢灼痛"
G5640,"未指明的上肢灼痛"
G5641,"右上肢灼痛"
G5642,"左上肢灼痛"
G5643,"双侧上肢灼痛"
G568,"其他特定的上肢单神经病"
G5680,"未指定上肢的其他特定单神经病"
G5681,"其他特定的右上肢单神经病"
G5682,"其他特定的左上肢单神经病"
G5683,"其他特定的双侧上肢单神经病"
G569,"未分类的上肢单神经病"
G5690,"未指明的上肢未指明的单神经病"
G5691,"未分明的右上肢单神经病"
G5692,"未指明的左上肢单神经病"
G5693,"未分明的双侧上肢单神经病"
G57,"下肢单神经病"
G570,"坐骨神经病变"
G5700,"坐骨神经病变，未指明的下肢"
G5701,"坐骨神经病变，右下肢"
G5702,"坐骨神经病变，左下肢"
G5703,"坐骨神经病变，双侧下肢"
G571,"感觉异常的 Meralgia"
G5710,"感觉异常的股痛，未指明的下肢"
G5711,"感觉异常性股痛，右下肢"
G5712,"感觉异常性股痛，左下肢"
G5713,"感觉异常性股痛，双侧下肢"
G572,"股神经病变"
G5720,"股神经病变，未指明的下肢"
G5721,"右下肢股神经病变"
G5722,"左下肢股神经病变"
G5723,"双侧下肢股神经病变"
G573,"腘外侧神经病变"
G5730,"腘外侧神经病变，未指明的下肢"
G5731,"右下肢腘外侧神经病变"
G5732,"左下肢腘外侧神经病变"
G5733,"双侧下肢腘外侧神经病变"
G574,"腘内侧神经病变"
G5740,"腘内侧神经病变，未指明的下肢"
G5741,"右下肢内侧腘神经病变"
G5742,"左下肢内侧腘神经病变"
G5743,"双侧下肢内侧腘神经病变"
G575,"跗管综合征"
G5750,"跗管综合征，未指明的下肢"
G5751,"跗管综合征，右下肢"
G5752,"跗管综合征，左下肢"
G5753,"跗管综合征，双侧下肢"
G576,"足底神经病变"
G5760,"足底神经病变，未指明的下肢"
G5761,"右下肢足底神经病变"
G5762,"左下肢足底神经病变"
G5763,"双侧下肢足底神经病变"
G577,"下肢灼痛"
G5770,"未指明的下肢灼痛"
G5771,"右下肢祸痛"
G5772,"左下肢灼痛"
G5773,"双侧下肢灼痛"
G578,"其他特定的下肢单神经病"
G5780,"其他未指定的下肢单神经病"
G5781,"其他特定的右下肢单神经病"
G5782,"其他特定的左下肢单神经病"
G5783,"其他特定的双侧下肢单神经病"
G579,"未分类的下肢单神经病"
G5790,"未指定下肢的未指定单神经病"
G5791,"未分类的右下肢单神经病"
G5792,"未指明的左下肢单神经病"
G5793,"未分类的双侧下肢单神经病"
G58,"其他单神经病"
G580,"肋间神经病变"
G587,"多发性单神经炎"
G588,"其他特定的单神经病"
G589,"单神经病，未指定"
G59,"其他分类疾病中的单神经病"
G60,"遗传性和特发性神经病变"
G600,"遗传性运动和感觉神经病变"
G601,"Refsum 病"
G602,"与遗传性共济失调相关的神经病变"
G603,"特发性进行性神经病"
G608,"其他遗传性和特发性神经病"
G609,"遗传性和特发性神经病变，未明确"
G61,"炎性多发性神经病"
G610,"吉兰-巴雷综合征"
G611,"血清神经病变"
G618,"其他炎症性多发性神经病"
G6181,"慢性炎性脱髓鞘性多发性神经炎"
G6182,"多灶性运动神经病"
G6189,"其他炎症性多发性神经病"
G619,"炎症性多发性神经病，未明确"
G62,"其他和未特指的多发性神经病"
G620,"药物诱发的多发性神经病"
G621,"酒精性多发性神经病"
G622,"其他毒性药物引起的多发性神经病"
G628,"其他特定的多发性神经病"
G6281,"危重症多发性神经病"
G6282,"放疗诱发的多发性神经病"
G6289,"其他特定的多发性神经病"
G629,"多发性神经病，未指定"
G63,"其他分类疾病中的多发性神经病"
G64,"周围神经系统的其他疾病"
G65,"炎症性和中毒性多发性神经病的后遗症"
G650,"吉兰-巴雷综合征的后遗症"
G651,"其他炎性多发性神经病的后遗症"
G652,"中毒性多发性神经病的后遗症"
G70,"重症肌无力和其他肌神经疾病"
G700,"重症肌无力"
G7000,"无（急性）加重的重症肌无力"
G7001,"重症肌无力伴（急性）恶化"
G701,"中毒性肌神经疾病"
G702,"先天性和发育性肌无力"
G708,"其他特定的肌神经疾病"
G7080,"Lambert-Eaton 综合征，未指定"
G7081,"其他分类疾病中的 Lambert-Eaton 综合征"
G7089,"其他特定的肌神经疾病"
G709,"肌神经疾病，未指定"
G71,"原发性肌肉疾病"
G710,"肌肉萎缩症"
G7100,"肌营养不良症，未指定"
G7101,"Duchenne 或 Becker 肌营养不良症"
G7102,"面肩肱肌营养不良症"
G7103,"肢带肌营养不良"
G71031,"常染色体显性肢带肌营养不良症"
G71032,"钙蛋白酶 3 功能障碍引起的常染色体隐性遗传肢带肌营养不良"
G71033,"由于铁蛋白功能障碍引起的肢带肌营养不良"
G71034,"肌聚糖功能障碍引起的肢带肌营养不良"
G710340,"肌聚糖功能障碍引起的肢带肌营养不良症，未指定"
G710341,"α 肌聚糖功能障碍引起的肢带肌营养不良症"
G710342,"β 肌聚糖功能障碍引起的肢带肌营养不良"
G710349,"其他肌聚糖功能障碍引起的肢带肌营养不良"
G71035,"Anoctamin-5 功能障碍引起的肢带肌营养不良症"
G71038,"其他肢带肌营养不良症"
G71039,"肢带肌营养不良症，未指定"
G7109,"其他特定的肌营养不良"
G711,"强直性肌层障碍"
G7111,"强直性肌营养不良症"
G7112,"先天性肌强直"
G7113,"强直性软骨营养不良"
G7114,"药物诱发的肌强直"
G7119,"其他特定的强直性肌病"
G712,"先天性肌病"
G7120,"先天性肌病，未指定"
G7121,"Nemaline 肌病"
G7122,"中心核肌病"
G71220,"X 连锁肌管肌病"
G71228,"其他 中心核肌病"
G7129,"其他先天性肌病"
G713,"线粒体肌病，未分类"
G718,"其他原发性肌肉疾病"
G719,"原发性肌肉疾病，未指定"
G72,"其他和未指定的肌病"
G720,"药物性肌病"
G721,"酒精性肌病"
G722,"其他毒性物质引起的肌病"
G723,"周期性麻痹"
G724,"炎症和免疫性肌病，未分类"
G7241,"包涵体肌炎 [IBM]"
G7249,"其他炎症和免疫性肌病，未分类"
G728,"其他特定的肌病"
G7281,"危重病肌病"
G7289,"其他特定的肌病"
G729,"肌病，未指定"
G73,"其他分类疾病中的肌神经接头和肌肉疾病"
G731,"肿瘤病中的 Lambert-Eaton 综合征"
G733,"其他分类疾病中的肌无力综合征"
G737,"其他分类疾病中的肌病"
G80,"大脑性麻痹"
G800,"痉挛性四肢瘫痪脑瘫"
G801,"痉挛性双瘫性脑瘫"
G802,"痉挛性偏瘫性脑瘫"
G803,"手动型脑瘫"
G804,"共济失调性脑瘫"
G808,"其他脑瘫"
G809,"脑瘫，未指定"
G81,"偏瘫和偏瘫"
G810,"弛缓性偏瘫"
G8100,"弛缓性偏瘫影响未指定侧"
G8101,"影响右侧惯用侧的弛缓性偏瘫"
G8102,"影响左侧优势的弛缓性偏瘫"
G8103,"影响右侧非优势侧的弛缓性偏瘫"
G8104,"影响左侧非优势侧的弛缓性偏瘫"
G811,"痉挛性偏瘫"
G8110,"影响未指定一侧的痉挛性偏瘫"
G8111,"影响右侧优势侧的痉挛性偏瘫"
G8112,"影响左侧优势侧的痉挛性偏瘫"
G8113,"影响右侧非优势侧的痉挛性偏瘫"
G8114,"影响左侧非优势侧的痉挛性偏瘫"
G819,"偏瘫，未指定"
G8190,"偏瘫，未指定影响未指定侧"
G8191,"偏瘫，影响右侧优势的未明确"
G8192,"偏瘫，未明确影响左侧优势"
G8193,"偏瘫，未明确影响右侧非优势侧"
G8194,"偏瘫，未明确影响左侧非优势侧"
G82,"截瘫（截瘫）和四肢瘫痪（四肢瘫痪）"
G822,"截瘫"
G8220,"截瘫，未指定"
G8221,"截瘫，完全性"
G8222,"截瘫，不完全"
G825,"四肢麻痹"
G8250,"四肢瘫痪，未指定"
G8251,"四肢瘫痪，C1-C4 完全"
G8252,"四肢瘫痪，C1-C4 不完全"
G8253,"四肢瘫痪，C5-C7 完全"
G8254,"四肢瘫痪，C5-C7 不完全"
G83,"其他麻痹综合征"
G830,"上肢双肢瘫痪"
G831,"下肢单瘫"
G8310,"影响未指定一侧的下肢单瘫"
G8311,"影响右侧优势的下肢单瘫"
G8312,"影响左侧优势的下肢单瘫"
G8313,"影响右侧非优势侧的下肢单瘫"
G8314,"影响左侧非优势侧的下肢单瘫"
G832,"上肢单瘫"
G8320,"影响未指定一侧的上肢单瘫"
G8321,"影响右侧惯侧的上肢单瘫"
G8322,"影响左侧优势的上肢单瘫"
G8323,"影响右侧非优势侧的上肢单瘫"
G8324,"影响左侧非优势侧的上肢单瘫"
G833,"单瘫，未指定"
G8330,"单瘫，未指定影响未指定侧"
G8331,"单瘫，未明确影响右侧优势"
G8332,"单瘫，影响左侧惯侧的未指定"
G8333,"单瘫，未明确影响右侧非优势侧"
G8334,"单瘫，未明确影响左侧非优势侧"
G834,"马尾综合征"
G835,"锁定状态"
G838,"其他特定的麻痹综合征"
G8381,"Brown-Sequard 综合征"
G8382,"脊髓前综合征"
G8383,"脊髓后综合征"
G8384,"Todd 麻痹（癫痫后）"
G8389,"其他特定的麻痹综合征"
G839,"麻痹综合征，未指定"
G89,"疼痛，未分类"
G890,"中枢性疼痛综合征"
G891,"急性疼痛，未在其他位置分类"
G8911,"创伤引起的急性疼痛"
G8912,"急性开胸术后疼痛"
G8918,"其他急性术后疼痛"
G892,"慢性疼痛，未分类"
G8921,"创伤引起的慢性疼痛"
G8922,"慢性开胸术后疼痛"
G8928,"其他慢性术后疼痛"
G8929,"其他慢性疼痛"
G893,"肿瘤相关疼痛（急性）（慢性）"
G894,"慢性疼痛综合征"
G90,"自主神经系统疾病"
G900,"特发性周围自主神经病变"
G9001,"颈动脉窦晕厥"
G9009,"其他特发性周围自主神经病变"
G901,"家族性自主神经功能障碍 [Riley-Day]"
G902,"霍纳综合征"
G903,"自主神经系统的多系统变性"
G904,"自主神经反射异常"
G905,"复杂区域疼痛综合征 I （CRPS I）"
G9050,"复杂区域疼痛综合征 I，未指定"
G9051,"上肢复杂区域疼痛综合征 I"
G90511,"右上肢复杂区域疼痛综合征 I"
G90512,"左上肢复杂区域疼痛综合征 I"
G90513,"双侧上肢复杂区域疼痛综合征 I"
G90519,"未指定上肢的复杂区域疼痛综合征 I"
G9052,"下肢复杂区域疼痛综合征 I"
G90521,"右下肢复杂区域疼痛综合征 I"
G90522,"左下肢复杂区域疼痛综合征 I"
G90523,"双侧下肢复杂区域疼痛综合征 I"
G90529,"未指明的下肢复杂局部疼痛综合征 I"
G9059,"其他指定部位的复杂区域疼痛综合征 I"
G908,"其他自主神经系统疾病"
G909,"自主神经系统疾病，未指定"
G90A,"体位性直立性心动过速综合征 [POTS]"
G91,"脑积水"
G910,"交通性脑积水"
G911,"梗阻性脑积水"
G912,"（特发性）正常压力脑积水"
G913,"创伤后脑积水，未指明"
G914,"其他分类疾病中的脑积水"
G918,"其他脑积水"
G919,"脑积水，未指定"
G92,"中毒性脑病"
G920,"免疫效应细胞相关神经毒性综合征"
G9200,"免疫效应细胞相关神经毒性综合征，分级未定"
G9201,"免疫效应细胞相关神经毒性综合征，1 级"
G9202,"免疫效应细胞相关神经毒性综合征，2 级"
G9203,"免疫效应细胞相关神经毒性综合征，3 级"
G9204,"免疫效应细胞相关神经毒性综合征，4 级"
G9205,"免疫效应细胞相关神经毒性综合征，5 级"
G928,"其他中毒性脑病"
G929,"未分类的中毒性脑病"
G93,"其他脑部疾病"
G930,"脑囊肿"
G931,"缺氧性脑损伤，未分类"
G932,"良性颅内压增高"
G933,"病毒感染后和相关疲劳综合征"
G9331,"病毒后疲劳综合征"
G9332,"肌痛性脑脊髓炎/慢性疲劳综合征"
G9339,"其他感染后和相关疲劳综合征"
G934,"其他未分类的脑病"
G9340,"脑病，未指定"
G9341,"代谢性脑病"
G9349,"其他脑病"
G935,"大脑受压"
G936,"脑水肿"
G937,"瑞氏综合征"
G938,"其他特定的脑部疾病"
G9381,"颞部硬化症"
G9382,"脑死亡"
G9389,"其他特定的脑部疾病"
G939,"脑部疾病，未指明"
G94,"其他分类疾病中的其他脑部疾病"
G95,"脊髓的其他和未指明的疾病"
G950,"脊髓空洞菌属和白干脊髓空洞菌属"
G951,"血管性脊髓病"
G9511,"脊髓急性梗死（栓塞性）（非栓塞性）"
G9519,"其他血管性脊髓病"
G952,"其他和未指定的脊髓压迫"
G9520,"未指定的脊髓压迫"
G9529,"其他脊髓压迫"
G958,"脊髓的其他特定疾病"
G9581,"延圆锥综合征"
G9589,"脊髓的其他特定疾病"
G959,"脊髓疾病，未指定"
G96,"其他中枢神经系统疾病"
G960,"脑脊液漏"
G9600,"脑脊液渗漏，未指明"
G9601,"颅脑脊液渗漏，自发性"
G9602,"脊髓脑脊液渗漏，自发性"
G9608,"其他颅脑脊液渗漏"
G9609,"其他脊髓脑脊液渗漏"
G961,"未分类的脑膜疾病"
G9611,"硬脑膜撕裂"
G9612,"脑膜粘连（脑）（脊髓）"
G9619,"其他未分类的脑膜疾病"
G96191,"神经周围囊肿"
G96198,"其他未分类的脑膜疾病"
G968,"其他特定的中枢神经系统疾病"
G9681,"颅内低血压"
G96810,"颅内低血压，未指定"
G96811,"颅内低血压，自发性"
G96819,"其他颅内低血压"
G9689,"其他特定的中枢神经系统疾病"
G969,"中枢神经系统疾病，未指定"
G97,"术中和术后并发症和神经系统疾病，未在其他地方分类"
G970,"脊髓穿刺导致脑脊液渗漏"
G971,"对脊髓和腰椎穿刺的其他反应"
G972,"脑室分流术后颅内低血压"
G973,"术中出血和神经系统器官或结构血肿使手术复杂化"
G9731,"使神经系统手术复杂化的神经系统器官或结构的术中出血和血肿"
G9732,"术中出血和神经系统器官或结构血肿使其他手术复杂化"
G974,"手术过程中神经系统器官或结构的意外穿刺和撕裂伤"
G9741,"手术过程中硬脑膜意外穿刺或撕裂伤"
G9748,"在神经系统手术过程中，其他神经系统器官或结构的意外穿刺和撕裂伤"
G9749,"在其他手术过程中意外穿刺和撕裂其他神经系统器官或结构"
G975,"手术后神经系统器官或结构的术后出血"
G9751,"神经系统手术后神经系统器官或结构的术后出血"
G9752,"其他手术后神经系统器官或结构的术后出血"
G976,"手术后神经系统器官或结构的术后血肿和血清肿"
G9761,"神经系统手术后神经系统器官或结构的术后血肿"
G9762,"其他手术后神经系统器官或结构的术后血肿"
G9763,"神经系统手术后神经系统器官或结构的术后血清肿"
G9764,"其他手术后神经系统器官或结构的术后血清肿"
G978,"其他术中和术后并发症和神经系统疾病"
G9781,"神经系统的其他术中并发症"
G9782,"其他术后并发症和神经系统疾病"
G9783,"腰椎脑脊液分流术后颅内低血压"
G9784,"其他手术后的颅内低血压"
G98,"其他未分类的神经系统疾病"
G980,"神经源性关节炎，未在其他地方分类"
G988,"其他神经系统疾病"
G99,"其他分类疾病中的神经系统疾病"
G990,"其他分类疾病中的自主神经病变"
G992,"其他分类疾病中的脊髓病"
G998,"其他分类疾病中的其他特定神经系统疾病"
H00,"麦粒肿和睑板腺囊肿"
H000,"眼睑麦粒肿（外侧）（间）"
H0001,"麦粒肿"
H00011,"右上眼睑"
H00012,"右下眼睑"
H00013,"Hordeolum externum 右眼，未指定眼睑"
H00014,"Hordeolum externum 左上眼睑"
H00015,"Hordeolum externum 左下眼睑"
H00016,"Hordeolum externum 左眼，未指定眼睑"
H00019,"Hordeolum externum 未指定眼，未指定眼睑"
H0002,"麦粒肿"
H00021,"右上眼睑"
H00022,"右下眼睑"
H00023,"右眼麦粒肿，未指定眼睑"
H00024,"中麦粒肿左上眼睑"
H00025,"麦粒肿 左下眼睑"
H00026,"Hordeolum internum 左眼，未指定眼睑"
H00029,"麦粒肿 internum 未指定眼，未指定眼睑"
H0003,"眼睑脓肿"
H00031,"右上眼睑脓肿"
H00032,"右下眼睑脓肿"
H00033,"右眼眼睑脓肿，未指明的眼睑"
H00034,"左上眼睑脓肿"
H00035,"左下眼睑脓肿"
H00036,"左眼眼睑脓肿，未指明的眼睑"
H00039,"眼睑脓肿未指定的眼睛、未指定的眼睑"
H001,"睑板腺囊肿"
H0011,"睑板腺囊肿 右上眼睑"
H0012,"睑板腺囊肿 右下眼睑"
H0013,"右眼睑睑板腺囊肿，眼睑未指明"
H0014,"左上眼睑的睑板腺囊肿"
H0015,"左下眼睑的睑板腺囊肿"
H0016,"左眼睑板腺囊肿，眼睑未指明"
H0019,"睑板腺囊肿未指定眼、未指定眼睑"
H01,"眼睑的其他炎症"
H010,"睑缘炎"
H0100,"未分类的睑缘炎"
H01001,"未分类的右上眼睑睑缘炎"
H01002,"未分类的睑缘炎：右下眼睑"
H01003,"未指明的睑缘炎 右眼、未指明的眼睑"
H01004,"未分类的左上眼睑睑缘炎"
H01005,"未指明的左下眼睑睑缘炎"
H01006,"未指定的睑缘炎 左眼，未指定的眼睑"
H01009,"未指定的睑缘炎 未指定的眼睛、未指定的眼睑"
H0100A,"未分类的睑缘炎：右眼、上眼睑和下眼睑"
H0100B,"未分类的睑缘炎 左眼、上眼睑和下眼睑"
H0101,"溃疡性睑缘炎"
H01011,"溃疡性睑缘炎：右上眼睑"
H01012,"溃疡性睑缘炎：右下眼睑"
H01013,"溃疡性睑缘炎 右眼，未指明的眼睑"
H01014,"溃疡性睑缘炎：左上眼睑"
H01015,"溃疡性睑缘炎 左下眼睑"
H01016,"溃疡性睑缘炎 左眼，未分明的眼睑"
H01019,"溃疡性睑缘炎 未指定眼睑、未指定眼睑"
H0101A,"溃疡性睑缘炎：右眼、上眼睑和下眼睑"
H0101B,"溃疡性睑缘炎：左眼、上眼睑和下眼睑"
H0102,"鳞状睑缘炎"
H01021,"右上眼睑鳞状睑缘炎"
H01022,"右下眼睑鳞状睑缘炎"
H01023,"鳞状睑缘炎 右眼，未指明的眼睑"
H01024,"左上眼睑鳞状睑缘炎"
H01025,"左下眼睑鳞状睑缘炎"
H01026,"鳞状睑缘炎 左眼，未指定的眼睑"
H01029,"鳞状睑缘炎 未指定的眼睛，未指定的眼睑"
H0102A,"鳞状睑缘炎 右眼、上下眼睑"
H0102B,"鳞状睑缘炎 左眼、上下眼睑"
H011,"非感染性眼睑皮肤病"
H0111,"眼睑过敏性皮炎"
H01111,"右上眼睑过敏性皮炎"
H01112,"右下眼睑过敏性皮炎"
H01113,"右眼过敏性皮炎，未指定的眼睑"
H01114,"左上眼睑过敏性皮炎"
H01115,"左下眼睑过敏性皮炎"
H01116,"左眼过敏性皮炎，未指明的眼睑"
H01119,"未指定眼、未指定眼睑的过敏性皮炎"
H0112,"眼睑盘状红斑狼疮"
H01121,"右上眼睑盘状红斑狼疮"
H01122,"右下眼睑盘状红斑狼疮"
H01123,"右眼盘状红斑狼疮，未分明的眼睑"
H01124,"左上眼睑盘状红斑狼疮"
H01125,"左下眼睑盘状红斑狼疮"
H01126,"左眼盘状红斑狼疮，未分明的眼睑"
H01129,"未指定眼、未指定眼睑的盘状红斑狼疮"
H0113,"眼睑湿疹性皮炎"
H01131,"右上眼睑湿疹性皮炎"
H01132,"右下眼睑湿疹性皮炎"
H01133,"右眼湿疹性皮炎，未指定的眼睑"
H01134,"左上眼睑湿疹性皮炎"
H01135,"左下眼睑湿疹性皮炎"
H01136,"左眼湿疹性皮炎，未指明的眼睑"
H01139,"未指定眼、未指定眼睑的湿疹性皮炎"
H0114,"眼睑干皮病"
H01141,"右上眼睑干皮病"
H01142,"右下眼睑干皮病"
H01143,"右眼干皮病，未指明的眼睑"
H01144,"左上眼睑干皮病"
H01145,"左下眼睑干皮病"
H01146,"左眼干皮病，未指明的眼睑"
H01149,"未指定眼、未指定眼睑的干皮病"
H018,"眼睑的其他特定炎症"
H019,"未指定的眼睑炎症"
H02,"其他眼睑疾病"
H020,"睑内翻和倒睫"
H0200,"不明原因的眼睑睑内翻"
H02001,"不明右上眼睑睑内翻"
H02002,"不明右下眼睑睑内翻"
H02003,"不明右眼睑内翻，不明眼睑"
H02004,"不明左上眼睑内翻"
H02005,"不明原因的左下眼睑睑内翻"
H02006,"未指定的左眼睑内翻，未指定的眼睑"
H02009,"未指定眼睑、未指定眼睑的未指定睑内翻"
H0201,"眼睑瘢痕性睑内翻"
H02011,"右上眼睑瘢痕性睑内翻"
H02012,"右下眼睑瘢痕性睑内翻"
H02013,"右眼瘢痕性睑内翻，未指明的眼睑"
H02014,"左上眼睑瘢痕性睑内翻"
H02015,"左下眼睑瘢痕性睑内翻"
H02016,"左眼瘢痕性睑内翻，未指明的眼睑"
H02019,"未指定眼、未指定眼睑的瘢痕性睑内翻"
H0202,"眼睑机械性睑内翻"
H02021,"右上眼睑机械内翻"
H02022,"右下眼睑机械内翻"
H02023,"右眼机械性睑内翻，未指明的眼睑"
H02024,"左上眼睑机械性睑内翻"
H02025,"左下眼睑机械性内翻"
H02026,"左眼机械性睑内翻，未指明的眼睑"
H02029,"未指定眼、未指定眼睑的机械内翻"
H0203,"眼睑老年性睑内翻"
H02031,"右上眼睑老年性睑内翻"
H02032,"右下眼睑老年性睑内翻"
H02033,"右眼老年性睑内翻，未指明的眼睑"
H02034,"左上眼睑老年性睑内翻"
H02035,"左下眼睑老年性睑内翻"
H02036,"左眼老年性睑内翻，眼睑未明确"
H02039,"未指定眼、未指定眼睑的老年性睑内翻"
H0204,"眼睑痉挛性睑内翻"
H02041,"右上眼睑痉挛性睑内翻"
H02042,"右下眼睑痉挛性睑内翻"
H02043,"右眼痉挛性睑内翻，未指明的眼睑"
H02044,"左上眼睑痉挛性睑内翻"
H02045,"左下眼睑痉挛性睑内翻"
H02046,"左眼痉挛性睑内翻，未指明的眼睑"
H02049,"未指定眼、未指定眼睑的痉挛性睑内翻"
H0205,"不伴睑内翻的倒睫"
H02051,"倒睫不伴睑内翻 右上眼睑"
H02052,"倒睫不伴睑内翻右下眼睑"
H02053,"倒睫无睑内翻右眼，未指明的眼睑"
H02054,"倒睫不伴睑内翻左上眼睑"
H02055,"倒睫不伴睑内翻左下眼睑"
H02056,"倒睫不伴睑内翻 左眼，未分明的眼睑"
H02059,"不伴睑内翻的倒睫 未指定的眼睛、 未指定的眼睑"
H021,"眼睑睑外翻"
H0210,"不明原因的眼睑睑外翻"
H02101,"不明右上眼睑睑外翻"
H02102,"右下眼睑不明原因的睑外翻"
H02103,"不明右眼睑外翻，不明眼睑"
H02104,"不明原因的左上眼睑睑外翻"
H02105,"左下眼睑不明原因的睑外翻"
H02106,"不明原因的左眼睑外翻，不明原因的眼睑"
H02109,"未指定眼睑、未指定眼睑的未指定睑外翻"
H0211,"眼睑瘢痕性睑外翻"
H02111,"右上眼睑瘢痕性睑外翻"
H02112,"右下眼睑瘢痕性睑外翻"
H02113,"右眼瘢痕性睑外翻，未指明的眼睑"
H02114,"左上眼睑瘢痕性睑外翻"
H02115,"左下眼睑瘢痕性睑外翻"
H02116,"左眼瘢痕性睑外翻，未指明的眼睑"
H02119,"未指定眼、未指定眼睑的瘢痕性睑外翻"
H0212,"眼睑机械性睑外翻"
H02121,"右上眼睑机械性睑外翻"
H02122,"右下眼睑机械性睑外翻"
H02123,"右眼机械性睑外翻，未指明的眼睑"
H02124,"左上眼睑机械性睑外翻"
H02125,"左下眼睑机械性睑外翻"
H02126,"左眼机械性睑外翻，未指明的眼睑"
H02129,"未指定眼、未指定眼睑的机械性睑外翻"
H0213,"老年性眼睑睑外翻"
H02131,"右上眼睑老年性睑外翻"
H02132,"右下眼睑老年性睑外翻"
H02133,"右眼老年性睑外翻，眼睑未明确"
H02134,"左上眼睑老年性睑外翻"
H02135,"左下眼睑老年性睑外翻"
H02136,"左眼老年性睑外翻，眼睑未指定"
H02139,"未指定眼、未指定眼睑的老年性睑外翻"
H0214,"眼睑痉挛性睑外翻"
H02141,"右上眼睑痉挛性睑外翻"
H02142,"右下眼睑痉挛性睑外翻"
H02143,"右眼痉挛性睑外翻，眼睑未明确"
H02144,"左上眼睑痉挛性睑外翻"
H02145,"左下眼睑痉挛性睑外翻"
H02146,"左眼痉挛性睑外翻，眼睑未明确"
H02149,"未指定眼、未指定眼睑痉挛性睑外翻"
H0215,"眼睑麻痹性睑外翻"
H02151,"右上眼睑麻痹性睑外翻"
H02152,"右下眼睑麻痹性睑外翻"
H02153,"右眼麻痹性睑外翻，眼睑不明"
H02154,"左上眼睑麻痹性睑外翻"
H02155,"左下眼睑麻痹性睑外翻"
H02156,"左眼麻痹性睑外翻，未指明的眼睑"
H02159,"未指定眼、未指定眼睑麻痹性睑外翻"
H022,"睑裂"
H0220,"未指明的睑裂病"
H02201,"未指明的睑裂症右上眼睑"
H02202,"未指明的睑裂症右下眼睑"
H02203,"未指明的右眼睑裂畸形、未指明的眼睑"
H02204,"未指明的左上眼睑睑裂睑"
H02205,"未指明的左下眼睑睑裂缝"
H02206,"未指明的左眼睑裂视、未指明的眼睑"
H02209,"未指定的睑裂症 未指定的眼睛、未指定的眼睑"
H0220A,"未指明的睑裂症右眼、上眼睑和下眼睑"
H0220B,"未指明的左眼睑裂缝、上眼睑和下眼睑"
H0220C,"未指明的睑裂、双侧、上眼睑和下眼睑"
H0221,"瘢痕性睑裂肌"
H02211,"瘢痕性睑裂肌 右上眼睑"
H02212,"瘢痕性睑裂肌右下眼睑"
H02213,"瘢痕性睑裂症右眼，未指明的眼睑"
H02214,"瘢痕性睑裂肌左上眼睑"
H02215,"瘢痕性睑裂肌左下眼睑"
H02216,"瘢痕性睑裂左眼，未分明的眼睑"
H02219,"瘢痕性睑裂不明眼，未指明眼睑"
H0221A,"瘢痕性睑裂症右眼、上下眼睑"
H0221B,"瘢痕性睑裂肌左眼、上下眼睑"
H0221C,"瘢痕性睑裂，双侧，上下眼睑"
H0222,"机械性睑裂"
H02221,"机械性睑裂：右上眼睑"
H02222,"机械性睑裂症右下眼睑"
H02223,"机械性睑裂右眼，未指明的眼睑"
H02224,"机械性睑裂：左上眼睑"
H02225,"机械性睑裂症左下眼睑"
H02226,"机械性睑裂症左眼，未指明的眼睑"
H02229,"机械性睑裂不明眼、未明确眼睑"
H0222A,"机械性睑裂症右眼、上下眼睑"
H0222B,"机械性睑裂：左眼、上眼睑和下眼睑"
H0222C,"机械性睑下眼症、双侧、上下眼睑"
H0223,"麻痹性睑裂肌"
H02231,"麻痹性睑裂症右上眼睑"
H02232,"麻痹性睑裂症右下眼睑"
H02233,"麻痹性睑裂症右眼，未指明的眼睑"
H02234,"麻痹性睑裂症左上眼睑"
H02235,"麻痹性睑裂症左下眼睑"
H02236,"麻痹性睑裂症左眼，未指明的眼睑"
H02239,"麻痹性睑裂症未指定眼、未指定眼睑"
H0223A,"麻痹性睑裂症右眼、上下眼睑"
H0223B,"麻痹性睑裂肌左眼、上下眼睑"
H0223C,"麻痹性睑裂症、双侧、上下眼睑"
H023,"眼睑裂缝"
H0230,"眼睑裂缝未指定的眼睛，未指定的眼睑"
H0231,"右上眼睑"
H0232,"右下眼睑"
H0233,"右眼睑裂缝，未指明的眼睑"
H0234,"左上眼睑"
H0235,"左下眼睑睑"
H0236,"左眼睑裂缝，未指明的眼睑"
H024,"眼睑上睑下垂"
H0240,"未指明的眼睑上睑下垂"
H02401,"未指明的右眼睑上睑下垂"
H02402,"未指明的左眼睑上睑下垂"
H02403,"未指明的双侧眼睑上睑下垂"
H02409,"未指定眼睑的未指定上睑下垂"
H0241,"眼睑机械性上睑下垂"
H02411,"右眼睑机械性上睑下垂"
H02412,"左眼睑机械性上睑下垂"
H02413,"双侧眼睑机械性上睑下垂"
H02419,"未指定眼睑的机械性上睑下垂"
H0242,"眼睑肌源性上睑下垂"
H02421,"右眼睑肌源性上睑下垂"
H02422,"左眼睑肌源性上睑下垂"
H02423,"双侧眼睑肌源性上睑下垂"
H02429,"未指定眼睑的肌源性上睑下垂"
H0243,"眼睑麻痹性上睑下垂"
H02431,"右眼睑麻痹性上睑下垂"
H02432,"左眼睑麻痹性上睑下垂"
H02433,"双侧眼睑麻痹性上睑下垂"
H02439,"麻痹性上睑下垂 未指明的眼睑"
H025,"影响眼睑功能的其他疾病"
H0251,"神经支配异常综合征"
H02511,"神经支配异常综合征 右上眼睑"
H02512,"神经支配异常综合征 右下眼睑"
H02513,"神经支配综合征异常 右眼，未指定的眼睑"
H02514,"神经支配异常综合征左上眼睑"
H02515,"左下眼睑神经支配综合征异常"
H02516,"神经支配综合征异常 左眼，未指定眼睑"
H02519,"神经支配异常综合征 未指定的眼睛、未指定的眼睑"
H0252,"眼睑包茎"
H02521,"眼睑包茎 右上眼睑"
H02522,"眼睑包茎 右下眼睑"
H02523,"右眼眼睑包茎，未指明的眼睑"
H02524,"左上眼睑眼睑包茎"
H02525,"左下眼睑眼睑包茎"
H02526,"眼睑包茎 左眼，未指明的眼睑"
H02529,"眼睑包茎未指定眼睛、未指定眼睑"
H0253,"眼睑回缩"
H02531,"眼睑回缩右上眼睑"
H02532,"眼睑回缩右下眼睑"
H02533,"眼睑回缩 右眼，未指定的眼睑"
H02534,"眼睑回缩左上眼睑"
H02535,"眼睑回缩左下眼睑"
H02536,"左眼睑回缩，未指定的眼睑"
H02539,"眼睑回缩 未指定的眼睛，未指定的眼睑"
H0259,"影响眼睑功能的其他疾病"
H026,"眼睑黄瘤"
H0260,"未指定眼、未指定眼睑的黄瘤"
H0261,"右上眼睑黄瘤"
H0262,"右下眼睑黄瘤"
H0263,"右眼黄瘤，未指明的眼睑"
H0264,"左上眼睑黄瘤"
H0265,"左下眼睑黄瘤"
H0266,"左眼黄瘤，未指明的眼睑"
H027,"眼睑和眼周区域的其他和未指定的退行性疾病"
H0270,"未指定的眼睑和眼周退行性疾病"
H0271,"眼睑和眼周区域黄褐斑"
H02711,"右上眼睑和眼周黄褐斑"
H02712,"右下眼睑和眼周区域黄褐斑"
H02713,"右眼、未指明的眼睑和眼周区域的黄褐斑"
H02714,"左上眼睑和眼周区域黄褐斑"
H02715,"左下眼睑和眼周区域黄褐斑"
H02716,"左眼黄褐斑、未指明的眼睑和眼周区域"
H02719,"未指定眼、未指定眼睑和眼周区域的黄褐斑"
H0272,"眼睑和眼周区域的 Madarosis"
H02721,"右上眼睑和眼周区域的 Madarosis"
H02722,"右下眼睑和眼周区域的 Madarosis"
H02723,"右眼 Madarosis、未指明的眼睑和眼周区域"
H02724,"左上眼睑和眼周区域的 Madarosis"
H02725,"左下眼睑和眼周区域的 Madarosis"
H02726,"左眼 Madarosis、未指明的眼睑和眼周区域"
H02729,"未指定眼、未指定眼睑和眼周区域的 Madarosis"
H0273,"眼睑和眼周区域白癜风"
H02731,"右上眼睑和眼周白癜风"
H02732,"右下眼睑和眼周区域白癜风"
H02733,"右眼白癜风、未指明的眼睑和眼周区域"
H02734,"左上眼睑和眼周白癜风"
H02735,"左下眼睑和眼周区域白癜风"
H02736,"左眼、未指明的眼睑和眼周区域白癜风"
H02739,"未指定眼、未指定眼睑和眼周区域的白癜风"
H0279,"眼睑和眼周区域的其他退行性疾病"
H028,"其他特定的眼睑疾病"
H0281,"眼睑内残留异物"
H02811,"右上眼睑残留异物"
H02812,"右下眼睑异物滞留"
H02813,"右眼异物滞留，眼睑未指明"
H02814,"左上眼睑残留异物"
H02815,"左下眼睑异物滞留"
H02816,"左眼异物滞留，未指明的眼睑"
H02819,"未指定眼、未指定眼睑中残留异物"
H0282,"眼睑囊肿"
H02821,"右上眼睑囊肿"
H02822,"右下眼睑囊肿"
H02823,"右眼囊肿，未指明的眼睑"
H02824,"左上眼睑囊肿"
H02825,"左下眼睑囊肿"
H02826,"左眼囊肿，未指明的眼睑"
H02829,"未指定眼囊肿、未指定眼睑"
H0283,"眼睑皮松弛症"
H02831,"右上眼睑皮松弛症"
H02832,"右下眼睑皮松弛症"
H02833,"右眼皮松弛症，未指明的眼睑"
H02834,"左上眼睑皮松弛症"
H02835,"左下眼睑皮松弛症"
H02836,"左眼皮松弛症，未指明的眼睑"
H02839,"未指定眼、未指定眼睑的皮肤松弛症"
H0284,"眼睑水肿"
H02841,"右上眼睑水肿"
H02842,"右下眼睑水肿"
H02843,"右眼水肿，未指明的眼睑"
H02844,"左上眼睑水肿"
H02845,"左下眼睑水肿"
H02846,"左眼水肿，未指明的眼睑"
H02849,"未指定眼、未指定眼睑水肿"
H0285,"眼睑象皮病"
H02851,"右上眼睑象皮病"
H02852,"右下眼睑象皮病"
H02853,"右眼象皮病，未指明的眼睑"
H02854,"左上眼睑象皮病"
H02855,"左下眼睑象皮病"
H02856,"左眼象皮病，未指明的眼睑"
H02859,"未指定眼、未指定眼睑的象皮病"
H0286,"眼睑多毛症"
H02861,"右上眼睑多毛症"
H02862,"右下眼睑多毛症"
H02863,"右眼多毛症，未指明的眼睑"
H02864,"左上眼睑多毛症"
H02865,"左下眼睑多毛症"
H02866,"左眼多毛症，未指明的眼睑"
H02869,"未指定眼、未指定眼睑多毛症"
H0287,"眼睑血管异常"
H02871,"右上眼睑血管异常"
H02872,"右下眼睑血管异常"
H02873,"右眼血管异常，未指明的眼睑"
H02874,"左上眼睑血管异常"
H02875,"左下眼睑血管异常"
H02876,"左眼血管异常，未指明的眼睑"
H02879,"未指定眼、未指定眼睑的血管异常"
H0288,"睑板腺功能障碍"
H02881,"睑板腺功能障碍 右上眼睑"
H02882,"睑板腺功能障碍 右下眼睑"
H02883,"右眼睑板腺功能障碍，未指明的眼睑"
H02884,"睑板腺功能障碍左上眼睑"
H02885,"睑板腺功能障碍左下眼睑"
H02886,"左眼睑板腺功能障碍，未指明的眼睑"
H02889,"未指定眼睑、未指定眼睑的睑板腺功能障碍"
H0288A,"睑板腺功能障碍 右眼、上下眼睑"
H0288B,"睑板腺功能障碍 左眼、上下眼睑"
H0289,"其他特定的眼睑疾病"
H029,"未指明的眼睑疾病"
H04,"泪道系统疾病"
H040,"泪腺炎"
H0400,"未分类的泪腺炎"
H04001,"未分明的泪腺炎，右泪腺"
H04002,"未分类的泪腺炎，左泪腺"
H04003,"未分类的泪腺炎、双侧泪腺"
H04009,"未指定的泪腺炎，未指定的泪腺"
H0401,"急性泪腺炎"
H04011,"急性泪腺炎，右泪腺"
H04012,"急性泪腺炎，左泪腺"
H04013,"急性泪腺炎，双侧泪腺"
H04019,"急性泪腺炎，未指明的泪腺"
H0402,"慢性泪腺炎"
H04021,"慢性泪腺炎，右泪腺"
H04022,"慢性泪腺炎，左泪腺"
H04023,"慢性泪腺炎，双侧泪腺"
H04029,"慢性泪腺炎，未指明的泪腺"
H0403,"泪腺慢性肿大"
H04031,"右泪腺慢性肿大"
H04032,"左泪腺慢性肿大"
H04033,"双侧泪腺慢性肿大"
H04039,"未指明的泪腺慢性肿大"
H041,"泪腺的其他疾病"
H0411,"达迪洛普斯"
H04111,"右泪腺的泪腺"
H04112,"左泪腺泪腺"
H04113,"双侧泪腺的泪腺"
H04119,"未指明泪腺的泪腺"
H0412,"干眼症"
H04121,"右泪腺干眼症"
H04122,"左泪腺干眼症"
H04123,"双侧泪腺干眼症"
H04129,"未指明泪腺的干眼综合征"
H0413,"泪囊肿"
H04131,"泪囊肿，右泪腺"
H04132,"泪腺囊肿，左泪腺"
H04133,"泪囊肿、双侧泪腺"
H04139,"泪腺囊肿，未指明的泪腺"
H0414,"原发性泪腺萎缩"
H04141,"原发性泪腺萎缩，右泪腺"
H04142,"原发性泪腺萎缩，左泪腺"
H04143,"原发性泪腺萎缩、双侧泪腺"
H04149,"原发性泪腺萎缩，未指明的泪腺"
H0415,"继发性泪腺萎缩"
H04151,"继发性泪腺萎缩，右侧泪腺"
H04152,"继发性泪腺萎缩，左泪腺"
H04153,"继发性泪腺萎缩、双侧泪腺"
H04159,"继发性泪腺萎缩，未指明的泪腺"
H0416,"泪腺脱位"
H04161,"泪腺脱位，右泪腺"
H04162,"泪腺脱位，左泪腺"
H04163,"泪腺脱位、双侧泪腺"
H04169,"泪腺脱位，未指明的泪腺"
H0419,"其他特定的泪腺疾病"
H042,"Epiphora （隐喻）"
H0420,"未指明的 epiphor"
H04201,"未指明的 epiphora，右侧"
H04202,"未指明的 epiphora，左侧"
H04203,"未指明的溢血，双侧"
H04209,"未指定的 epiphora，未指定的一侧"
H0421,"流泪过多导致的 epiphora"
H04211,"由于流泪过多、右侧泪腺引起的溢悟"
H04212,"由于过度流泪而导致的溢悻，左泪腺"
H04213,"由于流泪过多、双侧泪腺引起的隐晦"
H04219,"由于过度流泪、未指明的泪腺引起的隐晦"
H0422,"引流不足导致的隐晦"
H04221,"由于引流不足而导致的溢香，右侧"
H04222,"引流不足导致的隐悙，左侧"
H04223,"引流不足导致的溢血，双侧"
H04229,"引流不足导致的 epiphora，未指定的一侧"
H043,"泪道急性和未指明的炎症"
H0430,"未分类的泪囊炎"
H04301,"未分类的右侧泪道泪囊炎"
H04302,"未分类的左泪道泪囊炎"
H04303,"未分类的双侧泪道泪囊炎"
H04309,"未指明泪道的未指明泪囊炎"
H0431,"蜂窝状泪囊炎"
H04311,"右侧泪道的蜂窝状泪囊炎"
H04312,"左泪道炎性泪囊炎"
H04313,"双侧泪道的痰状泪囊炎"
H04319,"不明泪道的蜂窝状泪囊炎"
H0432,"急性泪囊炎"
H04321,"右侧泪道的急性泪囊炎"
H04322,"左侧泪道急性泪囊炎"
H04323,"双侧泪道急性泪囊炎"
H04329,"未指明泪道的急性泪囊炎"
H0433,"急性泪道炎"
H04331,"右侧泪道急性泪道泪小管炎"
H04332,"左侧泪道急性泪道泪小管炎"
H04333,"双侧泪道急性泪道炎"
H04339,"未指定泪道的急性泪道泪小管炎"
H044,"泪道慢性炎症"
H0441,"慢性泪囊炎"
H04411,"右侧泪道慢性泪囊炎"
H04412,"左泪道慢性泪囊炎"
H04413,"双侧泪道慢性泪囊炎"
H04419,"未指明泪道的慢性泪囊炎"
H0442,"慢性泪道炎"
H04421,"右侧泪道的慢性泪道泪道肾小管炎"
H04422,"左侧泪道慢性泪道泪小管炎"
H04423,"双侧泪道慢性泪道泪道泪小管炎"
H04429,"不明泪道的慢性泪道性泪小管炎"
H0443,"慢性泪液粘液囊肿"
H04431,"右侧泪道的慢性泪液粘液囊肿"
H04432,"左侧泪道的慢性泪液粘液囊肿"
H04433,"双侧泪道的慢性泪液粘液囊肿"
H04439,"未指明泪道的慢性泪液粘液囊肿"
H045,"泪道狭窄和关闭不全"
H0451,"达琼利石"
H04511,"右泪道的泪石"
H04512,"左泪道的泪石"
H04513,"双侧泪道的 Dacryolith"
H04519,"未明确泪道的 Dacryolith"
H0452,"泪点外翻"
H04521,"右泪点外翻"
H04522,"左泪点外翻"
H04523,"双侧泪点外翻"
H04529,"未指明的泪点外翻"
H0453,"新生儿鼻泪管梗阻"
H04531,"新生儿右侧鼻泪管梗阻"
H04532,"新生儿左侧鼻泪管梗阻"
H04533,"新生儿双侧鼻泪管梗阻"
H04539,"新生儿未指明的鼻泪管梗阻"
H0454,"泪小管狭窄"
H04541,"右侧泪管狭窄"
H04542,"左泪小管狭窄"
H04543,"双侧泪小管狭窄"
H04549,"未指明的泪小管狭窄"
H0455,"鼻泪管获得性狭窄"
H04551,"右鼻泪管获得性狭窄"
H04552,"左鼻泪管获得性狭窄"
H04553,"双侧鼻泪管获得性狭窄"
H04559,"未指明的鼻泪管获得性狭窄"
H0456,"泪点狭窄"
H04561,"右侧泪点狭窄"
H04562,"左泪点狭窄"
H04563,"双侧泪点狭窄"
H04569,"未指明的泪点狭窄"
H0457,"泪囊狭窄"
H04571,"右泪囊狭窄"
H04572,"左泪囊狭窄"
H04573,"双侧泪囊狭窄"
H04579,"未指明的泪囊狭窄"
H046,"泪道的其他变化"
H0461,"泪瘘"
H04611,"泪瘘右泪道"
H04612,"泪瘘左泪道"
H04613,"泪瘘双侧泪道"
H04619,"泪瘘未指明的泪道"
H0469,"泪道的其他变化"
H048,"其他泪道系统疾病"
H0481,"泪道肉芽肿"
H04811,"右侧泪道肉芽肿"
H04812,"左侧泪道肉芽肿"
H04813,"双侧泪道肉芽肿"
H04819,"未指明泪道的肉芽肿"
H0489,"其他泪道系统疾病"
H049,"泪道系统疾病，未指定"
H05,"眼眶疾病"
H050,"眼眶急性炎症"
H0500,"未指明的急性眼眶炎症"
H0501,"眼眶蜂窝织炎"
H05011,"右眼眶蜂窝织炎"
H05012,"左眼眶蜂窝织炎"
H05013,"双侧眼眶蜂窝织炎"
H05019,"眼眶不明的蜂窝织炎"
H0502,"眼眶骨髓炎"
H05021,"右眼眶骨髓炎"
H05022,"左眼眶骨髓炎"
H05023,"双侧眼眶骨髓炎"
H05029,"不明眼眶的骨髓炎"
H0503,"眼眶骨膜炎"
H05031,"右眼眶骨膜炎"
H05032,"左眼眶骨膜炎"
H05033,"双侧眼眶骨膜炎"
H05039,"不明眼眶骨膜炎"
H0504,"眼眶肌腱炎"
H05041,"右眼眶肌腱炎"
H05042,"左眼眶肌腱炎"
H05043,"双侧眼眶肌腱炎"
H05049,"不明眼眶肌腱炎"
H051,"慢性眼眶炎症性疾病"
H0510,"未特明的慢性眼眶炎症性疾病"
H0511,"眼眶肉芽肿"
H05111,"右眼眶肉芽肿"
H05112,"左眼眶肉芽肿"
H05113,"双侧眼眶肉芽肿"
H05119,"眼眶不明肉芽肿"
H0512,"眼眶肌炎"
H05121,"眼眶肌炎，右眼眶"
H05122,"眼眶肌炎，左眼眶"
H05123,"双侧眼眶肌炎"
H05129,"眼眶肌炎，未指明的眼眶"
H052,"眼球突出疾病"
H0520,"未分类的眼球突出"
H0521,"地球仪的位移（横向）"
H05211,"眼球移位（外侧），右眼"
H05212,"眼球移位（侧向），左眼"
H05213,"眼球移位（横向），双侧"
H05219,"眼球移位（外侧），未指明的眼"
H0522,"眼眶水肿"
H05221,"右眼眶水肿"
H05222,"左眼眶水肿"
H05223,"双侧眼眶水肿"
H05229,"未指明的眼眶水肿"
H0523,"眼眶出血"
H05231,"右眼眶出血"
H05232,"左眼眶出血"
H05233,"双侧眼眶出血"
H05239,"不明眼眶出血"
H0524,"持续性眼球突出"
H05241,"持续性眼球突出，右眼"
H05242,"持续性眼球突出，左眼"
H05243,"持续性眼球突出，双侧"
H05249,"持续性眼球突出，未指明的眼睛"
H0525,"间歇性眼球突出"
H05251,"间歇性眼球突出，右眼"
H05252,"间歇性眼球突出，左眼"
H05253,"间歇性眼球突出，双侧"
H05259,"间歇性眼球突出，未指明的眼睛"
H0526,"搏动性眼球突出"
H05261,"搏动性眼球突出，右眼"
H05262,"搏动性眼球突出，左眼"
H05263,"搏动性眼球突出，双侧"
H05269,"搏动性眼球突出，未指明的眼睛"
H053,"眼眶畸形"
H0530,"未指明的眼眶畸形"
H0531,"眼眶萎缩"
H05311,"右眼眶萎缩"
H05312,"左眼眶萎缩"
H05313,"双侧眼眶萎缩"
H05319,"未指定眼眶萎缩"
H0532,"骨病引起的眼眶畸形"
H05321,"骨骼疾病引起的右眼眶畸形"
H05322,"骨骼疾病引起的左眼眶畸形"
H05323,"骨病引起的双侧眼眶畸形"
H05329,"骨病引起的不明眼眶畸形"
H0533,"外伤或手术引起的眼眶畸形"
H05331,"外伤或手术导致的右眼眶畸形"
H05332,"外伤或手术导致的左眼眶畸形"
H05333,"外伤或手术引起的双侧眼眶畸形"
H05339,"由于外伤或手术导致的不明眼眶畸形"
H0534,"眼眶扩大"
H05341,"右眼眶扩大"
H05342,"左眼眶扩大"
H05343,"双侧眼眶扩大"
H05349,"未指定眼眶扩大"
H0535,"眼眶外生骨疣"
H05351,"右眼眶外生骨疣"
H05352,"左眼眶外生骨疣"
H05353,"双侧眼眶外生骨疣"
H05359,"未指明眼眶的外生骨疣"
H054,"眼球内陷"
H0540,"未指明的眼球内陷"
H05401,"未指明的眼球内陷，右眼"
H05402,"未指明的眼球内陷，左眼"
H05403,"未指明的双侧眼球内陷"
H05409,"未指定的眼球内，未指定的眼睛"
H0541,"眼眶组织萎缩引起的眼球内陷"
H05411,"眼眶组织萎缩引起的眼球内陷，右眼"
H05412,"眼眶组织萎缩引起的眼球内陷，左眼"
H05413,"眼眶组织萎缩引起的眼球内陷，双侧"
H05419,"眼眶组织萎缩引起的眼球内陷，未指明的眼睛"
H0542,"外伤或手术引起的眼球内陷"
H05421,"外伤或手术引起的眼球内陷、右眼"
H05422,"外伤或手术引起的眼球内陷、左眼"
H05423,"外伤或手术引起的眼球内陷，双侧"
H05429,"外伤或手术引起的眼球内陷，未指明的眼睛"
H055,"眼眶穿透伤后残留的（旧）异物"
H0550,"未指明眼眶穿透伤后残留的（旧）异物"
H0551,"右眼眶穿透伤后残留的（旧）异物"
H0552,"左眼眶穿透伤后残留的（旧）异物"
H0553,"双侧眼眶穿透伤后残留的（旧）异物"
H058,"其他眼眶疾病"
H0581,"眼眶囊肿"
H05811,"右眼眶囊肿"
H05812,"左眼眶囊肿"
H05813,"双侧眼眶囊肿"
H05819,"眼眶不明囊肿"
H0582,"眼外肌肌病"
H05821,"眼外肌肌病，右眼眶"
H05822,"眼外肌肌病，左眼眶"
H05823,"双侧眼外肌肌病"
H05829,"眼外肌肌病，眼眶未明确"
H0589,"其他眼眶疾病"
H059,"未指明的眼眶疾病"
H10,"结膜炎"
H100,"粘液脓性结膜炎"
H1001,"急性滤泡性结膜炎"
H10011,"急性滤泡性结膜炎，右眼"
H10012,"急性滤泡性结膜炎，左眼"
H10013,"急性滤泡性结膜炎，双侧"
H10019,"急性滤泡性结膜炎，未指明的眼睛"
H1002,"其他黏液脓性结膜炎"
H10021,"其他粘液脓性结膜炎，右眼"
H10022,"其他黏液脓性结膜炎，左眼"
H10023,"其他黏液脓性结膜炎，双侧"
H10029,"其他粘液脓性结膜炎，未指明的眼睛"
H101,"急性特应性结膜炎"
H1010,"急性特应性结膜炎，未指定眼"
H1011,"急性特应性结膜炎，右眼"
H1012,"急性特应性结膜炎，左眼"
H1013,"急性特应性结膜炎，双侧"
H102,"其他急性结膜炎"
H1021,"急性中毒性结膜炎"
H10211,"急性中毒性结膜炎，右眼"
H10212,"急性中毒性结膜炎，左眼"
H10213,"急性中毒性结膜炎，双侧"
H10219,"急性中毒性结膜炎，未指明的眼睛"
H1022,"伪膜性结膜炎"
H10221,"假膜性结膜炎，右眼"
H10222,"假膜性结膜炎，左眼"
H10223,"双侧伪膜性结膜炎"
H10229,"伪膜性结膜炎，未指明的眼睛"
H1023,"浆液性结膜炎，病毒性除外"
H10231,"浆液性结膜炎，病毒性结膜炎，右眼"
H10232,"浆液性结膜炎，病毒性结膜炎，左眼"
H10233,"浆液性结膜炎，病毒性、双侧除外"
H10239,"浆液性结膜炎，病毒性、未指定眼球除外"
H103,"未指明的急性结膜炎"
H1030,"未指明的急性结膜炎，未指明的眼睛"
H1031,"未指明的急性结膜炎，右眼"
H1032,"未指明的急性结膜炎，左眼"
H1033,"未指明的急性结膜炎，双侧"
H104,"慢性结膜炎"
H1040,"未指明的慢性结膜炎"
H10401,"未指明的慢性结膜炎，右眼"
H10402,"未指明的慢性结膜炎，左眼"
H10403,"未指明的慢性结膜炎，双侧"
H10409,"未指明的慢性结膜炎，未指明的眼睛"
H1041,"慢性头状结膜炎"
H10411,"慢性头状结膜炎，右眼"
H10412,"慢性头状结膜炎，左眼"
H10413,"慢性双侧头状结膜炎"
H10419,"慢性巨头状结膜炎，未指明的眼睛"
H1042,"单纯性慢性结膜炎"
H10421,"单纯性慢性结膜炎，右眼"
H10422,"单纯性慢性结膜炎，左眼"
H10423,"单纯性慢性结膜炎，双侧"
H10429,"单纯性慢性结膜炎，未指明的眼睛"
H1043,"慢性滤泡性结膜炎"
H10431,"慢性滤泡性结膜炎，右眼"
H10432,"慢性滤泡性结膜炎，左眼"
H10433,"慢性滤泡性结膜炎，双侧"
H10439,"慢性滤泡性结膜炎，未指明的眼睛"
H1044,"春季结膜炎"
H1045,"其他慢性过敏性结膜炎"
H105,"眼睑结膜炎"
H1050,"未指明的眼睑结膜炎"
H10501,"未指明的眼睑结膜炎，右眼"
H10502,"未指明的眼睑结膜炎，左眼"
H10503,"未指明的眼睑结膜炎，双侧"
H10509,"未指明的眼睑结膜炎，未指明的眼睛"
H1051,"木质性结膜炎"
H10511,"木质性结膜炎，右眼"
H10512,"木质性结膜炎，左眼"
H10513,"木质性结膜炎，双侧"
H10519,"木质性结膜炎，未指明的眼睛"
H1052,"眼睑结膜炎"
H10521,"眼睑结膜角炎，右眼"
H10522,"眼睑结膜角炎，左眼"
H10523,"双侧眼睑结膜角炎"
H10529,"眼睑结膜角炎，未指明的眼睛"
H1053,"接触性眼睑结膜炎"
H10531,"接触性眼睑结膜炎，右眼"
H10532,"接触性眼睑结膜炎，左眼"
H10533,"接触性眼睑结膜炎，双侧"
H10539,"接触性眼睑结膜炎，未指定的眼睛"
H108,"其他结膜炎"
H1081,"睑裂炎"
H10811,"睑裂炎，右眼"
H10812,"睑裂炎，左眼"
H10813,"双侧睑裂炎"
H10819,"睑裂炎，未指明的眼睛"
H1082,"酒渣鼻结膜炎"
H10821,"酒渣鼻结膜炎，右眼"
H10822,"酒渣鼻结膜炎，左眼"
H10823,"双侧玫瑰痤疮结膜炎"
H10829,"玫瑰痤疮结膜炎，未指明的眼睛"
H1089,"其他结膜炎"
H109,"未指明的结膜炎"
H11,"其他结膜疾病"
H110,"眼翼状胬肉"
H1100,"未指明的眼翼状胬肉"
H11001,"未指明的右眼翼状胬肉"
H11002,"未指明的左眼翼状胬肉"
H11003,"未指明的眼翼状胬肉，双侧"
H11009,"未指定眼的未指定翼状胬肉"
H1101,"翼状淀粉样胬肉"
H11011,"右眼淀粉样翼状胬肉"
H11012,"左眼翼状淀粉样胬肉"
H11013,"眼淀粉样翼状胬肉，双侧"
H11019,"未指定眼的淀粉样翼状胬肉"
H1102,"眼中央翼状胬肉"
H11021,"右眼中央翼状胬肉"
H11022,"左眼中央翼状胬肉"
H11023,"眼中央翼状胬肉，双侧"
H11029,"未指明的眼睛中央翼状胬肉"
H1103,"双侧眼翼状胬肉"
H11031,"右眼双翼状胬肉"
H11032,"左眼双翼状胬肉"
H11033,"双侧翼状胬肉"
H11039,"未指明眼的双翼状胬肉"
H1104,"眼外周翼状胬肉，静止"
H11041,"外周翼状胬肉，静止，右眼"
H11042,"外周翼状胬肉，静止，左眼"
H11043,"外周翼状胬肉，静止性，双侧"
H11049,"外周翼状胬肉，静止，未指明的眼睛"
H1105,"眼外周翼状胬肉，进行性"
H11051,"外周翼状胬肉，进行性，右眼"
H11052,"外周翼状胬肉，进行性，左眼"
H11053,"外周翼状胬肉，进行性，双侧"
H11059,"外周翼状胬肉，进行性，未指明的眼"
H1106,"眼复发性翼状胬肉"
H11061,"右眼复发性翼状胬肉"
H11062,"左眼复发性翼状胬肉"
H11063,"双侧复发性翼状眼"
H11069,"未指定眼的复发性翼状胬肉"
H111,"结膜变性和沉积物"
H1110,"未指明的结膜变性"
H1111,"结膜沉积物"
H11111,"结膜沉积物，右眼"
H11112,"结膜沉积物，左眼"
H11113,"双侧结膜沉积物"
H11119,"结膜沉积物，未指明的眼睛"
H1112,"结膜凝结物"
H11121,"结膜凝结，右眼"
H11122,"结膜凝结，左眼"
H11123,"双侧结膜凝结物"
H11129,"结膜凝结物，未指明的眼睛"
H1113,"结膜色素沉着"
H11131,"结膜色素沉着，右眼"
H11132,"结膜色素沉着，左眼"
H11133,"双侧结膜色素沉着"
H11139,"结膜色素沉着，未指明的眼睛"
H1114,"结膜干燥症，未指定"
H11141,"结膜干燥症，未指定，右眼"
H11142,"结膜干燥症，未指定，左眼"
H11143,"结膜干燥症，未明确，双侧"
H11149,"结膜干燥症、未指定、未指定眼"
H1115,"睑裂斑"
H11151,"睑裂斑，右眼"
H11152,"睑裂斑，左眼"
H11153,"双侧睑裂斑"
H11159,"睑裂斑，未指明的眼睛"
H112,"结膜瘢痕"
H1121,"结膜粘连和股线（局部）"
H11211,"结膜粘连和股线（局部），右眼"
H11212,"结膜粘连和股线（局部），左眼"
H11213,"结膜粘连和股线（局部），双侧"
H11219,"结膜粘连和股线（局部），未指明的眼睛"
H1122,"结膜肉芽肿"
H11221,"结膜肉芽肿，右眼"
H11222,"结膜肉芽肿，左眼"
H11223,"结膜肉芽肿，双侧"
H11229,"结膜肉芽肿，未指定"
H1123,"Symblepharon"
H11231,"Symblepharon，右眼"
H11232,"Symblepharon，左眼"
H11233,"双侧 Symblepharon"
H11239,"Symblepharon，未指明的眼"
H1124,"结膜瘢痕形成"
H11241,"结膜、右眼瘢痕形成"
H11242,"结膜、左眼瘢痕形成"
H11243,"结膜瘢痕形成，双侧"
H11249,"结膜瘢痕形成，未指明的眼睛"
H113,"结膜出血"
H1130,"结膜出血，未指明的眼睛"
H1131,"结膜出血，右眼"
H1132,"结膜出血，左眼"
H1133,"双侧结膜出血"
H114,"其他结膜血管疾病和囊肿"
H1141,"结膜血管异常"
H11411,"结膜、右眼血管异常"
H11412,"结膜、左眼血管异常"
H11413,"双侧结膜血管异常"
H11419,"结膜血管异常，未指明的眼睛"
H1142,"结膜水肿"
H11421,"结膜水肿，右眼"
H11422,"结膜水肿，左眼"
H11423,"双侧结膜水肿"
H11429,"结膜水肿，未指明的眼睛"
H1143,"结膜充血"
H11431,"结膜充血，右眼"
H11432,"结膜充血，左眼"
H11433,"双侧结膜充血"
H11439,"结膜充血，未指明的眼睛"
H1144,"结膜囊肿"
H11441,"结膜囊肿，右眼"
H11442,"结膜囊肿，左眼"
H11443,"双侧结膜囊肿"
H11449,"结膜囊肿，未指明的眼睛"
H118,"其他特定的结膜疾病"
H1181,"结膜假翼状胬肉"
H11811,"结膜假翼状胬肉，右眼"
H11812,"结膜假翼状胬肉，左眼"
H11813,"结膜假翼状胬肉，双侧"
H11819,"结膜假翼状胬肉，未指明的眼睛"
H1182,"结膜支腔"
H11821,"结膜支膜炎，右眼"
H11822,"结膜支腔炎，左眼"
H11823,"双侧结膜支膜炎"
H11829,"结膜支腔炎，未指定的眼睛"
H1189,"其他特定的结膜疾病"
H119,"未指明的结膜疾病"
H15,"巩膜疾病"
H150,"巩膜炎"
H1500,"未分类的巩膜炎"
H15001,"未指明的巩膜炎，右眼"
H15002,"未指明的巩膜炎，左眼"
H15003,"未分类的巩膜炎，双侧"
H15009,"未指定的巩膜炎，未指定的眼睛"
H1501,"前壁巩膜炎"
H15011,"前巩膜炎，右眼"
H15012,"前巩膜炎，左眼"
H15013,"双侧前硬膜炎"
H15019,"前巩膜炎，未指明的眼睛"
H1502,"强壮的巩膜炎"
H15021,"强壮的巩膜炎，右眼"
H15022,"强壮的巩膜炎，左眼"
H15023,"双侧强壮性巩膜炎"
H15029,"强壮的巩膜炎，未指明的眼睛"
H1503,"后巩膜炎"
H15031,"后巩膜炎，右眼"
H15032,"后巩膜炎，左眼"
H15033,"双侧后巩膜炎"
H15039,"后巩膜炎，未指明的眼睛"
H1504,"巩膜炎伴角膜受累"
H15041,"巩膜炎伴角膜受累，右眼"
H15042,"巩膜炎伴角膜受累，左眼"
H15043,"巩膜炎伴角膜受累，双侧"
H15049,"巩膜炎伴角膜受累，未指明的眼睛"
H1505,"穿孔硬软化症"
H15051,"穿孔硬软化症，右眼"
H15052,"穿孔硬软化症，左眼"
H15053,"双侧穿孔硬化软化症"
H15059,"穿孔硬化软化症，未指明的眼睛"
H1509,"其他巩膜炎"
H15091,"其他巩膜炎、右眼"
H15092,"其他巩膜炎，左眼"
H15093,"其他双侧巩膜炎"
H15099,"其他巩膜炎，未指明的眼睛"
H151,"表层巩膜炎"
H1510,"未分类的表层巩膜炎"
H15101,"未指明的表层巩膜炎，右眼"
H15102,"未指明的表层巩膜炎，左眼"
H15103,"未指明的表层巩膜炎，双侧"
H15109,"未指明的巩膜表层炎，未指明的眼睛"
H1511,"一过性上层巩膜炎"
H15111,"一过性周期性表层巩膜炎，右眼"
H15112,"一过性周期性表层巩膜炎，左眼"
H15113,"双侧 Episcleritis periodica fugax"
H15119,"一过性牙状硬化症，未指明的眼睛"
H1512,"结节性表层巩膜炎"
H15121,"结节性表层巩膜炎，右眼"
H15122,"结节性表层巩膜炎，左眼"
H15123,"结节性表层巩膜炎，双侧"
H15129,"结节性表层巩膜炎，未指明的眼睛"
H158,"巩膜的其他疾病"
H1581,"赤道葡萄球瘤"
H15811,"赤道葡萄肿，右眼"
H15812,"赤道葡萄肿，左眼"
H15813,"双侧赤道葡萄肿"
H15819,"赤道葡萄肿，未指明的眼睛"
H1582,"局限性前葡萄肿"
H15821,"局限性前葡萄肿，右眼"
H15822,"局限性前葡萄肿，左眼"
H15823,"局限性前葡萄肿，双侧"
H15829,"局限性前葡萄肿，未指明的眼睛"
H1583,"后葡萄球菌"
H15831,"后葡萄球菌，右眼"
H15832,"后葡萄球菌，左眼"
H15833,"双侧后葡萄球菌"
H15839,"后葡萄球菌，未指定的眼睛"
H1584,"巩膜扩张"
H15841,"巩膜扩张症，右眼"
H15842,"巩膜扩张症，左眼"
H15843,"双侧巩膜扩张"
H15849,"巩膜扩张症，未指明的眼睛"
H1585,"环状葡萄球菌"
H15851,"环状葡萄球菌，右眼"
H15852,"环状葡萄球菌，左眼"
H15853,"双侧环状葡萄球肿"
H15859,"环状葡萄球菌，未指明的眼睛"
H1589,"巩膜的其他疾病"
H159,"未指定的巩膜疾病"
H16,"角膜炎"
H160,"角膜溃疡"
H1600,"未分类的角膜溃疡"
H16001,"未指明的角膜溃疡，右眼"
H16002,"未指明的角膜溃疡，左眼"
H16003,"未分类的双侧角膜溃疡"
H16009,"未指明的角膜溃疡，未指明的眼睛"
H1601,"中央角膜溃疡"
H16011,"右眼中央角膜溃疡"
H16012,"左眼中央角膜溃疡"
H16013,"双侧中央角膜溃疡"
H16019,"中央角膜溃疡，未指明的眼睛"
H1602,"环形角膜溃疡"
H16021,"右眼环形角膜溃疡"
H16022,"环形角膜溃疡，左眼"
H16023,"双侧环形角膜溃疡"
H16029,"环形角膜溃疡，未指明的眼睛"
H1603,"角膜溃疡伴前房积脓"
H16031,"角膜溃疡伴前房积脓，右眼"
H16032,"角膜溃疡伴前房积脓，左眼"
H16033,"双侧角膜溃疡伴前房积脓"
H16039,"角膜溃疡伴前房积脓，未指明的眼睛"
H1604,"边缘性角膜溃疡"
H16041,"边缘性角膜溃疡，右眼"
H16042,"边缘性角膜溃疡，左眼"
H16043,"边缘性角膜溃疡，双侧"
H16049,"边缘角膜溃疡，未指明的眼睛"
H1605,"莫伦角膜溃疡"
H16051,"莫伦角膜溃疡，右眼"
H16052,"Mooren 角膜溃疡，左眼"
H16053,"双侧 Mooren 角膜溃疡"
H16059,"莫伦角膜溃疡，未指明的眼睛"
H1606,"真菌性角膜溃疡"
H16061,"霉菌性角膜溃疡，右眼"
H16062,"霉菌性角膜溃疡，左眼"
H16063,"双侧真菌性角膜溃疡"
H16069,"真菌性角膜溃疡，未指明的眼睛"
H1607,"角膜穿孔性溃疡"
H16071,"穿孔性角膜溃疡，右眼"
H16072,"穿孔性角膜溃疡，左眼"
H16073,"双侧角膜穿孔性溃疡"
H16079,"角膜穿孔性溃疡，未指明的眼睛"
H161,"其他未指明的浅表性角膜炎，无结膜炎"
H1610,"未分类的浅表性角膜炎"
H16101,"未分类的浅表性角膜炎，右眼"
H16102,"未指明的浅表性角膜炎，左眼"
H16103,"未分类的浅表性角膜炎，双侧"
H16109,"未指明的浅表性角膜炎，未指明的眼睛"
H1611,"黄斑角膜炎"
H16111,"黄斑角膜炎，右眼"
H16112,"黄斑角膜炎，左眼"
H16113,"双侧黄斑角膜炎"
H16119,"黄斑角膜炎，未指明的眼睛"
H1612,"丝状角膜炎"
H16121,"丝状角膜炎，右眼"
H16122,"丝状角膜炎，左眼"
H16123,"双侧丝状角膜炎"
H16129,"丝状角膜炎，未指明的眼睛"
H1613,"光性角膜炎"
H16131,"光性角膜炎，右眼"
H16132,"光性角膜炎，左眼"
H16133,"双侧光性角膜炎"
H16139,"光性角膜炎，未指明的眼睛"
H1614,"点状角膜炎"
H16141,"点状角膜炎，右眼"
H16142,"点状角膜炎，左眼"
H16143,"双侧点状角膜炎"
H16149,"点状角膜炎，未指明的眼睛"
H162,"角膜结膜炎"
H1620,"未指明的角膜结膜炎"
H16201,"未指明的角膜结膜炎，右眼"
H16202,"未指明的角膜结膜炎，左眼"
H16203,"未指明的双侧角膜结膜炎"
H16209,"未指明的角膜结膜炎，未指明的眼睛"
H1621,"暴露性角膜结膜炎"
H16211,"暴露 角膜结膜炎，右眼"
H16212,"暴露性角膜结膜炎，左眼"
H16213,"暴露性双侧角膜结膜炎"
H16219,"暴露性角膜结膜炎，未指明的眼睛"
H1622,"干燥性角膜结膜炎，未指定为干燥综合征"
H16221,"干燥性角膜结膜炎，未指定为干燥综合征，右眼"
H16222,"干燥性角膜结膜炎，未指定为干燥综合征，左眼"
H16223,"干燥性角膜结膜炎，未指定为干燥综合征，双侧"
H16229,"干燥性角膜结膜炎，未指定为干燥综合征，未指明眼"
H1623,"神经营养性角膜结膜炎"
H16231,"神经营养性角膜结膜炎，右眼"
H16232,"神经营养性角膜结膜炎，左眼"
H16233,"神经营养性角膜结膜炎，双侧"
H16239,"神经营养性角膜结膜炎，未指明的眼睛"
H1624,"结节性眼炎"
H16241,"结节性眼炎，右眼"
H16242,"结节性眼炎，左眼"
H16243,"双侧结节性眼炎"
H16249,"结节性眼炎，未指明的眼睛"
H1625,"疱疹性角结膜炎"
H16251,"静脉性角膜结膜炎，右眼"
H16252,"疱疹性角膜结膜炎，左眼"
H16253,"双侧疱状角膜结膜炎"
H16259,"Phlyctenular Keratoconjunctivivitis，未指明的眼睛"
H1626,"春季角膜结膜炎，累及 Limbar 和角膜"
H16261,"春季角膜结膜炎，累及胫骨和角膜，右眼"
H16262,"春季角膜结膜炎，累及舷侧和角膜，左眼"
H16263,"春季角膜结膜炎，累及胫骨和角膜，双侧"
H16269,"春季角膜结膜炎，累及 Limbar 和角膜，未指明的眼睛"
H1629,"其他角膜结膜炎"
H16291,"其他角膜结膜炎，右眼"
H16292,"其他角膜结膜炎、左眼"
H16293,"其他双侧角膜结膜炎"
H16299,"其他角膜结膜炎，未指明的眼睛"
H163,"间质性和深部角膜炎"
H1630,"未分类的间质性角膜炎"
H16301,"未指明的间质性角膜炎，右眼"
H16302,"未指明的间质性角膜炎，左眼"
H16303,"未分类的间质性角膜炎，双侧"
H16309,"未指定的间质性角膜炎，未指定的眼睛"
H1631,"角膜脓肿"
H16311,"角膜脓肿，右眼"
H16312,"角膜脓肿，左眼"
H16313,"双侧角膜脓肿"
H16319,"角膜脓肿，未指明的眼睛"
H1632,"弥漫性间质性角膜炎"
H16321,"弥漫性间质性角膜炎，右眼"
H16322,"弥漫性间质性角膜炎，左眼"
H16323,"弥漫性间质性角膜炎，双侧"
H16329,"弥漫性间质性角膜炎，未指明的眼睛"
H1633,"硬化性角膜炎"
H16331,"硬化性角膜炎，右眼"
H16332,"硬化性角膜炎，左眼"
H16333,"双侧硬化性角膜炎"
H16339,"硬化性角膜炎，未指明的眼睛"
H1639,"其他间质性和深部角膜炎"
H16391,"其他间质性和深部角膜炎，右眼"
H16392,"其他间质和深部角膜炎，左眼"
H16393,"其他间质性和深部角膜炎，双侧"
H16399,"其他间质性和深部角膜炎，未指定的眼睛"
H164,"角膜新生血管"
H1640,"未指明的角膜新生血管"
H16401,"未指明的角膜新生血管，右眼"
H16402,"未指明的角膜新生血管，左眼"
H16403,"未指明的角膜新生血管，双侧"
H16409,"未指定的角膜新生血管，未指定的眼睛"
H1641,"鬼血管（角膜）"
H16411,"鬼血管（角膜），右眼"
H16412,"鬼血管（角膜），左眼"
H16413,"鬼血管（角膜），双侧"
H16419,"鬼血管（角膜），未指明的眼睛"
H1642,"血管翳（角膜）"
H16421,"血管翳（角膜），右眼"
H16422,"血管翳（角膜），左眼"
H16423,"血管翳（角膜），双侧"
H16429,"血管翳（角膜），未指明的眼睛"
H1643,"角膜局部血管形成"
H16431,"右眼角膜局部血管形成"
H16432,"左眼角膜局部血管形成"
H16433,"双侧角膜局部血管形成"
H16439,"角膜局部血管形成，未指明的眼睛"
H1644,"角膜深部血管形成"
H16441,"右眼角膜深层血管形成"
H16442,"角膜深部血管形成，左眼"
H16443,"双侧角膜深部血管形成"
H16449,"角膜深部血管形成，未指明的眼睛"
H168,"其他角膜炎"
H169,"未指定的角膜炎"
H17,"角膜疤痕和混浊"
H170,"粘附性白细胞瘤"
H1700,"粘附性白细胞瘤，未指定眼"
H1701,"粘附性白细胞瘤，右眼"
H1702,"粘附性白细胞瘤，左眼"
H1703,"双侧粘附性白细胞瘤"
H171,"中央角膜混浊"
H1710,"中央角膜混浊，未指明的眼睛"
H1711,"中央角膜混浊，右眼"
H1712,"中央角膜混浊，左眼"
H1713,"中央角膜混浊，双侧"
H178,"其他角膜瘢痕和混浊"
H1781,"角膜轻微混浊"
H17811,"右眼角膜轻微混浊"
H17812,"角膜、左眼轻微混浊"
H17813,"双侧角膜轻微混浊"
H17819,"角膜轻微混浊，未指明的眼睛"
H1782,"角膜外周混浊"
H17821,"角膜、右眼外周混浊"
H17822,"角膜、左眼外周混浊"
H17823,"双侧角膜外周混浊"
H17829,"角膜外周混浊，未指明的眼睛"
H1789,"其他角膜瘢痕和混浊"
H179,"未指定的角膜疤痕和混浊"
H18,"角膜的其他疾病"
H180,"角膜色素沉着和沉积物"
H1800,"未指明的角膜沉积物"
H18001,"未指明的角膜沉积物，右眼"
H18002,"未指明的角膜沉积物，左眼"
H18003,"未指明的双侧角膜沉积物"
H18009,"未指定的角膜沉积物，未指定的眼睛"
H1801,"前角膜色素沉着"
H18011,"右眼前角膜色素沉着"
H18012,"前角膜色素沉着，左眼"
H18013,"双侧前角膜色素沉着"
H18019,"前角膜色素沉着，未指明的眼睛"
H1802,"银色角膜沉积物"
H18021,"银状角膜沉积物，右眼"
H18022,"银色角膜沉积物，左眼"
H18023,"银色角膜沉积物，双侧"
H18029,"银色角膜沉积物，未指明的眼睛"
H1803,"代谢紊乱中的角膜沉积物"
H18031,"代谢紊乱中的角膜沉积物，右眼"
H18032,"代谢紊乱中的角膜沉积物，左眼"
H18033,"代谢紊乱中的角膜沉积物，双侧"
H18039,"代谢紊乱中的角膜沉积物，未指定的眼睛"
H1804,"Kayser-Fleischer 戒指"
H18041,"Kayser-Fleischer 环，右眼"
H18042,"Kayser-Fleischer 环，左眼"
H18043,"Kayser-Fleischer 环，双侧"
H18049,"Kayser-Fleischer 环，未指定眼睛"
H1805,"角膜后部色素沉着"
H18051,"右眼角膜后部色素沉着"
H18052,"左眼角膜后部色素沉着"
H18053,"双侧角膜后部色素沉着"
H18059,"角膜后部色素沉着，未指明的眼睛"
H1806,"基质角膜色素沉着"
H18061,"基质角膜色素沉着，右眼"
H18062,"基质角膜色素沉着，左眼"
H18063,"双侧基质角膜色素沉着"
H18069,"基质角膜色素沉着，未指明的眼睛"
H181,"大疱性角膜病"
H1810,"大疱性角膜病变，未指明的眼睛"
H1811,"大疱性角膜病，右眼"
H1812,"大疱性角膜病，左眼"
H1813,"双侧大疱性角膜病"
H182,"其他未指明的角膜水肿"
H1820,"未指明的角膜水肿"
H1821,"继发于角膜接触镜的角膜水肿"
H18211,"继发于角膜接触镜、右眼的角膜水肿"
H18212,"继发于角膜接触镜、左眼的角膜水肿"
H18213,"继发于角膜接触镜的角膜水肿，双侧"
H18219,"继发于角膜接触镜的角膜水肿，未指明的眼睛"
H1822,"特发性角膜水肿"
H18221,"特发性角膜水肿，右眼"
H18222,"特发性角膜水肿，左眼"
H18223,"特发性角膜水肿，双侧"
H18229,"特发性角膜水肿，眼球不明"
H1823,"继发性角膜水肿"
H18231,"继发性角膜水肿，右眼"
H18232,"继发性角膜水肿，左眼"
H18233,"继发性角膜水肿，双侧"
H18239,"继发性角膜水肿，未指明的眼睛"
H183,"角膜的变化"
H1830,"未指明的角膜改变"
H1831,"Bowman 膜褶皱和破裂"
H18311,"Bowman 膜褶皱和破裂，右眼"
H18312,"Bowman 膜褶皱和破裂，左眼"
H18313,"双侧 Bowman 膜褶皱和破裂"
H18319,"Bowman 膜褶皱和破裂，眼型不明"
H1832,"后弹力层折叠"
H18321,"后弹力层褶皱，右眼"
H18322,"后弹力层褶皱，左眼"
H18323,"后弹力层褶皱，双侧"
H18329,"后弹力层褶皱，未指明的眼睛"
H1833,"后弹力层破裂"
H18331,"后弹力层破裂，右眼"
H18332,"后弹力层破裂，左眼"
H18333,"后弹力层破裂，双侧"
H18339,"后弹力层破裂，未指明的眼睛"
H184,"角膜变性"
H1840,"未分类的角膜变性"
H1841,"老弓"
H18411,"Arcus senilis，右眼"
H18412,"Arcus senilis，左眼"
H18413,"Arcus senilis，双侧"
H18419,"Arcus senilis，未指定的眼睛"
H1842,"带状角膜病变"
H18421,"带状角膜病变，右眼"
H18422,"带状角膜病，左眼"
H18423,"带状角膜病变，双侧"
H18429,"带状角膜病变，未指明的眼睛"
H1843,"其他钙质性角膜变性"
H1844,"角膜软化"
H18441,"角膜软化症，右眼"
H18442,"角膜软化症，左眼"
H18443,"双侧角膜软化症"
H18449,"角膜软化症，未指明的眼睛"
H1845,"结节性角膜变性"
H18451,"结节性角膜变性，右眼"
H18452,"结节性角膜变性，左眼"
H18453,"结节性角膜变性，双侧"
H18459,"结节性角膜变性，未指明的眼睛"
H1846,"外周角膜变性"
H18461,"外周角膜变性，右眼"
H18462,"外周角膜变性，左眼"
H18463,"双侧外周角膜变性"
H18469,"外周角膜变性，未指明的眼睛"
H1849,"其他角膜变性"
H185,"遗传性角膜营养不良"
H1850,"未分类的遗传性角膜营养不良"
H18501,"未指明的遗传性角膜营养不良，右眼"
H18502,"未分类的遗传性角膜营养不良，左眼"
H18503,"未分类的遗传性角膜营养不良，双侧"
H18509,"未指明的遗传性角膜营养不良，未指明的眼睛"
H1851,"内皮角膜营养不良"
H18511,"内皮角膜营养不良，右眼"
H18512,"内皮角膜营养不良，左眼"
H18513,"双侧内皮角膜营养不良"
H18519,"内皮角膜营养不良，未指明的眼睛"
H1852,"上皮性（青少年）角膜营养不良"
H18521,"上皮（青少年）角膜营养不良，右眼"
H18522,"上皮（青少年）角膜营养不良，左眼"
H18523,"上皮（青少年）角膜营养不良，双侧"
H18529,"上皮（青少年）角膜营养不良，未指明的眼睛"
H1853,"颗粒状角膜营养不良"
H18531,"颗粒状角膜营养不良，右眼"
H18532,"颗粒状角膜营养不良，左眼"
H18533,"颗粒状角膜营养不良，双侧"
H18539,"颗粒状角膜营养不良，未分明的眼睛"
H1854,"晶格角膜营养不良"
H18541,"晶格角膜营养不良，右眼"
H18542,"晶格角膜营养不良，左眼"
H18543,"晶格角膜营养不良，双侧"
H18549,"晶格角膜营养不良，未指明的眼睛"
H1855,"黄斑角膜营养不良"
H18551,"黄斑角膜营养不良，右眼"
H18552,"黄斑角膜营养不良，左眼"
H18553,"双侧黄斑角膜营养不良"
H18559,"黄斑角膜营养不良，未指明的眼睛"
H1859,"其他遗传性角膜营养不良"
H18591,"其他遗传性角膜营养不良，右眼"
H18592,"其他遗传性角膜营养不良，左眼"
H18593,"其他遗传性角膜营养不良，双侧"
H18599,"其他遗传性角膜营养不良，未指明的眼睛"
H186,"圆锥形角膜"
H1860,"圆锥角膜，未指定"
H18601,"圆锥角膜，未指定，右眼"
H18602,"圆锥角膜，未指定，左眼"
H18603,"圆锥角膜，未指定，双侧"
H18609,"圆锥角膜、未指定、未指定的眼睛"
H1861,"圆锥角膜，稳定"
H18611,"圆锥角膜，稳定，右眼"
H18612,"圆锥角膜，稳定，左眼"
H18613,"圆锥角膜，稳定，双侧"
H18619,"圆锥角膜，稳定，未指定的眼睛"
H1862,"圆锥角膜，不稳定"
H18621,"圆锥角膜，不稳定，右眼"
H18622,"圆锥角膜，不稳定，左眼"
H18623,"圆锥角膜，不稳定，双侧"
H18629,"圆锥角膜、不稳定、未指定的眼睛"
H187,"其他未指明的角膜畸形"
H1870,"未指明的角膜畸形"
H1871,"角膜扩张"
H18711,"角膜扩张症，右眼"
H18712,"角膜扩张症，左眼"
H18713,"双侧角膜扩张"
H18719,"角膜扩张症，未指明的眼睛"
H1872,"角膜葡萄球瘤"
H18721,"角膜葡萄球瘤，右眼"
H18722,"角膜葡萄瘤，左眼"
H18723,"双侧角膜葡萄球瘤"
H18729,"角膜葡萄瘤，未指定的眼睛"
H1873,"后弹力层"
H18731,"后弹力层膨出，右眼"
H18732,"后弹力层，左眼"
H18733,"后弹力膨出，双侧"
H18739,"后弹力膨出，未指定的眼睛"
H1879,"其他角膜畸形"
H18791,"其他角膜畸形，右眼"
H18792,"其他角膜畸形，左眼"
H18793,"其他双侧角膜畸形"
H18799,"其他角膜畸形，未指明的眼睛"
H188,"其他特定的角膜疾病"
H1881,"角膜麻醉和感觉减退"
H18811,"角膜麻醉和感觉减退，右眼"
H18812,"角膜麻醉和感觉减退，左眼"
H18813,"双侧角膜麻醉和感觉减退"
H18819,"角膜麻醉和感觉减退，未指定的眼睛"
H1882,"角膜接触镜引起的角膜疾病"
H18821,"隐形眼镜、右眼引起的角膜疾病"
H18822,"隐形眼镜、左眼引起的角膜疾病"
H18823,"角膜接触镜引起的角膜疾病，双侧"
H18829,"隐形眼镜引起的角膜疾病，未指定的眼睛"
H1883,"角膜反复糜烂"
H18831,"角膜、右眼复发性糜烂"
H18832,"角膜、左眼复发性糜烂"
H18833,"复发性角膜糜烂，双侧"
H18839,"复发性角膜糜烂，未指明的眼睛"
H1889,"其他特定的角膜疾病"
H18891,"其他特定的角膜、右眼疾病"
H18892,"其他特定的角膜、左眼疾病"
H18893,"其他特定的双侧角膜疾病"
H18899,"其他特定的角膜疾病，未指定的眼睛"
H189,"未指定的角膜疾病"
H20,"虹膜睫状体炎"
H200,"急性和亚急性虹膜睫状体炎"
H2000,"未分类的急性和亚急性虹膜睫状体炎"
H2001,"原发性虹膜睫状体炎"
H20011,"原发性虹膜睫状体炎，右眼"
H20012,"原发性虹膜睫状体炎，左眼"
H20013,"原发性虹膜睫状体炎，双侧"
H20019,"原发性虹膜睫状体炎，未指明的眼睛"
H2002,"复发性急性虹膜睫状体炎"
H20021,"复发性急性虹膜睫状体炎，右眼"
H20022,"复发性急性虹膜睫状体炎，左眼"
H20023,"复发性急性虹膜睫状体炎，双侧"
H20029,"复发性急性虹膜睫状体炎，未指明的眼睛"
H2003,"继发性感染性虹膜睫状体炎"
H20031,"继发性感染性虹膜睫状体炎，右眼"
H20032,"继发性感染性虹膜睫状体炎，左眼"
H20033,"继发性感染性虹膜睫状体炎，双侧"
H20039,"继发性感染性虹膜睫状体炎，未指明的眼睛"
H2004,"继发性非感染性虹膜睫状体炎"
H20041,"继发性非感染性虹膜睫状体炎，右眼"
H20042,"继发性非感染性虹膜睫状体炎，左眼"
H20043,"继发性非感染性虹膜睫状体炎，双侧"
H20049,"继发性非感染性虹膜睫状体炎，未指明的眼睛"
H2005,"前房积脓"
H20051,"前房积脓，右眼"
H20052,"前房积脓，左眼"
H20053,"双侧 Hypopyon"
H20059,"前房积脓，未指明的眼睛"
H201,"慢性虹膜睫状体炎"
H2010,"慢性虹膜睫状体炎，未指明的眼睛"
H2011,"慢性虹膜睫状体炎，右眼"
H2012,"慢性虹膜睫状体炎，左眼"
H2013,"慢性虹膜睫状体炎，双侧"
H202,"晶状体诱发的虹膜睫状体炎"
H2020,"晶状体诱发的虹膜睫状体炎，未指明的眼睛"
H2021,"晶状体诱发的虹膜睫状体炎，右眼"
H2022,"晶状体诱导的虹膜睫状体炎，左眼"
H2023,"晶状体诱导的虹膜睫状体炎，双侧"
H208,"其他虹膜睫状体炎"
H2081,"Fuchs 异色性周期炎"
H20811,"Fuchs 异色性周期炎，右眼"
H20812,"Fuchs 异色性周期炎，左眼"
H20813,"Fuchs 异色性周期炎，双侧"
H20819,"Fuchs 异色性周期炎，未指明的眼睛"
H2082,"Vogt-Koyanagi 综合征"
H20821,"Vogt-Koyanagi 综合征，右眼"
H20822,"Vogt-Koyanagi 综合征，左眼"
H20823,"Vogt-Koyanagi 综合征，双侧"
H20829,"Vogt-Koyanagi 综合征，未指明的眼睛"
H209,"未指明的虹膜睫状体炎"
H21,"虹膜和睫状体的其他疾病"
H210,"前房 积 血"
H2100,"前房积血，未指明的眼睛"
H2101,"前房积血，右眼"
H2102,"前房积血，左眼"
H2103,"双侧前房积血"
H211,"虹膜和睫状体的其他血管疾病"
H211X,"虹膜和睫状体的其他血管疾病"
H211X1,"虹膜和睫状体、右眼的其他血管疾病"
H211X2,"虹膜和睫状体、左眼的其他血管疾病"
H211X3,"虹膜和睫状体的其他血管疾病，双侧"
H211X9,"虹膜和睫状体的其他血管疾病，未指定的眼睛"
H212,"虹膜和睫状体退化"
H2121,"腔室角度退化"
H21211,"右眼窦房角退化"
H21212,"左眼窟房角退化"
H21213,"腔角退化，双侧"
H21219,"腔角变性，眼不明"
H2122,"睫状体退化"
H21221,"睫状体、右眼退化"
H21222,"睫状体、左眼退化"
H21223,"睫状体退化，双侧"
H21229,"睫状体退化，未指定的眼睛"
H2123,"虹膜变性（色素沉着）"
H21231,"虹膜（色素沉着）、右眼变性"
H21232,"虹膜（色素沉着）、左眼变性"
H21233,"虹膜变性（色素沉着），双侧"
H21239,"虹膜变性（色素沉着），未指明的眼睛"
H2124,"瞳孔边缘变性"
H21241,"右眼瞳孔边缘变性"
H21242,"左眼瞳孔边缘变性"
H21243,"双侧瞳孔边缘变性"
H21249,"瞳孔边缘变性，未指明的眼睛"
H2125,"虹膜裂"
H21251,"虹裂症，右眼"
H21252,"虹膜裂，左眼"
H21253,"双侧虹裂"
H21259,"虹裂症，未指明的眼睛"
H2126,"虹膜萎缩（原发性）（进行性）"
H21261,"虹膜萎缩（原发性）（进行性），右眼"
H21262,"虹膜萎缩（原发性）（进行性），左眼"
H21263,"虹膜萎缩（原发性）（进行性），双侧"
H21269,"虹膜萎缩（原发性）（进行性），未指明的眼睛"
H2127,"瞳孔缩小性瞳孔囊肿"
H21271,"右眼瞳孔缩小性囊肿"
H21272,"瞳孔缩小性囊肿，左眼"
H21273,"双侧瞳孔瞳孔缩小囊肿"
H21279,"瞳孔缩小性囊肿，未指定的眼睛"
H2129,"其他虹膜萎缩"
H213,"虹膜、睫状体和前房囊肿"
H2130,"虹膜、睫状体或前房的特发性囊肿"
H21301,"虹膜、睫状体或前房、右眼的特发性囊肿"
H21302,"虹膜、睫状体或前房、左眼的特发性囊肿"
H21303,"虹膜、睫状体或前房的特发性囊肿，双侧"
H21309,"虹膜、睫状体或前房的特发性囊肿，未指明的眼睛"
H2131,"虹膜或前房渗出性囊肿"
H21311,"虹膜或前房、右眼渗出性囊肿"
H21312,"虹膜或前房、左眼渗出性囊肿"
H21313,"虹膜或前房渗出性囊肿，双侧"
H21319,"虹膜或前房渗出性囊肿，未指明的眼睛"
H2132,"虹膜、睫状体或前房的植入囊肿"
H21321,"虹膜、睫状体或前房、右眼的植入囊肿"
H21322,"虹膜、睫状体或前房、左眼的植入囊肿"
H21323,"虹膜、睫状体或前房植入囊肿，双侧"
H21329,"虹膜、睫状体或前房、未指定眼睛的植入囊肿"
H2133,"虹膜、睫状体或前房寄生囊肿"
H21331,"虹膜、睫状体或前房、右眼寄生囊肿"
H21332,"虹膜、睫状体或前房、左眼寄生囊肿"
H21333,"虹膜寄生囊肿，睫状体或前房，双侧"
H21339,"虹膜寄生囊肿，睫状体或前房，未指明的眼睛"
H2134,"扁平部原发性囊肿"
H21341,"右眼扁平部原发性囊肿"
H21342,"左眼扁平部原发性囊肿"
H21343,"双侧扁平部原发性囊肿"
H21349,"扁平部原发性囊肿，未指明的眼睛"
H2135,"扁平部渗出性囊肿"
H21351,"右眼扁平部渗出性囊肿"
H21352,"左眼扁平部渗出性囊肿"
H21353,"双侧扁平部渗出性囊肿"
H21359,"扁平部渗出性囊肿，未指明的眼睛"
H214,"瞳孔膜"
H2140,"瞳孔膜，未指明的眼睛"
H2141,"瞳孔膜，右眼"
H2142,"瞳孔膜，左眼"
H2143,"双侧瞳孔膜"
H215,"虹膜和睫状体的其他和未指定的粘连和破坏"
H2150,"未指定的虹膜粘连"
H21501,"未指明的虹膜粘连、右眼"
H21502,"未指定的虹膜粘连、左眼"
H21503,"未指定的虹膜粘连，双侧"
H21509,"虹膜和睫状体未指定的粘连，未指定的眼睛"
H2151,"前粘连（虹膜）"
H21511,"前粘连（虹膜），右眼"
H21512,"前粘连（虹膜），左眼"
H21513,"前粘连（虹膜），双侧"
H21519,"前粘连（虹膜），未指定的眼睛"
H2152,"Goniosynechiae"
H21521,"Goniosynechiae，右眼"
H21522,"Goniosynechiae，左眼"
H21523,"双侧 Goniosynechiae"
H21529,"Goniosynechiae，未指定的眼睛"
H2153,"虹膜透析"
H21531,"虹膜透析，右眼"
H21532,"虹膜透析，左眼"
H21533,"虹膜透析，双侧"
H21539,"虹膜透析，未指明的眼睛"
H2154,"后粘连 （iris）"
H21541,"后粘连（虹膜），右眼"
H21542,"后粘连（虹膜），左眼"
H21543,"后粘连（虹膜），双侧"
H21549,"后粘连（虹膜），未指定的眼睛"
H2155,"腔室角度的后退"
H21551,"右眼腔角后退"
H21552,"左眼腔角后缩"
H21553,"腔室角后退，双侧"
H21559,"腔角后缩，眼不明"
H2156,"瞳孔异常"
H21561,"瞳孔异常，右眼"
H21562,"瞳孔异常，左眼"
H21563,"双侧瞳孔异常"
H21569,"瞳孔异常，未指明的眼睛"
H218,"虹膜和睫状体的其他特定疾病"
H2181,"虹膜松弛综合征"
H2182,"鸢尾高原综合征（虹膜切除术后）（术后）"
H2189,"虹膜和睫状体的其他特定疾病"
H219,"未指定的虹膜和睫状体疾病"
H22,"其他分类疾病中的虹膜和睫状体疾病"
H25,"年龄相关性白内障"
H250,"年龄相关性早期白内障"
H2501,"皮质年龄相关性白内障"
H25011,"皮质年龄相关性白内障，右眼"
H25012,"皮质年龄相关性白内障，左眼"
H25013,"皮质年龄相关性白内障，双侧"
H25019,"皮质年龄相关性白内障，未指明的眼睛"
H2503,"前囊下极地年龄相关性白内障"
H25031,"前囊下极龄相关性白内障，右眼"
H25032,"前囊下极地年龄相关性白内障，左眼"
H25033,"前囊下极年龄相关性白内障，双侧"
H25039,"前囊下极地年龄相关性白内障，未指明的眼睛"
H2504,"后囊下极地年龄相关性白内障"
H25041,"后囊下极地年龄相关性白内障，右眼"
H25042,"后囊下极地年龄相关性白内障，左眼"
H25043,"后囊下极年龄相关性白内障，双侧"
H25049,"后囊下极地年龄相关性白内障，未指定眼"
H2509,"其他年龄相关性早期白内障"
H25091,"其他年龄相关性早期白内障、右眼"
H25092,"其他年龄相关性早期白内障、左眼"
H25093,"其他年龄相关性早期白内障，双侧"
H25099,"其他年龄相关性早期白内障，未指明的眼睛"
H251,"年龄相关性核性白内障"
H2510,"年龄相关性核性白内障，未指明的眼睛"
H2511,"年龄相关性核性白内障，右眼"
H2512,"年龄相关性核性白内障，左眼"
H2513,"年龄相关性核性白内障，双侧"
H252,"年龄相关性白内障，莫尔加涅型"
H2520,"年龄相关性白内障，莫尔加涅型，未指明的眼睛"
H2521,"年龄相关性白内障，莫加涅型，右眼"
H2522,"年龄相关性白内障，莫尔加涅型，左眼"
H2523,"年龄相关性白内障，莫尔加涅型，双侧"
H258,"其他年龄相关性白内障"
H2581,"年龄相关性白内障的混合形式"
H25811,"年龄相关性白内障、右眼的混合形式"
H25812,"年龄相关性白内障、左眼的混合形式"
H25813,"年龄相关性白内障的合并形式，双侧"
H25819,"年龄相关性白内障的混合形式，未指明的眼睛"
H2589,"其他年龄相关性白内障"
H259,"未分类的年龄相关性白内障"
H26,"其他白内障"
H260,"婴儿和青少年白内障"
H2600,"未分类的婴儿和青少年白内障"
H26001,"未分类的婴儿和青少年白内障，右眼"
H26002,"未指明的婴儿和青少年白内障，左眼"
H26003,"未分类的婴儿和青少年白内障，双侧"
H26009,"未指定的婴儿和青少年白内障，未指定的眼睛"
H2601,"婴儿和青少年皮质、板层或带状白内障"
H26011,"婴儿和青少年皮质、板层或带状白内障、右眼"
H26012,"婴儿和青少年皮质、板层或带状白内障，左眼"
H26013,"婴儿和青少年皮质、板层或带状白内障，双侧"
H26019,"婴儿和青少年皮质、板层或带状白内障，未分明的眼睛"
H2603,"婴儿和青少年核性白内障"
H26031,"婴儿和青少年核性白内障，右眼"
H26032,"婴儿和青少年核性白内障，左眼"
H26033,"婴儿和青少年核性白内障，双侧"
H26039,"婴儿和青少年核性白内障，未指明的眼睛"
H2604,"前囊下极儿和青少年白内障"
H26041,"前囊下极儿和幼年白内障，右眼"
H26042,"前囊下极婴和幼年白内障，左眼"
H26043,"前囊下极儿和青少年白内障，双侧"
H26049,"前囊下极地婴儿和青少年白内障，未指明的眼睛"
H2605,"后囊下极地婴儿和青少年白内障"
H26051,"后囊下极地婴儿和青少年白内障，右眼"
H26052,"后囊下极地婴儿和青少年白内障，左眼"
H26053,"后囊下极地婴儿和青少年白内障，双侧"
H26059,"后囊下极地婴儿和青少年白内障，未指明的眼睛"
H2606,"婴儿和青少年白内障的混合形式"
H26061,"婴儿和青少年白内障的组合形式，右眼"
H26062,"婴儿和青少年白内障的组合形式，左眼"
H26063,"婴儿和青少年白内障的混合形式，双侧"
H26069,"婴儿和青少年白内障的混合形式，未指明的眼睛"
H2609,"其他婴儿和青少年白内障"
H261,"外伤性白内障"
H2610,"未指明的创伤性白内障"
H26101,"未指明的外伤性白内障，右眼"
H26102,"未指明的外伤性白内障，左眼"
H26103,"未分类的创伤性白内障，双侧"
H26109,"未指明的外伤性白内障，未指明的眼睛"
H2611,"局部创伤性混浊"
H26111,"局部外伤性混浊，右眼"
H26112,"局部创伤性混浊，左眼"
H26113,"局部创伤性混浊，双侧"
H26119,"局部外伤性混浊，未指明的眼睛"
H2612,"部分解决的创伤性白内障"
H26121,"部分消退的创伤性白内障，右眼"
H26122,"部分解决的创伤性白内障，左眼"
H26123,"部分缓解的创伤性白内障，双侧"
H26129,"部分解决的创伤性白内障，未指明的眼睛"
H2613,"完全外伤性白内障"
H26131,"全创伤性白内障，右眼"
H26132,"全创伤性白内障，左眼"
H26133,"全侧创伤性白内障，双侧"
H26139,"全创伤性白内障，未指明的眼睛"
H262,"复杂性白内障"
H2620,"未指明的复杂白内障"
H2621,"白内障伴新生血管"
H26211,"白内障伴新生血管，右眼"
H26212,"白内障伴新生血管，左眼"
H26213,"白内障伴新生血管，双侧"
H26219,"白内障伴新生血管，未指定眼睛"
H2622,"继发于眼部疾病的白内障（退行性）（炎症性）"
H26221,"继发于眼部疾病（退行性）（炎症性）的白内障，右眼"
H26222,"继发于眼部疾病（退行性）（炎症性）的白内障，左眼"
H26223,"继发于眼部疾病（退行性）（炎症性）的白内障，双侧"
H26229,"继发于眼部疾病（退行性）（炎症性）的白内障，未指明的眼睛"
H2623,"青光眼斑点（包膜下）"
H26231,"青光眼斑点（包膜下），右眼"
H26232,"青光眼斑点（包膜下），左眼"
H26233,"双侧青光眼斑点（包膜下）"
H26239,"青光眼斑点（包膜下），未指明的眼睛"
H263,"药物性白内障"
H2630,"药物性白内障，未指明的眼睛"
H2631,"药物性白内障，右眼"
H2632,"药物性白内障，左眼"
H2633,"药物性白内障，双侧"
H264,"继发性白内障"
H2640,"未指明的继发性白内障"
H2641,"Soemmering 戒指"
H26411,"Soemmering 戒指，右眼"
H26412,"Soemmering 环，左眼"
H26413,"双侧 Soemmering 环"
H26419,"Soemmering 戒指，未指明的眼睛"
H2649,"其他继发性白内障"
H26491,"其他继发性白内障，右眼"
H26492,"其他继发性白内障，左眼"
H26493,"其他继发性白内障，双侧"
H26499,"其他继发性白内障，未指明的眼睛"
H268,"其他特定白内障"
H269,"未指明的白内障"
H27,"其他晶状体疾病"
H270,"无晶状体"
H2700,"无晶状体，未指明的眼睛"
H2701,"无晶状体，右眼"
H2702,"无晶状体，左眼"
H2703,"双侧无晶状体"
H271,"晶状体脱位"
H2710,"不明晶状体脱位"
H2711,"晶状体半脱位"
H27111,"晶状体半脱位，右眼"
H27112,"晶状体半脱位，左眼"
H27113,"晶状体半脱位，双侧"
H27119,"晶状体半脱位，眼不明"
H2712,"晶状体前脱位"
H27121,"晶状体前脱位，右眼"
H27122,"晶状体前脱位，左眼"
H27123,"晶状体前脱位，双侧"
H27129,"晶状体前脱位，未指明的眼睛"
H2713,"晶状体后脱位"
H27131,"晶状体后脱位，右眼"
H27132,"晶状体后脱位，左眼"
H27133,"晶状体后脱位，双侧"
H27139,"晶状体后脱位，未指明的眼睛"
H278,"其他特定的晶状体疾病"
H279,"未指定的晶状体疾病"
H28,"其他分类疾病中的白内障"
H30,"脉络膜视网膜炎症"
H300,"局灶性脉络膜视网膜炎症"
H3000,"未指明的局灶性脉络膜视网膜炎症"
H30001,"未指明的局灶性脉络膜视网膜炎症，右眼"
H30002,"未指明的局灶性脉络膜视网膜炎症，左眼"
H30003,"未指明的局灶性脉络膜视网膜炎症，双侧"
H30009,"未指明的局灶性脉络膜视网膜炎症，未指明的眼睛"
H3001,"局灶性脉络膜视网膜炎症，近状"
H30011,"局灶性脉络膜视网膜炎症、近状、右眼"
H30012,"局灶性脉络膜视网膜炎症，近状，左眼"
H30013,"局灶性脉络膜视网膜炎症，近状，双侧"
H30019,"局灶性脉络膜视网膜炎症、近状、未指明的眼睛"
H3002,"后极局灶性脉络膜视网膜炎症"
H30021,"右眼后极局灶性脉络膜视网膜炎症"
H30022,"左眼后柱局灶性脉络膜视网膜炎症"
H30023,"后极局灶性脉络膜视网膜炎症，双侧"
H30029,"后极局灶性脉络膜视网膜炎症，未指明的眼睛"
H3003,"局灶性脉络膜视网膜炎症，外周"
H30031,"局灶性脉络膜视网膜炎症、周边、右眼"
H30032,"局灶性脉络膜视网膜炎症、周边、左眼"
H30033,"局灶性脉络膜视网膜炎症，外周，双侧"
H30039,"局灶性脉络膜视网膜炎症、周边、未指明的眼睛"
H3004,"局灶性脉络膜视网膜炎症、黄斑或黄斑旁"
H30041,"局灶性脉络膜视网膜炎症，黄斑或黄斑旁，右眼"
H30042,"局灶性脉络膜视网膜炎症，黄斑或黄斑旁，左眼"
H30043,"局灶性脉络膜视网膜炎症，黄斑或黄斑旁，双侧"
H30049,"局灶性脉络膜视网膜炎症，黄斑或黄斑旁，未指明的眼睛"
H301,"播散性脉络膜视网膜炎症"
H3010,"未特明的播散性脉络膜视网膜炎症"
H30101,"未分类的播散性脉络膜视网膜炎症，右眼"
H30102,"未指明的播散性脉络膜视网膜炎症，左眼"
H30103,"未指明的播散性脉络膜视网膜炎症，双侧"
H30109,"未指明的播散性脉络膜视网膜炎症，未指明的眼睛"
H3011,"后极播散性脉络膜视网膜炎症"
H30111,"右眼后极弥散性脉络膜视网膜炎症"
H30112,"后极、左眼播散性脉络膜视网膜炎症"
H30113,"后极播散性脉络膜视网膜炎症，双侧"
H30119,"后极播散性脉络膜视网膜炎症，未指明的眼睛"
H3012,"播散性脉络膜视网膜炎症，外周"
H30121,"播散性脉络膜视网膜炎症，右眼周边"
H30122,"播散性脉络膜视网膜炎症、外周、左眼"
H30123,"播散性脉络膜视网膜炎症，外周，双侧"
H30129,"播散性脉络膜视网膜炎症、周边、未指明的眼睛"
H3013,"弥散性脉络膜视网膜炎症，全身性"
H30131,"播散性脉络膜视网膜炎症，全身性，右眼"
H30132,"播散性脉络膜视网膜炎症，全身性，左眼"
H30133,"弥散性脉络膜视网膜炎症，全身性，双侧"
H30139,"播散性脉络膜视网膜炎症，全身性，未指明的眼睛"
H3014,"急性后部多灶性斑样色素上皮病"
H30141,"急性后路多灶性斑样色素上皮病，右眼"
H30142,"急性后路多灶性斑样色素上皮病，左眼"
H30143,"急性后部多灶性斑样色素上皮病，双侧"
H30149,"急性后部多灶性斑样色素上皮病，未指明的眼睛"
H302,"后周期炎"
H3020,"后周期炎，未指明的眼睛"
H3021,"后周期炎，右眼"
H3022,"后周期炎，左眼"
H3023,"双侧后周期炎"
H308,"其他脉络膜视网膜炎症"
H3081,"原田氏病"
H30811,"原田氏病，右眼"
H30812,"原田氏病，左眼"
H30813,"双侧原田氏病"
H30819,"原田氏病，未指明的眼睛"
H3089,"其他脉络膜视网膜炎症"
H30891,"其他脉络膜视网膜炎症，右眼"
H30892,"其他脉络膜视网膜炎症，左眼"
H30893,"其他双侧脉络膜视网膜炎症"
H30899,"其他脉络膜视网膜炎症，未指明的眼睛"
H309,"未指明的脉络膜视网膜炎症"
H3090,"未指明的脉络膜视网膜炎症，未指明的眼睛"
H3091,"未指明的脉络膜视网膜炎症，右眼"
H3092,"未分类的脉络膜视网膜炎症，左眼"
H3093,"未分类的脉络膜视网膜炎症，双侧"
H31,"其他脉络膜疾病"
H310,"脉络膜视网膜瘢痕"
H3100,"未指明的脉络膜视网膜瘢痕"
H31001,"未指明的脉络膜视网膜瘢痕，右眼"
H31002,"未指明的脉络膜视网膜瘢痕，左眼"
H31003,"未指明的脉络膜视网膜瘢痕，双侧"
H31009,"未指明的脉络膜视网膜瘢痕，未指明的眼睛"
H3101,"后柱黄斑疤痕（炎症后）（创伤后）"
H31011,"后柱黄斑疤痕（炎症后）（创伤后）、右眼"
H31012,"后极黄斑疤痕（炎症后）（创伤后）、左眼"
H31013,"后极黄斑疤痕（炎症后）（创伤后），双侧"
H31019,"后柱黄斑疤痕（炎症后）（创伤后），未指明的眼睛"
H3102,"日光性视网膜病变"
H31021,"日光性视网膜病变，右眼"
H31022,"日光性视网膜病变，左眼"
H31023,"日光性视网膜病变，双侧"
H31029,"日光性视网膜病变，未指明的眼睛"
H3109,"其他脉络膜视网膜瘢痕"
H31091,"其他脉络膜视网膜瘢痕，右眼"
H31092,"其他脉络膜视网膜瘢痕，左眼"
H31093,"其他脉络膜视网膜瘢痕，双侧"
H31099,"其他脉络膜视网膜瘢痕，未指明的眼睛"
H311,"脉络膜变性"
H3110,"未指明的脉络膜变性"
H31101,"脉络膜变性，未指定，右眼"
H31102,"脉络膜变性，未指定，左眼"
H31103,"脉络膜变性，未指定，双侧"
H31109,"脉络膜变性，未指定，未指定眼"
H3111,"年龄相关性脉络膜萎缩"
H31111,"年龄相关性脉络膜萎缩，右眼"
H31112,"年龄相关性脉络膜萎缩，左眼"
H31113,"年龄相关性脉络膜萎缩，双侧"
H31119,"年龄相关性脉络膜萎缩，未指明的眼睛"
H3112,"弥漫性继发性脉络膜萎缩"
H31121,"弥漫性继发性脉络膜萎缩，右眼"
H31122,"左眼脉络膜弥漫性继发性萎缩"
H31123,"弥漫性继发性脉络膜萎缩，双侧"
H31129,"弥漫性继发性脉络膜萎缩，未指明的眼"
H312,"遗传性脉络膜营养不良"
H3120,"遗传性脉络膜营养不良，未指定"
H3121,"脉络膜菌血症"
H3122,"脉络膜营养不良（中央乳晕）（全身性）（周围）"
H3123,"回旋萎缩、脉络膜"
H3129,"其他遗传性脉络膜营养不良"
H313,"脉络膜出血和破裂"
H3130,"未分类的脉络膜出血"
H31301,"未指明的脉络膜出血，右眼"
H31302,"未分类的脉络膜出血，左眼"
H31303,"未分类的脉络膜出血，双侧"
H31309,"未指明的脉络膜出血，未指明的眼睛"
H3131,"排出性脉络膜出血"
H31311,"排出性脉络膜出血，右眼"
H31312,"排出性脉络膜出血，左眼"
H31313,"双侧脉络膜排出性出血"
H31319,"排出性脉络膜出血，眼径不明"
H3132,"脉络膜破裂"
H31321,"脉络膜破裂，右眼"
H31322,"脉络膜破裂，左眼"
H31323,"双侧脉络膜破裂"
H31329,"脉络膜破裂，未指明的眼"
H314,"脉络膜脱离"
H3140,"未指明的脉络膜脱离"
H31401,"未指明的脉络膜脱离，右眼"
H31402,"未指明的脉络膜脱离，左眼"
H31403,"未指明的脉络膜脱离，双侧"
H31409,"未指明的脉络膜脱离，未指明的眼睛"
H3141,"出血性脉络膜脱离"
H31411,"出血性脉络膜脱离，右眼"
H31412,"出血性脉络膜脱离，左眼"
H31413,"出血性脉络膜脱离，双侧"
H31419,"出血性脉络膜脱离，未指明的眼睛"
H3142,"浆液性脉络膜脱离"
H31421,"浆液性脉络膜脱离，右眼"
H31422,"浆液性脉络膜脱离，左眼"
H31423,"浆液性脉络膜脱离，双侧"
H31429,"浆液性脉络膜脱离，眼不明"
H318,"其他特定的脉络膜疾病"
H319,"未指明的脉络膜疾病"
H32,"其他分类疾病中的脉络膜视网膜疾病"
H33,"视网膜脱离和破裂"
H330,"视网膜脱离伴视网膜破裂"
H3300,"未指明的视网膜脱离伴视网膜破裂"
H33001,"不明原因的视网膜脱离伴视网膜破裂，右眼"
H33002,"未指明的视网膜脱离伴视网膜裂孔，左眼"
H33003,"未指明的视网膜脱离伴视网膜破裂，双侧"
H33009,"未指明的视网膜脱离伴视网膜破裂，未指明的眼睛"
H3301,"视网膜脱离伴单断裂"
H33011,"视网膜脱离伴单裂开，右眼"
H33012,"左眼视网膜脱离伴单裂缝"
H33013,"视网膜脱离伴单侧断裂，双侧"
H33019,"视网膜脱离伴单裂缝，未指明的眼睛"
H3302,"视网膜脱离伴多处断裂"
H33021,"视网膜脱离伴多处骨折，右眼"
H33022,"视网膜脱离伴多处骨折，左眼"
H33023,"双侧视网膜脱离伴多处断裂"
H33029,"视网膜脱离伴多处骨折，未指明的眼睛"
H3303,"视网膜脱离伴巨大视网膜撕裂"
H33031,"视网膜脱离伴巨大视网膜裂孔，右眼"
H33032,"视网膜脱离伴巨大视网膜裂孔，左眼"
H33033,"双侧视网膜脱离伴巨大视网膜撕裂"
H33039,"视网膜脱离伴巨大视网膜裂孔，未指明的眼睛"
H3304,"视网膜透析引起的视网膜脱离"
H33041,"视网膜脱离伴视网膜透析，右眼"
H33042,"视网膜脱离伴视网膜透析，左眼"
H33043,"视网膜脱离伴视网膜透析，双侧"
H33049,"视网膜脱离伴视网膜透析，未指明的眼睛"
H3305,"完全视网膜脱离"
H33051,"完全视网膜脱离，右眼"
H33052,"左眼完全视网膜脱离"
H33053,"双侧完全视网膜脱离"
H33059,"完全视网膜脱离，未指明的眼睛"
H331,"视网膜裂裂和视网膜囊肿"
H3310,"未指明的视网膜裂音"
H33101,"未指明的视网膜裂裂，右眼"
H33102,"未指明的视网膜裂裂，左眼"
H33103,"未分类的视网膜裂裂，双侧"
H33109,"未指定的视网膜裂，未指定的眼睛"
H3311,"ora serrata 囊肿"
H33111,"ora serrata 囊肿，右眼"
H33112,"ora serrata 囊肿，左眼"
H33113,"ora serrata 囊肿，双侧"
H33119,"ora serrata 囊肿，未指定的眼睛"
H3312,"视网膜寄生囊肿"
H33121,"视网膜寄生囊肿，右眼"
H33122,"视网膜寄生囊肿，左眼"
H33123,"双侧视网膜寄生囊肿"
H33129,"视网膜寄生囊肿，未指明的眼睛"
H3319,"其他视网膜裂和视网膜囊肿"
H33191,"其他视网膜裂和视网膜囊肿、右眼"
H33192,"其他视网膜裂和视网膜囊肿，左眼"
H33193,"其他双侧视网膜裂和视网膜囊肿"
H33199,"其他视网膜裂和视网膜囊肿，未指明的眼睛"
H332,"浆液性视网膜脱离"
H3320,"浆液性视网膜脱离，未指明的眼睛"
H3321,"浆液性视网膜脱离，右眼"
H3322,"浆液性视网膜脱离，左眼"
H3323,"浆液性视网膜脱离，双侧"
H333,"无脱离的视网膜破裂"
H3330,"未指定的视网膜破损"
H33301,"未指明的视网膜破损，右眼"
H33302,"未指明的视网膜裂孔，左眼"
H33303,"未指定的视网膜裂孔，双侧"
H33309,"未指定的视网膜裂孔，未指定的眼睛"
H3331,"视网膜马蹄撕裂，无脱离"
H33311,"视网膜马蹄形撕裂，无脱离，右眼"
H33312,"视网膜马蹄撕裂，无脱离，左眼"
H33313,"视网膜马蹄形撕裂，无脱离，双侧"
H33319,"视网膜马蹄形撕裂，无脱离，未指明的眼睛"
H3332,"视网膜圆孔，无脱离"
H33321,"圆孔，右眼"
H33322,"圆孔，左眼"
H33323,"圆孔，双侧"
H33329,"圆孔，未指定的眼睛"
H3333,"视网膜多发缺损，无脱离"
H33331,"右眼视网膜多发缺损，无脱离"
H33332,"视网膜多发性缺损，无脱离，左眼"
H33333,"视网膜多发性缺损，无脱离，双侧"
H33339,"视网膜多处缺损，无脱离，未指定眼"
H334,"视网膜牵拉脱离"
H3340,"视网膜牵拉脱离，未指明的眼睛"
H3341,"视网膜、右眼牵拉脱离"
H3342,"视网膜、左眼牵拉脱离"
H3343,"双侧视网膜牵拉脱离"
H338,"其他视网膜脱离"
H34,"视网膜血管阻塞"
H340,"短暂性视网膜动脉阻塞"
H3400,"短暂性视网膜动脉阻塞，未指明的眼睛"
H3401,"短暂性视网膜动脉阻塞，右眼"
H3402,"短暂性视网膜动脉阻塞，左眼"
H3403,"双侧短暂性视网膜动脉阻塞"
H341,"视网膜中央动脉阻塞"
H3410,"视网膜中央动脉阻塞，未指明的眼睛"
H3411,"右眼视网膜中央动脉阻塞"
H3412,"左眼视网膜中央动脉阻塞"
H3413,"双侧视网膜中央动脉阻塞"
H342,"其他视网膜动脉阻塞"
H3421,"部分视网膜动脉阻塞"
H34211,"右眼部分视网膜动脉阻塞"
H34212,"左眼部分视网膜动脉阻塞"
H34213,"双侧视网膜部分动脉阻塞"
H34219,"部分视网膜动脉阻塞，未指明的眼睛"
H3423,"视网膜动脉分支阻塞"
H34231,"视网膜动脉分支阻塞，右眼"
H34232,"视网膜动脉分支阻塞，左眼"
H34233,"双侧视网膜动脉分支阻塞"
H34239,"视网膜动脉分支阻塞，未指明的眼睛"
H348,"其他视网膜血管阻塞"
H3481,"视网膜中央静脉阻塞"
H34811,"右眼视网膜中央静脉阻塞"
H348110,"视网膜中央静脉阻塞，右眼，伴有黄斑水肿"
H348111,"视网膜中央静脉阻塞，右眼，伴有视网膜新生血管"
H348112,"视网膜中央静脉阻塞，右眼，稳定"
H34812,"左眼视网膜中央静脉阻塞"
H348120,"左眼视网膜中央静脉阻塞，伴有黄斑水肿"
H348121,"左眼视网膜中央静脉阻塞，伴有视网膜新生血管"
H348122,"视网膜中央静脉阻塞，左眼，稳定"
H34813,"双侧视网膜中央静脉阻塞"
H348130,"视网膜中央静脉阻塞，双侧，伴有黄斑水肿"
H348131,"视网膜中央静脉阻塞，双侧，伴有视网膜新生血管"
H348132,"视网膜中央静脉阻塞，双侧，稳定"
H34819,"视网膜中央静脉阻塞，未指明的眼睛"
H348190,"视网膜中央静脉阻塞，未指明的眼睛，伴有黄斑水肿"
H348191,"视网膜中央静脉阻塞，未指明的眼睛，伴有视网膜新生血管"
H348192,"视网膜中央静脉阻塞，未指明的眼睛，稳定"
H3482,"静脉充血"
H34821,"静脉充血，右眼"
H34822,"静脉充血，左眼"
H34823,"静脉充血，双侧"
H34829,"静脉充血，未指明的眼睛"
H3483,"支（支）视网膜静脉阻塞"
H34831,"支流（分支）视网膜静脉阻塞，右眼"
H348310,"支（支）视网膜静脉阻塞，右眼，伴有黄斑水肿"
H348311,"支（支）视网膜静脉阻塞，右眼，伴有视网膜新生血管"
H348312,"支（支）视网膜静脉阻塞，右眼，稳定"
H34832,"支流（分支）视网膜静脉阻塞，左眼"
H348320,"支（支）视网膜静脉阻塞，左眼，伴有黄斑水肿"
H348321,"支（支）视网膜静脉阻塞，左眼，伴有视网膜新生血管"
H348322,"支（支）视网膜静脉阻塞，左眼，稳定"
H34833,"支（支）视网膜静脉阻塞，双侧"
H348330,"支（支）视网膜静脉阻塞，双侧，伴有黄斑水肿"
H348331,"支（支）视网膜静脉阻塞，双侧，伴有视网膜新生血管"
H348332,"支（支）视网膜静脉阻塞，双侧，稳定"
H34839,"支（支）视网膜静脉阻塞，未指明的眼"
H348390,"视网膜支（支）静脉阻塞，未指明的眼睛，伴有黄斑水肿"
H348391,"视网膜支（支）静脉阻塞，未指明的眼睛，伴有视网膜新生血管"
H348392,"支（支）视网膜静脉阻塞，未指明的眼睛，稳定"
H349,"未指明的视网膜血管阻塞"
H35,"其他视网膜疾病"
H350,"背景视网膜病变和视网膜血管变化"
H3500,"未指明的背景视网膜病变"
H3501,"视网膜血管外观的变化"
H35011,"右眼视网膜血管外观的变化"
H35012,"左眼视网膜血管外观的变化"
H35013,"双侧视网膜血管外观的变化"
H35019,"视网膜血管外观的变化，未指明的眼睛"
H3502,"渗出性视网膜病变"
H35021,"渗出性视网膜病变，右眼"
H35022,"渗出性视网膜病变，左眼"
H35023,"双侧渗出性视网膜病变"
H35029,"渗出性视网膜病变，未指明的眼睛"
H3503,"高血压性视网膜病变"
H35031,"高血压性视网膜病变，右眼"
H35032,"高血压性视网膜病变，左眼"
H35033,"高血压性视网膜病变，双侧"
H35039,"高血压性视网膜病变，未指明的眼睛"
H3504,"视网膜微动脉瘤，未指定"
H35041,"视网膜微动脉瘤，未指定，右眼"
H35042,"视网膜微动脉瘤，未指定，左眼"
H35043,"视网膜微动脉瘤，未指定，双侧"
H35049,"视网膜微动脉瘤、未指定、未指定眼"
H3505,"视网膜新生血管，未指定"
H35051,"视网膜新生血管，未指定，右眼"
H35052,"视网膜新生血管，未指明，左眼"
H35053,"视网膜新生血管，未指定，双侧"
H35059,"视网膜新生血管、未指定、未指定眼"
H3506,"视网膜血管炎"
H35061,"视网膜血管炎、右眼"
H35062,"视网膜血管炎，左眼"
H35063,"双侧视网膜血管炎"
H35069,"视网膜血管炎，未指明的眼睛"
H3507,"视网膜毛细血管扩张症"
H35071,"视网膜毛细血管扩张症，右眼"
H35072,"视网膜毛细血管扩张症，左眼"
H35073,"双侧视网膜毛细血管扩张症"
H35079,"视网膜毛细血管扩张，未指明的眼睛"
H3509,"其他视网膜内微血管异常"
H351,"早产儿视网膜病变"
H3510,"未指明的早产儿视网膜病变"
H35101,"早产儿视网膜病变，未指明，右眼"
H35102,"未指明的早产儿视网膜病变，左眼"
H35103,"早产儿视网膜病变，未指定，双侧"
H35109,"早产儿视网膜病变，未指定，未指定眼"
H3511,"早产儿视网膜病变，0 期"
H35111,"早产儿视网膜病变，0 期，右眼"
H35112,"早产儿视网膜病变，0 期，左眼"
H35113,"早产儿视网膜病变，0 期，双侧"
H35119,"早产儿视网膜病变，0 期，未指定的眼睛"
H3512,"早产儿视网膜病变，1 期"
H35121,"早产儿视网膜病变，1 期，右眼"
H35122,"早产儿视网膜病变，1 期，左眼"
H35123,"早产儿视网膜病变，1 期，双侧"
H35129,"早产儿视网膜病变，1 期，未指定的眼睛"
H3513,"早产儿视网膜病变，2 期"
H35131,"早产儿视网膜病变，2 期，右眼"
H35132,"早产儿视网膜病变，2 期，左眼"
H35133,"早产儿视网膜病变，2 期，双侧"
H35139,"早产儿视网膜病变，2 期，未指定的眼睛"
H3514,"早产儿视网膜病变，第 3 期"
H35141,"早产儿视网膜病变，3 期，右眼"
H35142,"早产儿视网膜病变，3 期，左眼"
H35143,"早产儿视网膜病变，3 期，双侧"
H35149,"早产儿视网膜病变，3 期，未指定的眼睛"
H3515,"早产儿视网膜病变，第 4 期"
H35151,"早产儿视网膜病变，4 期，右眼"
H35152,"早产儿视网膜病变，4 期，左眼"
H35153,"早产儿视网膜病变，4 期，双侧"
H35159,"早产儿视网膜病变，4 期，未指定的眼睛"
H3516,"早产儿视网膜病变，5 期"
H35161,"早产儿视网膜病变，5 期，右眼"
H35162,"早产儿视网膜病变，5 期，左眼"
H35163,"早产儿视网膜病变，5 期，双侧"
H35169,"早产儿视网膜病变，5 期，未指定的眼睛"
H3517,"晶状体后纤维增生"
H35171,"晶状体后纤维增生，右眼"
H35172,"晶状体后纤维增生，左眼"
H35173,"晶状体后纤维增生，双侧"
H35179,"晶状体后纤维增生，未指明的眼睛"
H352,"其他非糖尿病性增生性视网膜病变"
H3520,"其他非糖尿病增生性视网膜病变，未指明的眼睛"
H3521,"其他非糖尿病增生性视网膜病变，右眼"
H3522,"其他非糖尿病增殖性视网膜病变，左眼"
H3523,"其他非糖尿病增生性视网膜病变，双侧"
H353,"黄斑和后极变性"
H3530,"未指明的黄斑变性"
H3531,"非渗出性年龄相关性黄斑变性"
H35311,"非渗出性年龄相关性黄斑变性，右眼"
H353110,"非渗出性年龄相关性黄斑变性，右眼，分期未定"
H353111,"非渗出性年龄相关性黄斑变性，右眼，早期干燥期"
H353112,"非渗出性年龄相关性黄斑变性，右眼，中期干涸期"
H353113,"非渗出性年龄相关性黄斑变性，右眼，晚期萎缩性，无中心凹下受累"
H353114,"非渗出性年龄相关性黄斑变性，右眼，晚期萎缩伴中心凹下受累"
H35312,"非渗出性年龄相关性黄斑变性，左眼"
H353120,"非渗出性年龄相关性黄斑变性，左眼，分期未定"
H353121,"非渗出性年龄相关性黄斑变性，左眼，早期干燥期"
H353122,"非渗出性年龄相关性黄斑变性，左眼，中期干涩期"
H353123,"非渗出性年龄相关性黄斑变性，左眼，晚期萎缩，无中心凹下受累"
H353124,"非渗出性年龄相关性黄斑变性，左眼，晚期萎缩伴中心凹下受累"
H35313,"非渗出性年龄相关性黄斑变性，双侧"
H353130,"非渗出性年龄相关性黄斑变性，双侧，分期未定"
H353131,"非渗出性年龄相关性黄斑变性，双侧，早期干燥期"
H353132,"非渗出性年龄相关性黄斑变性，双侧，中期干燥期"
H353133,"非渗出性年龄相关性黄斑变性，双侧，晚期萎缩，无中心凹下受累"
H353134,"非渗出性年龄相关性黄斑变性，双侧，晚期萎缩伴中心凹下受累"
H35319,"非渗出性年龄相关性黄斑变性，未指明的眼睛"
H353190,"非渗出性年龄相关性黄斑变性，未指定的眼睛，未指定的分期"
H353191,"非渗出性年龄相关性黄斑变性，未分明的眼睛，早期干燥期"
H353192,"非渗出性年龄相关性黄斑变性，未分明的眼睛，中期干涩期"
H353193,"非渗出性年龄相关性黄斑变性，未指明的眼睛，晚期萎缩，无中心凹下受累"
H353194,"非渗出性年龄相关性黄斑变性，未指明的眼睛，晚期萎缩伴中心凹下受累"
H3532,"渗出性年龄相关性黄斑变性"
H35321,"渗出性年龄相关性黄斑变性，右眼"
H353210,"渗出性年龄相关性黄斑变性，右眼，分期未定"
H353211,"渗出性年龄相关性黄斑变性，右眼，活动性脉络膜新生血管形成"
H353212,"渗出性年龄相关性黄斑变性，右眼，伴有非活动性脉络膜新生血管"
H353213,"渗出性年龄相关性黄斑变性，右眼，有非活动性瘢痕"
H35322,"渗出性年龄相关性黄斑变性，左眼"
H353220,"渗出性年龄相关性黄斑变性，左眼，分期未定"
H353221,"渗出性年龄相关性黄斑变性，左眼，伴有活动性脉络膜新生血管"
H353222,"渗出性年龄相关性黄斑变性，左眼，伴有非活动性脉络膜新生血管"
H353223,"渗出性年龄相关性黄斑变性，左眼，有非活动性瘢痕"
H35323,"渗出性年龄相关性黄斑变性，双侧"
H353230,"渗出性年龄相关性黄斑变性，双侧，分期未明确"
H353231,"渗出性年龄相关性黄斑变性，双侧，活动性脉络膜新生血管"
H353232,"渗出性年龄相关性黄斑变性，双侧，伴有非活动性脉络膜新生血管"
H353233,"渗出性年龄相关性黄斑变性，双侧，伴有非活动性瘢痕"
H35329,"渗出性年龄相关性黄斑变性，未分明的眼睛"
H353290,"渗出性年龄相关性黄斑变性，未指定眼，分期未指定"
H353291,"渗出性年龄相关性黄斑变性，未分明的眼睛，伴有活动性脉络膜新生血管"
H353292,"渗出性年龄相关性黄斑变性，未分明的眼睛，伴有非活动性脉络膜新生血管"
H353293,"渗出性年龄相关性黄斑变性，未指明的眼睛，伴有非活动性瘢痕"
H3533,"黄斑的血管样条纹"
H3534,"黄斑囊肿、裂孔或假性裂孔"
H35341,"右眼黄斑囊肿、裂孔或假性裂孔"
H35342,"黄斑囊肿、裂孔或假性裂孔，左眼"
H35343,"双侧黄斑囊肿、裂孔或假性裂孔"
H35349,"黄斑囊肿、裂孔或假性裂孔、未指明的眼睛"
H3535,"黄斑囊样变性"
H35351,"黄斑囊样变性，右眼"
H35352,"黄斑囊样变性，左眼"
H35353,"双侧黄斑囊样变性"
H35359,"黄斑囊样变性，未指明的眼睛"
H3536,"黄斑玻璃膜疣（退行性）"
H35361,"黄斑玻璃膜疣（退行性），右眼"
H35362,"黄斑玻璃膜疣（退行性），左眼"
H35363,"双侧黄斑玻璃膜疣（退行性）"
H35369,"黄斑玻璃膜疣（退行性），未指明的眼睛"
H3537,"黄斑起皱"
H35371,"右眼黄斑起皱"
H35372,"黄斑起皱，左眼"
H35373,"双侧黄斑起皱"
H35379,"黄斑皱洼，未指明的眼睛"
H3538,"中毒性黄斑病变"
H35381,"中毒性黄斑病变，右眼"
H35382,"中毒性黄斑病变，左眼"
H35383,"中毒性黄斑病变，双侧"
H35389,"中毒性黄斑病变，未指明的眼睛"
H354,"周边视网膜变性"
H3540,"未指明的周边视网膜变性"
H3541,"视网膜晶格变性"
H35411,"视网膜晶格变性，右眼"
H35412,"视网膜晶格变性，左眼"
H35413,"视网膜晶格变性，双侧"
H35419,"视网膜晶格变性，未指明的眼睛"
H3542,"视网膜微囊样变性"
H35421,"视网膜、右眼微囊样变性"
H35422,"视网膜、左眼微囊样变性"
H35423,"双侧视网膜微囊样变性"
H35429,"视网膜微囊样变性，未指明的眼睛"
H3543,"视网膜铺路石变性"
H35431,"视网膜、右眼铺路石变性"
H35432,"铺路石视网膜变性，左眼"
H35433,"双侧视网膜铺路石变性"
H35439,"视网膜铺路石变性，未指明的眼睛"
H3544,"年龄相关性视网膜网状变性"
H35441,"年龄相关性视网膜、右眼网状变性"
H35442,"年龄相关性视网膜、左眼网状变性"
H35443,"年龄相关性视网膜网状变性，双侧"
H35449,"年龄相关性视网膜网状变性，未指定眼睛"
H3545,"继发性色素变性"
H35451,"继发性色素变性，右眼"
H35452,"继发性色素变性，左眼"
H35453,"继发性色素变性，双侧"
H35459,"继发性色素变性，未指明的眼睛"
H3546,"继发性玻璃体视网膜变性"
H35461,"继发性玻璃体视网膜变性，右眼"
H35462,"继发性玻璃体视网膜变性，左眼"
H35463,"继发性玻璃体视网膜变性，双侧"
H35469,"继发性玻璃体视网膜变性，未指明的眼睛"
H355,"遗传性视网膜营养不良"
H3550,"未分类的遗传性视网膜营养不良"
H3551,"玻璃体视网膜营养不良"
H3552,"色素性视网膜营养不良"
H3553,"其他主要累及感觉视网膜的营养不良"
H3554,"主要累及视网膜色素上皮的营养不良"
H356,"视网膜出血"
H3560,"视网膜出血，未指明的眼睛"
H3561,"视网膜出血，右眼"
H3562,"视网膜出血，左眼"
H3563,"双侧视网膜出血"
H357,"视网膜层的分离"
H3570,"未指定的视网膜层分离"
H3571,"中心性浆液性脉络膜视网膜病变"
H35711,"中央浆液性脉络膜视网膜病变，右眼"
H35712,"中央浆液性脉络膜视网膜病变，左眼"
H35713,"中心性浆液性脉络膜视网膜病变，双侧"
H35719,"中央浆液性脉络膜视网膜病变，未指明的眼睛"
H3572,"视网膜色素上皮浆液性脱离"
H35721,"右眼视网膜色素上皮浆液性脱离"
H35722,"左眼视网膜色素上皮浆液性脱离"
H35723,"双侧视网膜色素上皮浆液性脱离"
H35729,"视网膜色素上皮浆液性脱离，未指明的眼睛"
H3573,"视网膜色素上皮失血性脱离"
H35731,"右眼视网膜色素上皮出血性脱离"
H35732,"左眼视网膜色素上皮出血性脱离"
H35733,"双侧视网膜色素上皮出血性脱离"
H35739,"视网膜色素上皮失血性脱离，未指明的眼睛"
H358,"其他特定的视网膜疾病"
H3581,"视网膜水肿"
H3582,"视网膜缺血"
H3589,"其他特定的视网膜疾病"
H359,"未指明的视网膜疾病"
H36,"其他分类疾病中的视网膜疾病"
H40,"青光眼"
H400,"疑似青光眼"
H4000,"青光眼前期，未指定"
H40001,"青光眼前期，未指定，右眼"
H40002,"青光眼前期，未指定，左眼"
H40003,"青光眼前期，未指定，双侧"
H40009,"青光眼前期，未指定，未指定眼睛"
H4001,"开房角伴临界值，低风险"
H40011,"开旘角，临界值，低风险，右眼"
H40012,"开旻角，临界值，低风险，左眼"
H40013,"开房角有临界值，低风险，双侧"
H40019,"开房角有临界值、低风险、未指定眼球"
H4002,"开房角伴临界表现，高风险"
H40021,"开旣房角伴临界表现、高风险、右眼"
H40022,"开旘房角有临界表现，高风险，左眼"
H40023,"开房角有临界值，高风险，双侧"
H40029,"开房角有临界表现、高风险、未指明的眼睛"
H4003,"解剖学窄角"
H40031,"解剖学窄角，右眼"
H40032,"解剖学窄角，左眼"
H40033,"解剖学窄角，双侧"
H40039,"解剖学窄角，未指定眼"
H4004,"类固醇反应者"
H40041,"类固醇反应者，右眼"
H40042,"类固醇反应者，左眼"
H40043,"类固醇反应者，双侧"
H40049,"类固醇反应者，未指定的眼睛"
H4005,"眼压"
H40051,"高眼压症、右眼"
H40052,"高眼压症、左眼"
H40053,"双侧高眼压症"
H40059,"高眼压症，未指明的眼睛"
H4006,"无青光眼损伤的原发房角闭合"
H40061,"无青光眼损伤的原发房角闭合，右眼"
H40062,"无青光眼损伤的原发房角闭合，左眼"
H40063,"无青光眼损伤的原发房角闭合，双侧"
H40069,"无青光眼损伤的原发房角闭合，未指明的眼睛"
H401,"开角型青光眼"
H4010,"未分类的开角型青光眼"
H4010X0,"未指明的开角型青光眼，分期未指明"
H4010X1,"未分类的开角型青光眼，轻度"
H4010X2,"未指明的开角型青光眼，中度"
H4010X3,"未指明的开角型青光眼，重度"
H4010X4,"未指明的开角型青光眼，分期不确定"
H4011,"原发性开角型青光眼"
H40111,"原发性开角型青光眼，右眼"
H401110,"原发性开角型青光眼，右眼，分期未定"
H401111,"原发性开角型青光眼，右眼，轻度"
H401112,"原发性开角型青光眼，右眼，中度"
H401113,"原发性开角型青光眼，右眼，严重期"
H401114,"原发性开角型青光眼，右眼，分期不确定"
H40112,"原发性开角型青光眼，左眼"
H401120,"原发性开角型青光眼，左眼，分期未定"
H401121,"原发性开角型青光眼，左眼，轻度"
H401122,"原发性开角型青光眼，左眼，中度"
H401123,"原发性开角型青光眼，左眼，重度"
H401124,"原发性开角型青光眼，左眼，分期不确定"
H40113,"原发性开角型青光眼，双侧"
H401130,"原发性开角型青光眼，双侧，分期未定"
H401131,"原发性开角型青光眼，双侧，轻度"
H401132,"原发性开角型青光眼，双侧，中度"
H401133,"原发性开角型青光眼，双侧，重度"
H401134,"原发性开角型青光眼，双侧，不确定分期"
H40119,"原发性开角型青光眼，未指明的眼睛"
H401190,"原发性开角型青光眼，未指定眼球，分期未指定"
H401191,"原发性开角型青光眼，未指明的眼睛，轻度"
H401192,"原发性开角型青光眼，未指明的眼睛，中度"
H401193,"原发性开角型青光眼，未指明的眼睛，重度"
H401194,"原发性开角型青光眼，眼型不明，分期不确定"
H4011X0,"原发性开角型青光眼，分期未定"
H4011X1,"原发性开角型青光眼，轻度"
H4011X2,"原发性开角型青光眼，中度"
H4011X3,"原发性开角型青光眼，重度"
H4011X4,"原发性开角型青光眼，分期不确定"
H4012,"低眼压性青光眼"
H40121,"低眼压性青光眼，右眼"
H401210,"低眼压性青光眼，右眼，分期未定"
H401211,"低眼压性青光眼，右眼，轻度"
H401212,"低眼压性青光眼，右眼，中度"
H401213,"低眼压性青光眼，右眼，严重期"
H401214,"低眼压性青光眼，右眼，分期不确定"
H40122,"低眼压性青光眼，左眼"
H401220,"低眼压性青光眼，左眼，分期未定"
H401221,"低眼压性青光眼，左眼，轻度"
H401222,"低眼压性青光眼，左眼，中度"
H401223,"低眼压性青光眼，左眼，严重期"
H401224,"低眼压性青光眼，左眼，分期不确定"
H40123,"双侧低眼压性青光眼"
H401230,"低眼压性青光眼，双侧，分期未定"
H401231,"低眼压性青光眼，双侧，轻度"
H401232,"低眼压性青光眼，双侧，中度"
H401233,"低眼压性青光眼，双侧，重度"
H401234,"低眼压性青光眼，双侧，不确定分期"
H40129,"低眼压性青光眼，未指明的眼睛"
H401290,"低眼压性青光眼，未指定眼球，分期未指定"
H401291,"低眼压性青光眼，未指明的眼睛，轻度"
H401292,"低眼压性青光眼，未指明的眼睛，中度"
H401293,"低眼压性青光眼，未指明的眼睛，重度"
H401294,"低眼压性青光眼，眼龄不明，分期不确定"
H4013,"色素性青光眼"
H40131,"色素性青光眼，右眼"
H401310,"色素性青光眼，右眼，分期未定"
H401311,"色素性青光眼，右眼，轻度"
H401312,"色素性青光眼，右眼，中度"
H401313,"色素性青光眼，右眼，严重期"
H401314,"色素性青光眼，右眼，分期不确定"
H40132,"色素性青光眼，左眼"
H401320,"色素性青光眼，左眼，分期未定"
H401321,"色素性青光眼，左眼，轻度"
H401322,"色素性青光眼，左眼，中度"
H401323,"色素性青光眼，左眼，严重期"
H401324,"色素性青光眼，左眼，分期不确定"
H40133,"双侧色素性青光眼"
H401330,"色素性青光眼，双侧，分期未定"
H401331,"色素性青光眼，双侧，轻度"
H401332,"色素性青光眼，双侧，中度"
H401333,"色素性青光眼，双侧，重度"
H401334,"色素性青光眼，双侧，不确定分期"
H40139,"色素性青光眼，未指明的眼睛"
H401390,"色素性青光眼，未指定眼睛，分期未指定"
H401391,"色素性青光眼，未指明的眼睛，轻度"
H401392,"色素性青光眼，未指明的眼睛，中度"
H401393,"色素性青光眼，未指明的眼睛，严重期"
H401394,"色素性青光眼，未指明的眼睛，分期不确定"
H4014,"晶状体假性剥脱的包膜性青光眼"
H40141,"包膜性青光眼伴晶状体假性剥脱，右眼"
H401410,"包膜性青光眼伴晶状体假性剥脱，右眼，分期未定"
H401411,"包膜性青光眼伴晶状体假性剥脱，右眼，轻度"
H401412,"晶状体假性剥脱性晶状体的包膜性青光眼，右眼，中度"
H401413,"晶状体假性剥脱的包膜性青光眼，右眼，严重期"
H401414,"包膜性青光眼伴晶状体假性剥脱，右眼，分期不确定"
H40142,"包膜性青光眼伴晶状体假性剥脱，左眼"
H401420,"晶状体假性剥脱的包膜性青光眼，左眼，分期未定"
H401421,"包膜性青光眼伴晶状体假性剥脱，左眼，轻度"
H401422,"包膜性青光眼伴晶状体假性剥脱，左眼，中度"
H401423,"包膜性青光眼伴晶状体假性剥脱，左眼，严重期"
H401424,"包膜性青光眼伴晶状体假性剥脱，左眼，分期不确定"
H40143,"双侧晶状体假性剥脱的包膜性青光眼"
H401430,"晶状体假性剥脱的包膜性青光眼，双侧，分期未明确"
H401431,"晶状体假性剥脱的包膜性青光眼，双侧，轻度"
H401432,"晶状体假性剥脱的包膜性青光眼，双侧，中度"
H401433,"晶状体假性剥脱的包膜性青光眼，双侧，严重期"
H401434,"晶状体假性剥脱的包膜性青光眼，双侧，不确定分期"
H40149,"包膜型青光眼伴晶状体假性剥脱，未指明的眼睛"
H401490,"晶状体假性剥脱的包膜性青光眼，未指定的眼睛，分期未指定"
H401491,"包膜性青光眼伴晶状体假性剥脱，眼型不明，轻度"
H401492,"包膜性青光眼伴晶状体假性剥脱，眼型不明，中度"
H401493,"包膜性青光眼伴晶状体假性剥脱，眼型不明，重度"
H401494,"包膜性青光眼伴晶状体假性剥脱，眼睛不明，分期不确定"
H4015,"开角型青光眼的残余期"
H40151,"开角型青光眼的残余期，右眼"
H40152,"开角型青光眼残余分期，左眼"
H40153,"双侧开角型青光眼的残余分期"
H40159,"开角型青光眼的残余分期，未指定的眼睛"
H402,"原发性闭角型青光眼"
H4020,"未分类的原发性闭角型青光眼"
H4020X0,"未指定的原发性闭角型青光眼，分期未指定"
H4020X1,"未分类的原发性闭角型青光眼，轻度"
H4020X2,"未指明的原发性闭角型青光眼，中度"
H4020X3,"未分类的原发性闭角型青光眼，重度"
H4020X4,"未指明的原发性闭角型青光眼，分期不确定"
H4021,"急性闭角型青光眼"
H40211,"急性闭角型青光眼，右眼"
H40212,"急性闭角型青光眼，左眼"
H40213,"急性闭角型青光眼，双侧"
H40219,"急性闭角型青光眼，未指明的眼睛"
H4022,"慢性闭角型青光眼"
H40221,"慢性闭角型青光眼，右眼"
H402210,"慢性闭角型青光眼，右眼，分期未定"
H402211,"慢性闭角型青光眼，右眼，轻度"
H402212,"慢性闭角型青光眼，右眼，中度"
H402213,"慢性闭角型青光眼，右眼，严重期"
H402214,"慢性闭角型青光眼，右眼，分期不确定"
H40222,"慢性闭角型青光眼，左眼"
H402220,"慢性闭角型青光眼，左眼，分期未定"
H402221,"慢性闭角型青光眼，左眼，轻度"
H402222,"慢性闭角型青光眼，左眼，中度"
H402223,"慢性闭角型青光眼，左眼，重度"
H402224,"慢性闭角型青光眼，左眼，分期不确定"
H40223,"慢性闭角型青光眼，双侧"
H402230,"慢性闭角型青光眼，双侧，分期未定"
H402231,"慢性闭角型青光眼，双侧，轻度"
H402232,"慢性闭角型青光眼，双侧，中度"
H402233,"慢性闭角型青光眼，双侧，重度"
H402234,"慢性闭角型青光眼，双侧，不确定期"
H40229,"慢性闭角型青光眼，未指定眼"
H402290,"慢性闭角型青光眼，未指定眼，分期未指定"
H402291,"慢性闭角型青光眼，未分明的眼睛，轻度"
H402292,"慢性闭角型青光眼，眼型不明，中度"
H402293,"慢性闭角型青光眼，眼型不明，重度"
H402294,"慢性闭角型青光眼，未指定眼睛，分期不确定"
H4023,"间歇性闭角型青光眼"
H40231,"间歇性闭角型青光眼，右眼"
H40232,"间歇性闭角型青光眼，左眼"
H40233,"间歇性闭角型青光眼，双侧"
H40239,"间歇性闭角型青光眼，未指明的眼睛"
H4024,"闭角型青光眼的残余期"
H40241,"闭角型青光眼残余期，右眼"
H40242,"闭角型青光眼残余分期，左眼"
H40243,"双侧闭角型青光眼残余分期"
H40249,"闭角型青光眼的残余分期，未指明的眼睛"
H403,"继发于眼外伤的青光眼"
H4030,"继发于眼外伤的青光眼，未指明的眼睛"
H4030X0,"继发于眼外伤的青光眼，未指定的眼睛，未指定的阶段"
H4030X1,"继发于眼外伤的青光眼，未指明的眼睛，轻度"
H4030X2,"继发于眼外伤的青光眼，未指明的眼睛，中度"
H4030X3,"继发于眼外伤的青光眼，未指明的眼睛，严重期"
H4030X4,"继发于眼外伤的青光眼，未指明的眼睛，不确定的分期"
H4031,"继发于眼外伤的青光眼，右眼"
H4031X0,"继发于眼外伤的青光眼，右眼，分期未定"
H4031X1,"继发于眼外伤的青光眼，右眼，轻度"
H4031X2,"继发于眼外伤的青光眼，右眼，中度"
H4031X3,"继发于眼外伤的青光眼，右眼，严重期"
H4031X4,"继发于眼外伤的青光眼，右眼，不确定分期"
H4032,"继发于眼外伤的青光眼，左眼"
H4032X0,"继发于眼外伤的青光眼，左眼，分期未定"
H4032X1,"继发于眼外伤的青光眼，左眼，轻度"
H4032X2,"继发于眼外伤的青光眼，左眼，中度"
H4032X3,"继发于眼外伤的青光眼，左眼，严重期"
H4032X4,"继发于眼外伤的青光眼，左眼，不确定分期"
H4033,"继发于眼外伤的青光眼，双侧"
H4033X0,"继发于眼外伤的青光眼，双侧，分期未定"
H4033X1,"继发于眼外伤的青光眼，双侧，轻度"
H4033X2,"继发于眼外伤的青光眼，双侧，中度"
H4033X3,"继发于眼外伤的青光眼，双侧，严重期"
H4033X4,"继发于眼外伤的青光眼，双侧，不确定期"
H404,"继发于眼部炎症的青光眼"
H4040,"继发于眼部炎症的青光眼，未指明的眼睛"
H4040X0,"继发于眼部炎症的青光眼，未指定的眼睛，未指定的阶段"
H4040X1,"继发于眼部炎症的青光眼，未指明的眼睛，轻度"
H4040X2,"继发于眼部炎症的青光眼，未指明的眼睛，中度"
H4040X3,"继发于眼部炎症的青光眼，未指明的眼睛，严重期"
H4040X4,"继发于眼部炎症的青光眼，未指明的眼睛，分期不确定"
H4041,"继发于眼部炎症、右眼的青光眼"
H4041X0,"继发于眼部炎症的青光眼，右眼，分期未定"
H4041X1,"继发于眼部炎症的青光眼，右眼，轻度"
H4041X2,"继发于眼部炎症的青光眼，右眼，中度"
H4041X3,"继发于眼部炎症的青光眼，右眼，严重期"
H4041X4,"继发于眼部炎症的青光眼，右眼，不确定分期"
H4042,"继发于眼部炎症的青光眼，左眼"
H4042X0,"继发于眼部炎症的青光眼，左眼，分期未定"
H4042X1,"继发于眼部炎症的青光眼，左眼，轻度"
H4042X2,"继发于眼部炎症的青光眼，左眼，中度"
H4042X3,"继发于眼部炎症的青光眼，左眼，严重期"
H4042X4,"继发于眼部炎症的青光眼，左眼，不确定分期"
H4043,"继发于眼部炎症的青光眼，双侧"
H4043X0,"继发于眼部炎症的青光眼，双侧，分期未定"
H4043X1,"继发于眼部炎症的青光眼，双侧，轻度"
H4043X2,"继发于眼部炎症的青光眼，双侧，中度"
H4043X3,"继发于眼部炎症的青光眼，双侧，重度"
H4043X4,"继发于眼部炎症的青光眼，双侧，不确定分期"
H405,"继发于其他眼部疾病的青光眼"
H4050,"继发于其他眼部疾病的青光眼，未指明的眼睛"
H4050X0,"继发于其他眼部疾病的青光眼、未指定的眼睛、未指定的阶段"
H4050X1,"继发于其他眼部疾病的青光眼、未指明的眼睛、轻度"
H4050X2,"继发于其他眼部疾病的青光眼，未指明的眼睛，中度"
H4050X3,"继发于其他眼部疾病的青光眼，未指明的眼睛，重度"
H4050X4,"继发于其他眼部疾病的青光眼，未指定的眼睛，分期不确定"
H4051,"继发于其他眼部疾病的青光眼，右眼"
H4051X0,"继发于其他眼部疾病的青光眼，右眼，分期未定"
H4051X1,"继发于其他眼部疾病的青光眼，右眼，轻度"
H4051X2,"继发于其他眼部疾病的青光眼，右眼，中度"
H4051X3,"继发于其他眼部疾病的青光眼，右眼，严重期"
H4051X4,"继发于其他眼部疾病的青光眼，右眼，不确定分期"
H4052,"继发于其他眼部疾病的青光眼，左眼"
H4052X0,"继发于其他眼部疾病的青光眼，左眼，分期未定"
H4052X1,"继发于其他眼部疾病的青光眼，左眼，轻度"
H4052X2,"继发于其他眼部疾病的青光眼，左眼，中度"
H4052X3,"继发于其他眼部疾病的青光眼，左眼，严重期"
H4052X4,"继发于其他眼部疾病的青光眼，左眼，分期不确定"
H4053,"继发于其他眼部疾病的双侧青光眼"
H4053X0,"继发于其他眼部疾病的青光眼，双侧，分期未定"
H4053X1,"继发于其他眼部疾病的青光眼，双侧，轻度"
H4053X2,"继发于其他眼部疾病的青光眼，双侧，中度"
H4053X3,"继发于其他眼部疾病的青光眼，双侧，重度"
H4053X4,"继发于其他眼部疾病的青光眼，双侧，不确定分期"
H406,"继发于药物的青光眼"
H4060,"继发于药物的青光眼，未指明的眼睛"
H4060X0,"继发于药物的青光眼，未指定的眼睛，分期未指定"
H4060X1,"继发于药物的青光眼，未指明的眼睛，轻度"
H4060X2,"继发于药物的青光眼，未指明的眼睛，中度"
H4060X3,"继发于药物的青光眼，未指明的眼睛，重度"
H4060X4,"继发于药物的青光眼，未指明的眼睛，分期不确定"
H4061,"继发于药物的青光眼，右眼"
H4061X0,"继发于药物的青光眼，右眼，分期未定"
H4061X1,"继发于药物的青光眼，右眼，轻度"
H4061X2,"继发于药物的青光眼，右眼，中度"
H4061X3,"继发于药物的青光眼，右眼，严重期"
H4061X4,"继发于药物的青光眼，右眼，不确定分期"
H4062,"继发于药物的青光眼，左眼"
H4062X0,"继发于药物的青光眼，左眼，分期未定"
H4062X1,"继发于药物的青光眼，左眼，轻度"
H4062X2,"继发于药物的青光眼，左眼，中度"
H4062X3,"继发于药物的青光眼，左眼，重度"
H4062X4,"继发于药物的青光眼，左眼，分期不确定"
H4063,"继发于药物的青光眼，双侧"
H4063X0,"继发于药物的青光眼，双侧，分期未定"
H4063X1,"继发于药物的青光眼，双侧，轻度"
H4063X2,"继发于药物的青光眼，双侧，中度"
H4063X3,"继发于药物的青光眼，双侧，重度"
H4063X4,"继发于药物的青光眼，双侧，不确定分期"
H408,"其他青光眼"
H4081,"青光眼伴巩膜外静脉压升高"
H40811,"青光眼伴巩膜外静脉压升高，右眼"
H40812,"青光眼伴巩膜外静脉压升高，左眼"
H40813,"双侧巩膜外静脉压升高的青光眼"
H40819,"青光眼伴巩膜外静脉压升高，眼球不明"
H4082,"分泌过多的青光眼"
H40821,"分泌过多的青光眼，右眼"
H40822,"分泌过多的青光眼，左眼"
H40823,"双侧青光眼分泌过多"
H40829,"分泌过多的青光眼，未指明的眼睛"
H4083,"房水误导"
H40831,"房水方向不正，右眼"
H40832,"房水方向失误，左眼"
H40833,"房水方向不通，双侧"
H40839,"房水方向不通，眼不明"
H4089,"其他特定的青光眼"
H409,"未指明的青光眼"
H42,"其他分类疾病中的青光眼"
H43,"玻璃体疾病"
H430,"玻璃体脱垂"
H4300,"玻璃体脱垂，未指明的眼睛"
H4301,"玻璃体脱垂，右眼"
H4302,"玻璃体脱垂，左眼"
H4303,"玻璃体脱垂，双侧"
H431,"玻璃体出血"
H4310,"玻璃体出血，眼龄不明"
H4311,"玻璃体出血，右眼"
H4312,"玻璃体出血，左眼"
H4313,"玻璃体出血，双侧"
H432,"玻璃体中的结晶沉积物"
H4320,"玻璃体中结晶沉积物，未指定的眼睛"
H4321,"玻璃体、右眼结晶沉积物"
H4322,"玻璃体、左眼结晶沉积物"
H4323,"玻璃体中的结晶沉积物，双侧"
H433,"其他玻璃体混浊"
H4331,"玻璃体膜和玻璃体链"
H43311,"玻璃体膜和玻璃质股，右眼"
H43312,"玻璃体膜和玻璃质股，左眼"
H43313,"玻璃体膜和玻璃管，双侧"
H43319,"玻璃体膜和玻璃质股，未分明的眼睛"
H4339,"其他玻璃体混浊"
H43391,"其他玻璃体混浊，右眼"
H43392,"其他玻璃体混浊，左眼"
H43393,"其他玻璃体混浊，双侧"
H43399,"其他玻璃体混浊，未指明的眼睛"
H438,"玻璃体的其他疾病"
H4381,"玻璃体变性"
H43811,"玻璃体变性，右眼"
H43812,"玻璃体变性，左眼"
H43813,"玻璃体变性，双侧"
H43819,"玻璃体变性，未指明的眼睛"
H4382,"玻璃体黄斑粘连"
H43821,"玻璃体黄斑粘连，右眼"
H43822,"玻璃体黄斑粘连，左眼"
H43823,"玻璃体黄斑粘连，双侧"
H43829,"玻璃体黄斑粘连，未指明的眼睛"
H4389,"玻璃体的其他疾病"
H439,"未指定的玻璃体疾病"
H44,"眼球疾病"
H440,"化脓性眼内炎"
H4400,"未分类的化脓性眼内炎"
H44001,"未分类的化脓性眼内炎，右眼"
H44002,"未分类的化脓性眼内炎，左眼"
H44003,"未分类的化脓性眼内炎，双侧"
H44009,"未指明的化脓性眼内炎，未指明的眼睛"
H4401,"泛眼炎（急性）"
H44011,"Panophthalmitis （急性），右眼"
H44012,"偏眼炎（急性），左眼"
H44013,"双侧偏眼炎（急性）"
H44019,"痢眼炎（急性），未指明的眼睛"
H4402,"玻璃体脓肿（慢性）"
H44021,"玻璃体脓肿（慢性），右眼"
H44022,"玻璃体脓肿（慢性），左眼"
H44023,"玻璃体脓肿（慢性），双侧"
H44029,"玻璃体脓肿（慢性），未指明的眼睛"
H441,"其他眼内炎"
H4411,"全葡萄膜炎"
H44111,"全葡萄膜炎，右眼"
H44112,"全葡萄膜炎，左眼"
H44113,"双侧全葡萄膜炎"
H44119,"全葡萄膜炎，未指明的眼睛"
H4412,"寄生虫性眼内炎，未指定"
H44121,"寄生虫性眼内炎，未指定，右眼"
H44122,"寄生虫性眼内炎，未指定，左眼"
H44123,"寄生虫性眼内炎，未指定，双侧"
H44129,"寄生虫性眼内炎，未指定，未指定眼"
H4413,"交感神经葡萄膜炎"
H44131,"交感神经葡萄膜炎，右眼"
H44132,"交感神经葡萄膜炎，左眼"
H44133,"交感神经葡萄膜炎，双侧"
H44139,"交感神经葡萄膜炎，未指明的眼睛"
H4419,"其他眼内炎"
H442,"退行性近视"
H4420,"退行性近视，未指明的眼睛"
H4421,"退行性近视、右眼"
H4422,"退行性近视、左眼"
H4423,"双侧退行性近视"
H442A,"退行性近视伴脉络膜新生血管"
H442A1,"退行性近视伴脉络膜新生血管，右眼"
H442A2,"退行性近视伴脉络膜新生血管，左眼"
H442A3,"退行性近视伴脉络膜新生血管、双侧眼"
H442A9,"退行性近视伴脉络膜新生血管形成，未指明的眼睛"
H442B,"伴有黄斑裂孔的退行性近视"
H442B1,"退行性近视伴黄斑裂孔、右眼"
H442B2,"退行性近视伴黄斑裂孔、左眼"
H442B3,"退行性近视伴黄斑裂孔、双侧眼"
H442B9,"退行性近视伴黄斑裂孔，未指明的眼睛"
H442C,"伴视网膜脱离的退行性近视"
H442C1,"退行性近视伴视网膜脱离，右眼"
H442C2,"退行性近视伴视网膜脱离，左眼"
H442C3,"退行性近视伴视网膜脱离，双侧眼"
H442C9,"退行性近视伴视网膜脱离，未指明的眼睛"
H442D,"退行性近视伴中心凹裂"
H442D1,"退行性近视伴中心凹裂，右眼"
H442D2,"退行性近视伴中心凹裂开、左眼"
H442D3,"退行性近视伴中心凹裂，双侧眼"
H442D9,"退行性近视伴中心静脉裂开，未指明的眼睛"
H442E,"退行性近视伴其他黄斑病变"
H442E1,"退行性近视伴其他黄斑病变，右眼"
H442E2,"退行性近视伴其他黄斑病变，左眼"
H442E3,"退行性近视伴其他黄斑病变、双侧眼"
H442E9,"退行性近视伴其他黄斑病变，未指明的眼睛"
H443,"其他和未指明的眼球退行性疾病"
H4430,"未指明的眼球退行性疾病"
H4431,"查尔厚病"
H44311,"右眼脱缛病"
H44312,"查尔西病，左眼"
H44313,"双侧松弛病"
H44319,"查尔西病，未指明的眼睛"
H4432,"眼睛铁质沉着症"
H44321,"眼睛铁质沉着症，右眼"
H44322,"左眼铁质沉着症"
H44323,"双侧眼铁质沉着症"
H44329,"眼睛铁质沉着症，未指明的眼睛"
H4439,"全球其他退行性疾病"
H44391,"眼球、右眼的其他退行性疾病"
H44392,"眼球、左眼的其他退行性疾病"
H44393,"其他双侧眼球退行性疾病"
H44399,"其他眼球退行性疾病，未指明的眼睛"
H444,"眼压减退"
H4440,"不明原因的眼低血压"
H4441,"扁平前房眼低矮"
H44411,"右眼前房扁平低调"
H44412,"左眼前房扁平肌张力减弱"
H44413,"双侧眼前房扁平低眼压"
H44419,"未指定眼的扁平前房低调"
H4442,"眼瘘引起的眼压过低"
H44421,"眼瘘引起的右眼压低"
H44422,"眼瘘引起的左眼压低"
H44423,"双侧眼瘘引起的眼压过低"
H44429,"眼瘘引起的不明眼压低"
H4443,"其他眼部疾病引起的眼压过低"
H44431,"其他眼部疾病引起的眼张力减退，右眼"
H44432,"其他眼部疾病引起的眼张力减退，左眼"
H44433,"其他眼部疾病引起的眼高压，双侧"
H44439,"其他眼部疾病引起的眼压过低，未指明的眼睛"
H4444,"原发性眼压减退"
H44441,"原发性右眼肌张力减退"
H44442,"左眼原发性肌张力减退"
H44443,"原发性眼压减退，双侧"
H44449,"未指定眼的原发性肌张力减退"
H445,"地球仪的退化条件"
H4450,"globe 的未指定退化条件"
H4451,"绝对型青光眼"
H44511,"绝对青光眼，右眼"
H44512,"绝对青光眼，左眼"
H44513,"双侧绝对青光眼"
H44519,"绝对青光眼，未指定眼睛"
H4452,"眼球萎缩"
H44521,"眼球萎缩，右眼"
H44522,"眼球萎缩，左眼"
H44523,"眼球萎缩，双侧"
H44529,"眼球萎缩，眼不明"
H4453,"白皈"
H44531,"白细胞，右眼"
H44532,"白细胞，左眼"
H44533,"双侧白细胞"
H44539,"白细胞，未指明的眼睛"
H446,"滞留（陈旧）眼内异物，磁性"
H4460,"未指定残留（陈旧）眼内异物，磁性"
H44601,"未指明的滞留（陈旧性）眼内异物，磁性，右眼"
H44602,"未指明的滞留（陈旧性）眼内异物，磁性，左眼"
H44603,"未指明的滞留（陈旧）眼内异物，磁性，双侧"
H44609,"未指明的滞留（陈旧）眼内异物、磁性、未指明的眼"
H4461,"前房中滞留的（旧）磁性异物"
H44611,"右眼前房滞留（旧）磁性异物"
H44612,"左眼前房滞留（旧）磁性异物"
H44613,"前房滞留（旧）磁性异物，双侧"
H44619,"前房中残留的（旧）磁性异物，未指定的眼睛"
H4462,"虹膜或睫状体中残留的（旧）磁性异物"
H44621,"虹膜或睫状体、右眼中残留的（旧）磁性异物"
H44622,"虹膜或睫状体、左眼中残留的（旧）磁性异物"
H44623,"虹膜或睫状体中残留的（旧）磁性异物，双侧"
H44629,"虹膜或睫状体中残留的（旧）磁性异物，未指定的眼睛"
H4463,"镜头中残留的（旧）磁性异物"
H44631,"晶状体、右眼中残留的（旧）磁性异物"
H44632,"晶状体中残留的（旧）磁性异物，左眼"
H44633,"晶状体中残留的（旧）磁性异物，双侧"
H44639,"晶状体中残留的（旧）磁性异物，未指定的眼睛"
H4464,"眼球后壁滞留（旧）磁性异物"
H44641,"眼球后壁滞留（旧）磁性异物，右眼"
H44642,"左眼眼球后壁滞留（旧）磁性异物"
H44643,"眼球后壁滞留（旧）磁性异物，双侧"
H44649,"眼球后壁滞留（旧）磁性异物，眼不明"
H4465,"玻璃体中残留的（旧）磁性异物"
H44651,"玻璃体、右眼中滞留的（旧）磁性异物"
H44652,"玻璃体中残留的（旧）磁性异物，左眼"
H44653,"玻璃体中滞留的（旧）磁性异物，双侧"
H44659,"玻璃体中残留的（旧）磁性异物，未指定的眼睛"
H4469,"滞留（陈旧）眼内异物，磁性，在其他或多个部位"
H44691,"滞留（陈旧）眼内异物，磁性，在其他或多个部位，右眼"
H44692,"滞留（陈旧）眼内异物，磁性，在其他或多个部位，左眼"
H44693,"滞留（陈旧）眼内异物，磁性，在其他或多个部位，双侧"
H44699,"滞留（陈旧）眼内异物，磁性，在其他或多个部位，未指明的眼睛"
H447,"滞留（旧）眼内异物，非磁性"
H4470,"未指定残留（陈旧）眼内异物，非磁性"
H44701,"未指明的滞留（陈旧）眼内异物，无磁性，右眼"
H44702,"未指明的滞留（陈旧性）眼内异物，非磁性，左眼"
H44703,"未指明的滞留（陈旧性）眼内异物，非磁性，双侧"
H44709,"未指明的滞留（旧性）眼内异物，非磁性，未指明的眼"
H4471,"前房中滞留（非磁性）（旧）异物"
H44711,"右眼前房滞留（非磁性）（旧）异物"
H44712,"左眼前房滞留（非磁性）（旧）异物"
H44713,"前房滞留（非磁性）（旧）异物，双侧"
H44719,"前房中滞留（非磁性）（旧）异物，未指明的眼睛"
H4472,"虹膜或睫状体中滞留（非磁性）（旧）异物"
H44721,"虹膜或睫状体、右眼中滞留（非磁性）（旧）异物"
H44722,"虹膜或睫状体、左眼中滞留（非磁性）（旧）异物"
H44723,"虹膜或睫状体中滞留（非磁性）（旧）异物，双侧"
H44729,"虹膜或睫状体中滞留（非磁性）（旧）异物，未指定的眼睛"
H4473,"镜头中残留（非磁性）（旧）异物"
H44731,"晶状体、右眼中残留的（非磁性）（旧的）异物"
H44732,"晶状体中残留（非磁性）（旧）异物，左眼"
H44733,"晶状体中滞留（非磁性）（旧）异物，双侧"
H44739,"晶状体中残留（非磁性）（旧）异物，未指定的眼睛"
H4474,"眼球后壁滞留（非磁性）（旧）异物"
H44741,"眼球后壁滞留（非磁性）（旧）异物，右眼"
H44742,"眼球后壁滞留（非磁性）（旧）异物，左眼"
H44743,"眼球后壁滞留（非磁性）（旧）异物，双侧"
H44749,"眼球后壁滞留（非磁性）（陈旧）异物，未指明的眼睛"
H4475,"玻璃体中滞留（非磁性）（旧）异物"
H44751,"玻璃体中滞留（非磁性）（旧）异物，右眼"
H44752,"玻璃体中滞留（非磁性）（旧）异物，左眼"
H44753,"玻璃体中滞留（非磁性）（旧）异物，双侧"
H44759,"玻璃体中滞留（非磁性）（旧）异物，未指定眼"
H4479,"滞留（旧）眼内异物，非磁性，位于其他或多个部位"
H44791,"滞留（陈旧）眼内异物，无磁性，在其他或多个部位，右眼"
H44792,"滞留（陈旧）眼内异物，无磁性，在其他或多个部位，左眼"
H44793,"滞留（陈旧）眼内异物，非磁性，在其他或多个部位，双侧"
H44799,"滞留（陈旧）眼内异物，无磁性，位于其他或多个部位，未指明的眼睛"
H448,"眼球的其他疾病"
H4481,"血眼病"
H44811,"血眼、右眼"
H44812,"血眼病，左眼"
H44813,"双侧血眼病"
H44819,"血眼病，未指明的眼睛"
H4482,"球体脱位"
H44821,"眼球脱位，右眼"
H44822,"左眼眼球脱位"
H44823,"眼球脱位，双侧"
H44829,"眼球脱位，未指明的眼睛"
H4489,"眼球的其他疾病"
H449,"未指明的眼球疾病"
H46,"视神经炎"
H460,"视炎"
H4600,"视炎，未指明的眼睛"
H4601,"视炎，右眼"
H4602,"视炎，左眼"
H4603,"双侧视炎"
H461,"球后神经炎"
H4610,"球后神经炎，未指明的眼睛"
H4611,"球后神经炎，右眼"
H4612,"球后神经炎，左眼"
H4613,"双侧球后神经炎"
H462,"营养性视神经病变"
H463,"中毒性视神经病变"
H468,"其他视神经炎"
H469,"未分类的视神经炎"
H47,"视 [2nd] 神经和视觉通路的其他疾病"
H470,"视神经疾病，未分类"
H4701,"缺血性视神经病变"
H47011,"缺血性视神经病变，右眼"
H47012,"缺血性视神经病变，左眼"
H47013,"缺血性视神经病变，双侧"
H47019,"缺血性视神经病变，未指明的眼睛"
H4702,"视神经鞘出血"
H47021,"右眼视神经鞘出血"
H47022,"左眼视神经鞘出血"
H47023,"双侧视神经鞘出血"
H47029,"视神经鞘出血，未指明的眼睛"
H4703,"视神经发育不全"
H47031,"视神经发育不全，右眼"
H47032,"左眼视神经发育不全"
H47033,"双侧视神经发育不全"
H47039,"视神经发育不全，未指明的眼睛"
H4709,"其他未分类的视神经疾病"
H47091,"其他视神经疾病，未分类，右眼"
H47092,"其他视神经疾病，未分类，左眼"
H47093,"其他视神经疾病，未分类，双侧"
H47099,"其他视神经疾病，未分类，未指定眼睛"
H471,"视水肿"
H4710,"未指明的视水肿"
H4711,"与颅内压升高相关的视水肿"
H4712,"与眼压降低相关的视水肿"
H4713,"与视网膜疾病相关的视水肿"
H4714,"Foster-Kennedy 综合征"
H47141,"Foster-Kennedy 综合征，右眼"
H47142,"Foster-Kennedy 综合征，左眼"
H47143,"Foster-Kennedy 综合征，双侧"
H47149,"Foster-Kennedy 综合征，未指明的眼睛"
H472,"视神经萎缩"
H4720,"未指明的视神经萎缩"
H4721,"原发性视神经萎缩"
H47211,"原发性视神经萎缩，右眼"
H47212,"原发性视神经萎缩，左眼"
H47213,"原发性视神经萎缩，双侧"
H47219,"原发性视神经萎缩，未指明的眼睛"
H4722,"遗传性视神经萎缩"
H4723,"青光眼性视神经萎缩"
H47231,"青光眼性视神经萎缩，右眼"
H47232,"青光眼性视神经萎缩，左眼"
H47233,"青光眼性视神经萎缩，双侧"
H47239,"青光眼视神经萎缩，未指定眼睛"
H4729,"其他视神经萎缩"
H47291,"其他视神经萎缩，右眼"
H47292,"其他视神经萎缩，左眼"
H47293,"其他视神经萎缩，双侧"
H47299,"其他视神经萎缩，未指明的眼睛"
H473,"视盘的其他疾病"
H4731,"视盘缺损"
H47311,"视盘缺损，右眼"
H47312,"左眼视盘缺损"
H47313,"双侧视盘缺损"
H47319,"视盘缺损，未指明的眼睛"
H4732,"视盘玻璃膜疣"
H47321,"视盘玻璃膜疣，右眼"
H47322,"左眼视盘玻璃膜疣"
H47323,"双侧视盘玻璃膜疣"
H47329,"视盘玻璃膜疣，未指明的眼睛"
H4733,"视盘假性视水肿"
H47331,"视盘、右眼假性视水肿"
H47332,"左眼视盘假性视水肿"
H47333,"双侧视盘假性视水肿"
H47339,"视盘假性视水肿，眼不明"
H4739,"视盘的其他疾病"
H47391,"其他视盘、右眼疾病"
H47392,"其他视盘、左眼疾病"
H47393,"双侧视盘的其他疾病"
H47399,"其他视盘疾病，未指明的眼睛"
H474,"视交叉疾病"
H4741,"炎症性疾病中的视交叉疾病"
H4742,"肿瘤（由于）视交叉疾病"
H4743,"血管疾病中的视交叉疾病"
H4749,"其他疾病中的视交叉疾病"
H475,"其他视觉通路疾病"
H4751,"炎症性疾病中的（由于）视觉通路障碍"
H47511,"右侧炎症性疾病（由于）视觉通路障碍"
H47512,"炎症性疾病中的（由于）左侧视觉通路障碍"
H47519,"炎症性疾病中的（由于）视觉通路障碍，未指定侧"
H4752,"（由于）肿瘤中的视觉通路障碍"
H47521,"右侧肿瘤（由于）视觉通路障碍"
H47522,"左侧肿瘤（由于）视觉通路障碍"
H47529,"（由于）肿瘤中的视觉通路疾病，未指定侧"
H4753,"血管疾病中的（由于）视觉通路障碍"
H47531,"右侧血管疾病（由于）视觉通路障碍"
H47532,"左侧血管疾病（由于）视觉通路障碍"
H47539,"血管疾病中的视觉通路障碍，未指定侧"
H476,"视觉皮层疾病"
H4761,"皮质盲"
H47611,"大脑右侧皮质盲"
H47612,"大脑左侧皮质盲"
H47619,"皮质盲，大脑的未指定侧"
H4762,"炎症性疾病中的视觉皮层疾病"
H47621,"（由于）炎症性疾病中的视觉皮层疾病，大脑右侧"
H47622,"（由于）炎症性疾病中的视觉皮层疾病，大脑左侧"
H47629,"（由于）炎症性疾病中的视觉皮层疾病，大脑未指定的一侧"
H4763,"肿瘤（由于）视觉皮层疾病"
H47631,"（由于）肿瘤中的视觉皮层疾病，大脑右侧"
H47632,"脑左侧肿瘤（由于）视觉皮层疾病"
H47639,"（由于）肿瘤中的视觉皮层疾病，大脑的未指定侧"
H4764,"血管疾病中的视觉皮层疾病"
H47641,"（由于）血管疾病、右脑的视觉皮层疾病"
H47642,"（由于）血管疾病、大脑左侧的视觉皮层疾病"
H47649,"（由于）血管疾病、大脑未指定侧的视觉皮层疾病"
H479,"未指定的视觉通路障碍"
H49,"麻痹性斜视"
H490,"第三 [动眼神经] 神经麻痹"
H4900,"第三 [动眼神经] 神经麻痹，未指定的眼睛"
H4901,"第三 [动眼神经] 麻痹，右眼"
H4902,"第三 [动眼神经] 麻痹，左眼"
H4903,"双侧第三 [动眼神经] 神经麻痹"
H491,"第四 [滑车] 神经麻痹"
H4910,"第四 [滑车] 神经麻痹，未指定的眼睛"
H4911,"第四 [滑车] 神经麻痹，右眼"
H4912,"第四 [滑车] 神经麻痹，左眼"
H4913,"双侧第四 [滑车] 神经麻痹"
H492,"第六 [绝对] 神经麻痹"
H4920,"第六 [abducent] 神经麻痹，未指定的眼睛"
H4921,"第六 [abducent] 神经麻痹，右眼"
H4922,"第六 [abducent] 神经麻痹，左眼"
H4923,"第六 [abducent] 神经麻痹，双侧"
H493,"完全（外）眼肌麻痹"
H4930,"完全（外）眼肌麻痹，未指定的眼睛"
H4931,"完全（外）眼肌麻痹，右眼"
H4932,"全（外）眼肌麻痹，左眼"
H4933,"全侧（外）眼肌麻痹，双侧"
H494,"进行性外眼肌麻痹"
H4940,"进行性外眼肌麻痹，未指明的眼睛"
H4941,"进行性外眼肌麻痹，右眼"
H4942,"进行性外眼肌麻痹，左眼"
H4943,"进行性外眼肌麻痹，双侧"
H498,"其他麻痹性斜视"
H4981,"Kearns-Sayre 综合征"
H49811,"Kearns-Sayre 综合征，右眼"
H49812,"Kearns-Sayre 综合征，左眼"
H49813,"双侧 Kearns-Sayre 综合征"
H49819,"Kearns-Sayre 综合征，眼型不明"
H4988,"其他麻痹性斜视"
H49881,"其他麻痹性斜视，右眼"
H49882,"其他麻痹性斜视，左眼"
H49883,"其他麻痹性斜视，双侧"
H49889,"其他麻痹性斜视，未指明的眼睛"
H499,"未指明的麻痹性斜视"
H50,"其他斜视"
H500,"内斜视"
H5000,"未指明的内斜视"
H5001,"单眼内斜视"
H50011,"单眼内斜视，右眼"
H50012,"单眼内斜视，左眼"
H5002,"A 型单眼内斜视"
H50021,"A 型单眼内斜视，右眼"
H50022,"单眼内斜视伴 A 型，左眼"
H5003,"具有 V 型的单眼内斜视"
H50031,"单眼内斜视 V 型，右眼"
H50032,"单眼内斜视 V 型，左眼"
H5004,"单眼内斜视伴有其他非同性"
H50041,"单眼内斜视伴有其他非闭合性，右眼"
H50042,"单眼内斜视伴有其他不合身，左眼"
H5005,"交替性内斜视"
H5006,"交替性内斜视伴 A 型"
H5007,"交替性内斜视伴 V 型"
H5008,"内斜视与其他非同替"
H501,"外斜视"
H5010,"未指明的外斜视"
H5011,"单眼外斜视"
H50111,"单眼外斜视，右眼"
H50112,"单眼外斜视，左眼"
H5012,"A 型单眼外斜视"
H50121,"A 型单眼外斜视，右眼"
H50122,"A 型单眼外斜视，左眼"
H5013,"具有 V 型的单眼外斜视"
H50131,"单眼外斜视 V 型，右眼"
H50132,"单眼外斜视 V 型，左眼"
H5014,"单眼外斜视伴有其他非同性"
H50141,"单眼外斜视伴有其他非同志，右眼"
H50142,"单眼外斜视伴有其他非同位，左眼"
H5015,"交替性外斜视"
H5016,"交替出现 A 型外斜视"
H5017,"交替出现外斜视与 V 型"
H5018,"交替出现外斜视与其他非同伴"
H502,"垂直斜视"
H5021,"垂直斜视，右眼"
H5022,"垂直斜视，左眼"
H503,"间歇性异位"
H5030,"未指明的间歇性异位"
H5031,"间歇性单眼内斜视"
H50311,"间歇性单眼内斜视，右眼"
H50312,"间歇性单眼内斜视，左眼"
H5032,"间歇替性内斜视"
H5033,"间歇性单眼外斜视"
H50331,"间歇性单眼外斜视，右眼"
H50332,"间歇性单眼外斜视，左眼"
H5034,"间歇替性外斜视"
H504,"其他和未指明的异位"
H5040,"未指明的异位"
H5041,"Cyclotropia （环斜视）"
H50411,"右眼眼斜视"
H50412,"左眼 Cyclotropia"
H5042,"单固定综合征"
H5043,"内斜视的调节成分"
H505,"隐斜视"
H5050,"未指明的异位"
H5051,"食氧"
H5052,"外快感"
H5053,"垂直异突"
H5054,"Cyclophoria （环状）"
H5055,"交替异位"
H506,"机械性斜视"
H5060,"机械性斜视，未指定"
H5061,"布朗氏鞘综合征"
H50611,"布朗氏鞘综合征，右眼"
H50612,"布朗氏鞘综合征，左眼"
H5069,"其他机械性斜视"
H508,"其他特定的斜视"
H5081,"杜安综合征"
H50811,"Duane 综合征，右眼"
H50812,"Duane 综合征，左眼"
H5089,"其他特定的斜视"
H509,"未指明的斜视"
H51,"其他双眼运动障碍"
H510,"共轭凝视麻痹（痉挛）"
H511,"收敛不足和过剩"
H5111,"收敛不足"
H5112,"收敛超额"
H512,"核间性眼肌麻痹"
H5120,"核间性眼肌麻痹，未指明的眼睛"
H5121,"核间性眼肌麻痹，右眼"
H5122,"核间性眼肌麻痹，左眼"
H5123,"双侧核间性眼肌麻痹"
H518,"其他特定的双眼运动障碍"
H519,"未指明的双眼运动障碍"
H52,"屈光和调节障碍"
H520,"?"
H5200,"远视，未指明的眼睛"
H5201,"远视，右眼"
H5202,"远视，左眼"
H5203,"双侧远视"
H521,"近视"
H5210,"近视，未指明的眼睛"
H5211,"近视、右眼"
H5212,"近视、左眼"
H5213,"双侧近视"
H522,"散光"
H5220,"未指明的散光"
H52201,"未指明散光，右眼"
H52202,"未指明散光，左眼"
H52203,"未指定散光，双侧"
H52209,"未指明的散光，未指明的眼睛"
H5221,"不规则散光"
H52211,"不规则散光，右眼"
H52212,"不规则散光，左眼"
H52213,"不规则散光，双侧"
H52219,"不规则散光，不明眼睛"
H5222,"规则散光"
H52221,"规则散光，右眼"
H52222,"规则散光，左眼"
H52223,"规则散光，双侧"
H52229,"规则散光，未指明的眼睛"
H523,"屈光参差 （Anisometropia） 和茴香属 （Aniseikonia）"
H5231,"屈光参差"
H5232,"茴香"
H524,"老花眼"
H525,"调节障碍"
H5251,"内部眼肌麻痹（完全）（总计）"
H52511,"内眼肌麻痹（完全）（全部），右眼"
H52512,"内眼肌麻痹（完全）（全部），左眼"
H52513,"内眼肌麻痹（完全）（全部），双侧"
H52519,"内部眼肌麻痹（完全）（全部），未指定的眼睛"
H5252,"住宿麻痹"
H52521,"住宿麻痹，右眼"
H52522,"住宿麻痹，左眼"
H52523,"双侧住宿麻痹"
H52529,"住宿麻痹，眼球不明"
H5253,"住宿的痉挛"
H52531,"住宿痉挛，右眼"
H52532,"住宿痉挛，左眼"
H52533,"双侧住宿痉挛"
H52539,"住宿痉挛，不明眼神"
H526,"其他屈光障碍"
H527,"未指明的屈光障碍"
H53,"视觉障碍"
H530,"弱视"
H5300,"未指明的弱视"
H53001,"未指明的弱视，右眼"
H53002,"未指明的弱视，左眼"
H53003,"未指明的弱视，双侧"
H53009,"未指定的弱视，未指定的眼睛"
H5301,"剥夺性弱视"
H53011,"剥夺性弱视，右眼"
H53012,"剥夺性弱视，左眼"
H53013,"剥夺性弱视，双侧"
H53019,"剥夺性弱视，未指明的眼睛"
H5302,"屈光性弱视"
H53021,"屈光性弱视，右眼"
H53022,"屈光性弱视，左眼"
H53023,"屈光性弱视，双侧"
H53029,"屈光性弱视，未指明的眼睛"
H5303,"斜视性弱视"
H53031,"斜视弱视，右眼"
H53032,"斜视弱视，左眼"
H53033,"双侧斜视弱视"
H53039,"斜视弱视，未指明的眼睛"
H5304,"疑似弱视"
H53041,"疑似弱视，右眼"
H53042,"疑似弱视，左眼"
H53043,"疑似弱视，双侧"
H53049,"疑似弱视，未指明的眼睛"
H531,"主观视觉障碍"
H5310,"不明主观视觉障碍"
H5311,"日盲症"
H5312,"短暂性视力丧失"
H53121,"一过性视力丧失，右眼"
H53122,"短暂性视力丧失，左眼"
H53123,"双侧短暂性视力丧失"
H53129,"短暂性视力丧失，未指明的眼睛"
H5313,"突然的视力丧失"
H53131,"突然视力丧失，右眼"
H53132,"突然视力丧失，左眼"
H53133,"双侧突发视力丧失"
H53139,"突然视力丧失，眼球不明"
H5314,"视觉不适"
H53141,"视觉不适、右眼"
H53142,"视觉不适、左眼"
H53143,"双侧视觉不适"
H53149,"视觉不适，未指明"
H5315,"形状和大小的视觉扭曲"
H5316,"心理物理视觉障碍"
H5319,"其他主观视觉障碍"
H532,"复视"
H533,"其他和未指明的双眼视觉障碍"
H5330,"未指明的双眼视觉障碍"
H5331,"异常的视网膜对应"
H5332,"与有缺陷的立体视觉融合"
H5333,"无融合的同步视觉感知"
H5334,"抑制双眼视觉"
H534,"视野缺损"
H5340,"未指定的视野缺损"
H5341,"累及中央区的暗点"
H53411,"累及中央区、右眼的暗点"
H53412,"累及中央区、左眼的暗点"
H53413,"累及中央区的暗点，双侧"
H53419,"累及中央区域的暗点，未指明的眼睛"
H5342,"盲点区暗点"
H53421,"右眼盲点区暗点"
H53422,"盲点区暗点，左眼"
H53423,"盲点区暗点，双侧"
H53429,"盲点区暗点，未指定眼"
H5343,"扇形或弧形缺陷"
H53431,"扇形或弧形缺损，右眼"
H53432,"扇形或弧状缺损，左眼"
H53433,"扇形或弧形缺损，双侧"
H53439,"扇形或弧状缺损，未指定的眼"
H5345,"其他局部视野缺损"
H53451,"其他局部视野缺损，右眼"
H53452,"其他局部视野缺损，左眼"
H53453,"其他双侧局部视野缺损"
H53459,"其他局部视野缺损，未指明的眼睛"
H5346,"同侧视野缺损"
H53461,"同源双侧场缺损，右侧"
H53462,"同侧双侧场缺损，左侧"
H53469,"同侧双侧场缺损，未指定侧"
H5347,"异位双侧视野缺损"
H5348,"视野广泛性收缩"
H53481,"视野全身收缩，右眼"
H53482,"视野全身收缩，左眼"
H53483,"视野全身收缩，双侧"
H53489,"视野广泛收缩，未指明的眼睛"
H535,"色觉缺陷"
H5350,"未指明的色觉缺陷"
H5351,"色盲"
H5352,"获得性色觉缺陷"
H5353,"绿色"
H5354,"Protanomaly （丙氨酸瘤）"
H5355,"破伤风"
H5359,"其他色觉缺陷"
H536,"夜盲"
H5360,"未指明的夜盲症"
H5361,"暗适应曲线异常"
H5362,"获得性夜盲症"
H5363,"先天性夜盲症"
H5369,"其他夜盲症"
H537,"视力敏感缺陷"
H5371,"眩光敏感度"
H5372,"对比敏感度受损"
H538,"其他视觉障碍"
H539,"不明视觉障碍"
H54,"失明和视力低下"
H540,"双眼失明"
H540X,"失明，双眼，不同类别级别"
H540X3,"右眼失明，类别 3"
H540X33,"右眼失明 3 类，左眼失明 3 类"
H540X34,"右眼失明 3 类，左眼失明 4 类"
H540X35,"右眼失明 3 类，左眼失明 5 类"
H540X4,"右眼失明，4 类"
H540X43,"右眼失明 4 类，左眼失明 3 类"
H540X44,"右眼失明 4 类，左眼失明 4 类"
H540X45,"右眼失明 4 类，左眼失明 5 类"
H540X5,"右眼失明，第 5 类"
H540X53,"右眼失明 5 类，左眼失明 3 类"
H540X54,"右眼失明 5 类，左眼失明 4 类"
H540X55,"右眼失明 5 类，左眼失明 5 类"
H541,"失明，一只眼睛，另一只眼睛视力低下"
H5410,"失明、一只眼睛、另一只眼视力低下、未指明的眼睛"
H5411,"失明、右眼、左眼视力低下"
H54113,"右眼失明 3 类，左眼视力低下"
H541131,"失明 右眼 3 类，低视力 左眼 1 类"
H541132,"右眼失明 3 类，低视力左眼 2 类"
H54114,"右眼失明 4 类，左眼视力低下"
H541141,"右眼失明 4 类，低视力左眼 1 类"
H541142,"失明 右眼 4 类，低视力 左眼 2 类"
H54115,"右眼失明 5 类，左眼视力低下"
H541151,"右眼失明 5 类，低视力左眼 1 类"
H541152,"失明右眼 5 类，低视力左眼 2 类"
H5412,"失明、左眼、低视力右眼"
H54121,"右眼低视力 1 类，左眼失明"
H541213,"右眼视力低下 1 类，失明 左眼 3 类"
H541214,"低视力右眼 1 类，失明 4 类 左眼"
H541215,"右眼视力低下 1 类，失明 左眼 5 类"
H54122,"右眼低视力 2 类，左眼失明"
H541223,"低视力右眼 2 类，失明 左眼 3 类"
H541224,"右眼视力低下 2 类，失明 左眼 4 类"
H541225,"右眼视力低下 2 类，失明 左眼 5 类"
H542,"双眼视力低下"
H542X,"低视力、双眼、不同类别级别"
H542X1,"低视力，右眼，类别 1"
H542X11,"右眼视力低下 1 类，左眼低视力 1 类"
H542X12,"右眼视力低下 1 类，左眼低视力 2 类"
H542X2,"低视力，右眼，类别 2"
H542X21,"低视力右眼 2 类、低视力左眼 1 类"
H542X22,"低视力右眼 2 类，低视力左眼 2 类"
H543,"不合格的视力丧失，双眼"
H544,"失明，一只眼睛"
H5440,"失明、单眼、未指明的眼睛"
H5441,"失明、右眼、正常视力 左眼"
H54413,"失明，右眼，类别 3"
H54413A,"右眼失明 3 类，左眼视力正常"
H54414,"失明，右眼，类别 4"
H54414A,"右眼失明 4 类，左眼视力正常"
H54415,"失明，右眼，类别 5"
H54415A,"右眼失明 5 类，左眼视力正常"
H5442,"失明、左眼、正常视力 右眼"
H5442A,"失明，左眼，类别 3-5"
H5442A3,"失明 左眼 3 类，正常视力 右眼"
H5442A4,"失明 左眼 4 类，正常视力 右眼"
H5442A5,"失明 左眼 5 类，正常视力 右眼"
H545,"视力低下，一只眼睛"
H5450,"视力低下、单眼、未指明的眼睛"
H5451,"低视力、右眼、正常左眼"
H54511,"低视力，右眼，类别 1-2"
H54511A,"右眼视力低下 1 类，左眼视力正常"
H54512A,"右眼低视力 2 类，正常左眼"
H5452,"低视力、左眼、正常视力右眼"
H5452A,"低视力，左眼，1-2 类"
H5452A1,"左眼视力低下 1 类，右眼视力正常"
H5452A2,"低视力左眼 2 类，正常右眼"
H546,"不合格的视力丧失，一只眼睛"
H5460,"不合格的视力丧失，一只眼睛，未指定"
H5461,"不合格的视力丧失，右眼，正常左眼视力"
H5462,"不合格的视力丧失，左眼，正常视力 右眼"
H547,"不明视力丧失"
H548,"法定失明，如美国所定义"
H55,"眼球震颤和其他不规则的眼球运动"
H550,"眼球震颤"
H5500,"未指明的眼球震颤"
H5501,"先天性眼球震颤"
H5502,"潜伏性眼球震颤"
H5503,"视觉剥夺性眼球震颤"
H5504,"分离性眼球震颤"
H5509,"其他形式的眼球震颤"
H558,"其他不规则的眼球运动"
H5581,"扫视眼球运动不足"
H5582,"缺乏平滑的追求眼球运动"
H5589,"其他不规则的眼球运动"
H57,"其他眼部和附件疾病"
H570,"瞳孔功能异常"
H5700,"不明的瞳孔功能异常"
H5701,"Argyll Robertson 瞳孔，非典型"
H5702,"异质粒体"
H5703,"减数分裂"
H5704,"瞳孔散大"
H5705,"强直瞳孔"
H57051,"强直瞳孔，右眼"
H57052,"强直瞳孔、左眼"
H57053,"强直瞳孔，双侧"
H57059,"强直瞳孔，未指明的眼睛"
H5709,"瞳孔功能的其他异常"
H571,"眼痛"
H5710,"眼痛，未指明的眼睛"
H5711,"眼痛、右眼"
H5712,"眼痛，左眼"
H5713,"双侧眼痛"
H578,"其他特定的眼部和附件疾病"
H5781,"眉毛下垂"
H57811,"眉下垂，右"
H57812,"眉毛上睑下垂，左侧"
H57813,"眉下垂，双侧"
H57819,"眉下垂，未指定"
H5789,"其他特定的眼部和附件疾病"
H579,"未指定的眼和附件疾病"
H59,"术中和术后并发症以及眼和附件疾病，未在其他地方分类"
H590,"白内障手术后的眼部疾病"
H5901,"白内障手术后的角膜病变（大疱性无晶状体）"
H59011,"白内障手术后的角膜病变（大疱性无晶状体），右眼"
H59012,"白内障手术后的角膜病变（大疱性无晶状体），左眼"
H59013,"双侧白内障手术后的角膜病变（大疱性无晶状体）"
H59019,"白内障手术后的角膜病变（大疱性无晶状体），未指明的眼睛"
H5902,"白内障手术后眼睛中的白内障（晶状体）碎片"
H59021,"白内障手术后眼睛的白内障（晶状体）碎片，右眼"
H59022,"白内障手术后眼睛中的白内障（晶状体）碎片，左眼"
H59023,"双侧白内障手术后眼睛中的白内障（晶状体）碎片"
H59029,"白内障手术后眼睛中的白内障（晶状体）碎片，未指定的眼睛"
H5903,"白内障手术后的黄斑囊样水肿"
H59031,"白内障手术后的黄斑囊样水肿，右眼"
H59032,"白内障手术后的黄斑囊样水肿，左眼"
H59033,"双侧白内障手术后的黄斑囊样水肿"
H59039,"白内障手术后的黄斑囊样水肿，未指明的眼睛"
H5909,"白内障手术后的其他眼部疾病"
H59091,"白内障手术后右眼的其他疾病"
H59092,"白内障手术后左眼的其他疾病"
H59093,"双侧白内障手术后的其他眼部疾病"
H59099,"白内障手术后其他未指明眼病"
H591,"术中出血和眼球和附件血肿使手术复杂化"
H5911,"术中出血和眼部和附件血肿使眼科手术复杂化"
H59111,"术中出血和右眼和附件血肿使眼科手术复杂化"
H59112,"术中出血和左眼和附件血肿使眼科手术复杂化"
H59113,"眼内出血和眼及附件血肿并发眼科手术，双侧"
H59119,"未指明的眼睛和附件的术中出血和血肿使眼科手术复杂化"
H5912,"术中出血和眼及附件血肿使其他手术复杂化"
H59121,"术中出血和右眼和附件血肿使其他手术复杂化"
H59122,"术中出血和左眼血肿和附件使其他手术复杂化"
H59123,"术中出血和眼部血肿和附件血肿并发其他手术，双侧"
H59129,"未指定眼睛的术中出血和血肿以及附件使其他手术复杂化"
H592,"手术过程中眼睛和附件的意外穿刺和撕裂伤"
H5921,"眼科手术期间眼睛和附件的意外穿刺和撕裂伤"
H59211,"眼科手术期间右眼和附件的意外穿刺和撕裂伤"
H59212,"眼科手术期间左眼和附件的意外穿刺和撕裂伤"
H59213,"眼科手术期间眼睛和附件的意外穿刺和撕裂伤，双侧"
H59219,"眼科手术期间未指明的眼睛和附件的意外穿刺和撕裂伤"
H5922,"在其他手术中意外穿刺和撕裂眼睛和附件"
H59221,"在其他手术中右眼和附件意外穿刺和撕裂伤"
H59222,"在其他手术中左眼和附件意外穿刺和撕裂伤"
H59223,"在其他手术中眼睛和附件的意外穿刺和撕裂伤，双侧"
H59229,"在其他手术中意外穿刺和撕裂不明的眼睛和附件"
H593,"术后出血、血肿和眼及附件血清肿"
H5931,"眼科手术后眼和附件出血"
H59311,"眼科手术后右眼和附件术后出血"
H59312,"眼科手术后左眼和附件术后出血"
H59313,"眼科手术后眼和附件术后出血，双侧"
H59319,"眼科手术后未指明的眼睛和附件术后出血"
H5932,"其他手术后眼和附件术后出血"
H59321,"其他手术后右眼和附件术后出血"
H59322,"其他手术后左眼和附件术后出血"
H59323,"其他手术后眼和附件术后出血，双侧"
H59329,"其他手术后未指定眼和附件的术后出血"
H5933,"眼科手术后眼和附件血肿"
H59331,"眼科手术后右眼和附件的术后血肿"
H59332,"眼科手术后左眼和附件血肿"
H59333,"眼科手术后眼部和附件术后血肿，双侧"
H59339,"眼科手术后未指明的眼睛和附件的术后血肿"
H5934,"其他手术后眼和附件术后血肿"
H59341,"其他手术后右眼和附件术后血肿"
H59342,"其他手术后左眼和附件的术后血肿"
H59343,"其他手术后眼和附件术后血肿，双侧"
H59349,"其他手术后未指定眼和附件的术后血肿"
H5935,"眼科手术后眼和附件的术后血清肿"
H59351,"眼科手术后右眼和附件的术后血清肿"
H59352,"眼科手术后左眼和附件的术后血清肿"
H59353,"眼科手术后眼和附件术后血清肿，双侧"
H59359,"眼科手术后未指定眼和附件的术后血清肿"
H5936,"其他手术后眼和附件的术后血清肿"
H59361,"其他手术后右眼和附件的术后血清肿"
H59362,"其他手术后左眼和附件的术后血清肿"
H59363,"其他手术后眼和附件术后血清肿，双侧"
H59369,"其他手术后未指定眼和附件的术后血清肿"
H594,"术后水泡的炎症（感染）"
H5940,"术后水泡的炎症（感染），未指定"
H5941,"术后水泡的炎症（感染），1 期"
H5942,"术后水泡的炎症（感染），2 期"
H5943,"术后水泡的炎症（感染），第 3 阶段"
H598,"其他术中和术后并发症以及眼部和附件疾病，未在其他地方分类"
H5981,"脱离手术后的脉络膜视网膜瘢痕"
H59811,"右眼脱离手术后的脉络膜视网膜疤痕"
H59812,"脱离手术后的脉络膜视网膜疤痕，左眼"
H59813,"脱离手术后的脉络膜视网膜瘢痕，双侧"
H59819,"脱离手术后脉络膜视网膜瘢痕，未指明的眼睛"
H5988,"眼和附件的其他术中并发症，未在其他地方分类"
H5989,"其他术后并发症和眼部和附件疾病，未在其他地方分类"
H60,"外耳炎"
H600,"外耳脓肿"
H6000,"外耳脓肿，未指明的耳朵"
H6001,"右外耳脓肿"
H6002,"左外耳脓肿"
H6003,"双侧外耳脓肿"
H601,"外耳蜂窝织炎"
H6010,"外耳蜂窝织炎，未指明的耳朵"
H6011,"右外耳蜂窝织炎"
H6012,"左外耳蜂窝织炎"
H6013,"双侧外耳蜂窝织炎"
H602,"恶性外耳道炎"
H6020,"恶性外耳炎，未指明的耳"
H6021,"恶性外耳道炎，右耳"
H6022,"恶性外耳道炎，左耳"
H6023,"双侧恶性外耳道炎"
H603,"其他感染性外耳道炎"
H6031,"弥漫性外耳道炎"
H60311,"弥漫性外耳道炎，右耳"
H60312,"弥漫性外耳道炎，左耳"
H60313,"双侧弥漫性外耳道炎"
H60319,"弥漫性外耳炎，未指明的耳"
H6032,"出血性外耳道炎"
H60321,"出血性外耳道炎，右耳"
H60322,"出血性外耳道炎，左耳"
H60323,"双侧出血性外耳道炎"
H60329,"出血性外耳道炎，未指明的耳"
H6033,"游泳者耳"
H60331,"游泳者耳、右耳"
H60332,"游泳者耳、左耳"
H60333,"游泳者耳，双侧"
H60339,"游泳者耳，未指明的耳朵"
H6039,"其他感染性外耳道炎"
H60391,"其他感染性外耳道炎、右耳"
H60392,"其他感染性外耳道炎，左耳"
H60393,"其他感染性双侧外耳道炎"
H60399,"其他感染性外耳道炎，未指明的耳"
H604,"外耳胆脂瘤"
H6040,"外耳胆脂瘤，未指明的耳朵"
H6041,"右外耳胆脂瘤"
H6042,"左外耳胆脂瘤"
H6043,"双侧外耳胆脂瘤"
H605,"急性非感染性外耳道炎"
H6050,"未分类的急性非感染性外耳道炎"
H60501,"未分类的急性非感染性外耳道炎，右耳"
H60502,"未分类的急性非感染性外耳道炎，左耳"
H60503,"未分类的急性非感染性外耳道炎，双侧"
H60509,"未分类的急性非感染性外耳道炎，未分类的耳"
H6051,"急性光化性外耳道炎"
H60511,"急性光化性外耳道炎，右耳"
H60512,"急性光化性外耳道炎，左耳"
H60513,"急性光化性外耳道炎，双侧"
H60519,"急性光化性外耳道炎，未指明的耳"
H6052,"急性化学性外耳道炎"
H60521,"急性化学性外耳道炎，右耳"
H60522,"急性化学性外耳道炎，左耳"
H60523,"急性外耳道炎，双侧"
H60529,"急性外化学性中耳炎，耳未明"
H6053,"急性接触性外耳道炎"
H60531,"急性接触性外耳道炎，右耳"
H60532,"急性接触性外耳道炎，左耳"
H60533,"急性接触性外耳道炎，双侧"
H60539,"急性接触性外耳道炎，未指明的耳"
H6054,"急性湿疹样中耳炎"
H60541,"急性湿疹样中耳炎，右耳"
H60542,"急性湿疹样中耳炎，左耳"
H60543,"急性湿疹样外耳道炎，双侧"
H60549,"急性湿疹样耳道炎，耳不明"
H6055,"急性反应性外耳道炎"
H60551,"急性反应性外耳道炎，右耳"
H60552,"急性反应性外耳道炎，左耳"
H60553,"急性反应性外耳道炎，双侧"
H60559,"急性反应性外耳道炎，未指明的耳"
H6059,"其他非感染性急性外耳道炎"
H60591,"其他非感染性急性外耳道炎，右耳"
H60592,"其他非感染性急性外耳道炎，左耳"
H60593,"其他非感染性急性外耳道炎，双侧"
H60599,"其他非感染性急性外耳道炎，未指明的耳"
H606,"未指明的慢性外耳道炎"
H6060,"未指明的慢性外耳道炎，未指明的耳"
H6061,"未指明的慢性外耳道炎，右耳"
H6062,"未指明的慢性外耳道炎，左耳"
H6063,"未分类的慢性外耳道炎，双侧"
H608,"其他外耳道炎"
H608X,"其他外耳道炎"
H608X1,"其他外耳道炎、右耳"
H608X2,"其他外耳道炎、左耳"
H608X3,"其他双侧外耳道炎"
H608X9,"其他外耳道炎，未指明的耳"
H609,"未指明的外耳道炎"
H6090,"未指明的外耳炎，未指明的耳"
H6091,"未指明的外耳道炎，右耳"
H6092,"未指明的外耳道炎，左耳"
H6093,"未分类的双侧外耳道炎"
H61,"外耳的其他疾病"
H610,"外耳软骨炎和软骨膜炎"
H6100,"未分类的外耳软骨膜炎"
H61001,"未分类的右外耳软骨膜炎"
H61002,"未指明的左外耳软骨膜炎"
H61003,"未分类的外耳软骨膜炎，双侧"
H61009,"未指定的外耳软骨膜炎，未指定的耳朵"
H6101,"外耳急性软骨炎"
H61011,"右外耳急性软骨膜炎"
H61012,"左外耳急性软骨炎"
H61013,"急性外耳软骨炎，双侧"
H61019,"外耳急性软骨膜炎，未指定耳"
H6102,"外耳慢性软骨膜炎"
H61021,"右外耳慢性软骨膜炎"
H61022,"左外耳慢性软骨膜炎"
H61023,"慢性外耳软骨炎，双侧"
H61029,"外耳慢性软骨膜炎，未指明的耳朵"
H6103,"外耳软骨炎"
H61031,"右外耳软骨炎"
H61032,"左外耳软骨炎"
H61033,"双侧外耳软骨炎"
H61039,"外耳软骨炎，未指明的耳朵"
H611,"耳廓的非感染性疾病"
H6110,"未特指的耳廓非感染性疾病"
H61101,"未特异的非感染性耳廓、右耳疾病"
H61102,"未特指的耳廓、左耳非感染性疾病"
H61103,"未分类的非感染性耳廓疾病，双侧"
H61109,"未指明的耳廓非感染性疾病，未指明的耳"
H6111,"耳廓获得性畸形"
H61111,"耳廓、右耳获得性畸形"
H61112,"耳廓、左耳获得性畸形"
H61113,"双侧耳廓获得性畸形"
H61119,"耳廓获得性畸形，耳不明"
H6112,"耳廓血肿"
H61121,"耳廓血肿，右耳"
H61122,"耳廓血肿，左耳"
H61123,"双侧耳廓血肿"
H61129,"耳廓血肿，未指明的耳朵"
H6119,"耳廓的其他非感染性疾病"
H61191,"耳廓、右耳的非感染性疾病"
H61192,"耳廓、左耳的非感染性疾病"
H61193,"非感染性耳廓疾病，双侧"
H61199,"耳廓非感染性疾病，未指明的耳"
H612,"耵聍栓塞"
H6120,"耵聍阻生，未指明的耳"
H6121,"右耳耵聍阻生"
H6122,"左耳耵聍阻生"
H6123,"双侧耵聍嵌塞"
H613,"外耳道获得性狭窄"
H6130,"外耳道获得性狭窄，未指定"
H61301,"右外耳道获得性狭窄，未明确"
H61302,"左外耳道获得性狭窄，未指定"
H61303,"外耳道获得性狭窄，未指明，双侧"
H61309,"外耳道获得性狭窄，未指定、未指定耳"
H6131,"继发于外伤的外耳道获得性狭窄"
H61311,"继发于外伤的右外耳道获得性狭窄"
H61312,"继发于外伤的左外耳道获得性狭窄"
H61313,"继发于外伤的外耳道获得性狭窄，双侧"
H61319,"继发于外伤的外耳道获得性狭窄，未指明的耳朵"
H6132,"继发于炎症和感染的外耳道获得性狭窄"
H61321,"继发于炎症和感染的右外耳道获得性狭窄"
H61322,"继发于炎症和感染的左外耳道获得性狭窄"
H61323,"继发于炎症和感染的外耳道获得性狭窄，双侧"
H61329,"继发于炎症和感染的外耳道获得性狭窄，未分明的耳朵"
H6139,"其他获得性外耳道狭窄"
H61391,"其他获得性右外耳道狭窄"
H61392,"其他获得性左外耳道狭窄"
H61393,"其他获得性外耳道狭窄，双侧"
H61399,"其他获得性外耳道狭窄，未指明的耳朵"
H618,"其他特定的外耳疾病"
H6181,"外半规管外生骨疣"
H61811,"右外半规管外生骨疣"
H61812,"左外半规管外生骨疣"
H61813,"双侧外半规管外生骨疣"
H61819,"外耳道外生骨疣，未指明的耳朵"
H6189,"其他特定的外耳疾病"
H61891,"其他特定的右外耳疾病"
H61892,"其他特定的左外耳疾病"
H61893,"其他特定的外耳疾病，双侧"
H61899,"其他特定的外耳疾病，未指定的耳朵"
H619,"外耳疾病，未指定"
H6190,"外耳疾病、未指定、未指定耳"
H6191,"右外耳疾病，未指明"
H6192,"左外耳疾病，未指定"
H6193,"外耳疾病，未指明，双侧"
H62,"其他分类疾病中的外耳疾病"
H624,"其他分类疾病中的外耳道炎"
H6240,"其他分类疾病中的外耳道炎，未分类的耳"
H6241,"其他分类疾病中的外耳道炎，右耳"
H6242,"其他分类疾病中的外耳道炎，左耳"
H6243,"其他分类疾病中的外耳道炎，双侧"
H628,"其他分类疾病中的外耳疾病"
H628X,"其他分类疾病中的外耳疾病"
H628X1,"其他分类疾病中的右外耳疾病"
H628X2,"其他分类疾病中的左外耳疾病"
H628X3,"其他分类为双侧疾病的外耳疾病"
H628X9,"其他分类疾病中的外耳疾病，未指定的耳"
H65,"非化脓性中耳炎"
H650,"急性浆液性中耳炎"
H6500,"急性浆液性中耳炎，未指明的耳"
H6501,"急性浆液性中耳炎，右耳"
H6502,"急性浆液性中耳炎，左耳"
H6503,"急性浆液性中耳炎，双侧"
H6504,"急性浆液性中耳炎，复发性，右耳"
H6505,"急性浆液性中耳炎，复发性，左耳"
H6506,"急性浆液性中耳炎，复发性，双侧"
H6507,"急性浆液性中耳炎，复发性，未指明的耳"
H651,"其他急性非化脓性中耳炎"
H6511,"急性和亚急性过敏性中耳炎（粘液性）（血性）（浆液性）"
H65111,"急性和亚急性过敏性中耳炎（粘液性）（血性）（浆液性）、右耳"
H65112,"急性和亚急性过敏性中耳炎（粘液性）（血性）（浆液性），左耳"
H65113,"急性和亚急性过敏性中耳炎（粘液性）（血性）（浆液性），双侧"
H65114,"急性和亚急性过敏性中耳炎（粘液性）（血性）（浆液性），复发性，右耳"
H65115,"急性和亚急性过敏性中耳炎（粘液性）（血性）（浆液性），复发性，左耳"
H65116,"急性和亚急性过敏性中耳炎（粘液性）（血性）（浆液性）、复发性、双侧"
H65117,"急性和亚急性过敏性中耳炎（粘液性）（血性）（浆液性）、复发性、未指明的耳"
H65119,"急性和亚急性过敏性中耳炎（粘液性）（血性）（浆液性），未指明的耳"
H6519,"其他急性非化脓性中耳炎"
H65191,"其他急性非化脓性中耳炎，右耳"
H65192,"其他急性非化脓性中耳炎，左耳"
H65193,"其他急性非化脓性中耳炎，双侧"
H65194,"其他急性非化脓性中耳炎，复发性，右耳"
H65195,"其他急性非化脓性中耳炎，复发性，左耳"
H65196,"其他急性非化脓性中耳炎，复发性，双侧"
H65197,"其他急性非化脓性中耳炎 复发性、未指定耳"
H65199,"其他急性非化脓性中耳炎，未指明的耳"
H652,"慢性浆液性中耳炎"
H6520,"慢性浆液性中耳炎，未指明的耳"
H6521,"慢性浆液性中耳炎，右耳"
H6522,"慢性浆液性中耳炎，左耳"
H6523,"慢性浆液性中耳炎，双侧"
H653,"慢性粘液样中耳炎"
H6530,"慢性粘液样中耳炎，未指明的耳"
H6531,"慢性粘液样中耳炎，右耳"
H6532,"慢性粘液样中耳炎，左耳"
H6533,"慢性粘液样中耳炎，双侧"
H654,"其他慢性非化脓性中耳炎"
H6541,"慢性过敏性中耳炎"
H65411,"慢性过敏性中耳炎，右耳"
H65412,"慢性过敏性中耳炎，左耳"
H65413,"慢性过敏性中耳炎，双侧"
H65419,"慢性过敏性中耳炎，未指定耳"
H6549,"其他慢性非化脓性中耳炎"
H65491,"其他慢性非化脓性中耳炎，右耳"
H65492,"其他慢性非化脓性中耳炎，左耳"
H65493,"其他慢性非化脓性中耳炎，双侧"
H65499,"其他慢性非化脓性中耳炎，未指定耳"
H659,"未指明的非化脓性中耳炎"
H6590,"未指明的非化脓性中耳炎，未指明的耳"
H6591,"未指明的非化脓性中耳炎，右耳"
H6592,"未指明的非化脓性中耳炎，左耳"
H6593,"未分类的非化脓性中耳炎，双侧"
H66,"化脓性和未指明的中耳炎"
H660,"急性化脓性中耳炎"
H6600,"无鼓膜自发性破裂的急性化脓性中耳炎"
H66001,"无鼓膜自发性破裂的急性化脓性中耳炎，右耳"
H66002,"无鼓膜自发性破裂的急性化脓性中耳炎，左耳"
H66003,"无鼓膜自发性破裂的急性化脓性中耳炎，双侧"
H66004,"急性化脓性中耳炎，无鼓膜自发性破裂，复发性，右耳"
H66005,"急性化脓性中耳炎，无鼓膜自发性破裂，复发性，左耳"
H66006,"无鼓膜自发性破裂的急性化脓性中耳炎，复发性，双侧"
H66007,"无鼓膜自发性破裂的急性化脓性中耳炎，复发性、未指定耳"
H66009,"无鼓膜自发性破裂的急性化脓性中耳炎，未指明的耳"
H6601,"急性化脓性中耳炎伴鼓膜自发性破裂"
H66011,"急性化脓性中耳炎伴鼓膜自发破裂，右耳"
H66012,"急性化脓性中耳炎伴鼓膜自发性破裂，左耳"
H66013,"急性化脓性中耳炎伴鼓膜自发性破裂，双侧"
H66014,"急性化脓性中耳炎伴鼓膜自发破裂，复发性，右耳"
H66015,"急性化脓性中耳炎伴鼓膜自发破裂，复发性，左耳"
H66016,"急性化脓性中耳炎伴鼓膜自发性破裂、复发性、双侧"
H66017,"急性化脓性中耳炎伴鼓膜自发性破裂，复发性、未指定耳"
H66019,"急性化脓性中耳炎伴鼓膜自发性破裂，未指明的耳"
H661,"慢性输卵管鼓室化脓性中耳炎"
H6610,"慢性输卵管炎化脓性中耳炎，未指定"
H6611,"慢性输卵管鼓室化脓性中耳炎，右耳"
H6612,"慢性输卵管炎化脓性中耳炎，左耳"
H6613,"慢性输卵管鼓室化脓性中耳炎，双侧"
H662,"慢性小窦窦化脓性中耳炎"
H6620,"慢性小窦窦化脓性中耳炎，未指明的耳"
H6621,"慢性小窦顶脓性中耳炎，右耳"
H6622,"慢性小窦脓性中耳炎，左耳"
H6623,"慢性泪窦脓性中耳炎，双侧"
H663,"其他慢性化脓性中耳炎"
H663X,"其他慢性化脓性中耳炎"
H663X1,"其他慢性化脓性中耳炎，右耳"
H663X2,"其他慢性化脓性中耳炎，左耳"
H663X3,"其他慢性化脓性中耳炎，双侧"
H663X9,"其他慢性化脓性中耳炎，未指定耳"
H664,"化脓性中耳炎，未指定"
H6640,"化脓性中耳炎，未指定，未指定耳"
H6641,"化脓性中耳炎，未指定，右耳"
H6642,"化脓性中耳炎，未指定，左耳"
H6643,"化脓性中耳炎，未指定，双侧"
H669,"中耳炎，未指定"
H6690,"中耳炎，未指定，未指定耳"
H6691,"中耳炎，未指明，右耳"
H6692,"中耳炎，未指定，左耳"
H6693,"中耳炎，未指明，双侧"
H67,"其他分类疾病中的中耳炎"
H671,"其他分类疾病中的中耳炎，右耳"
H672,"其他分类疾病中的中耳炎，左耳"
H673,"其他分类疾病中的中耳炎，双侧"
H679,"其他分类疾病中的中耳炎，未指明的耳部"
H68,"咽鼓管输卵管炎和梗阻"
H680,"咽鼓管输卵管炎"
H6800,"未分类的咽鼓管输卵管炎"
H68001,"未指明的咽鼓管输卵管炎，右耳"
H68002,"未指明的咽鼓管输卵管炎，左耳"
H68003,"未指明的咽鼓管输卵管炎，双侧"
H68009,"未指明的咽鼓管输卵管炎，未指明的耳"
H6801,"急性咽鼓管输卵管炎"
H68011,"急性咽鼓管输卵管炎，右耳"
H68012,"急性咽鼓管输卵管炎，左耳"
H68013,"急性咽鼓管输卵管炎，双侧"
H68019,"急性咽鼓管输卵管炎，未指明的耳"
H6802,"慢性咽鼓管输卵管炎"
H68021,"慢性咽鼓输卵管炎，右耳"
H68022,"慢性咽鼓管输卵管炎，左耳"
H68023,"慢性咽鼓管输卵管炎，双侧"
H68029,"慢性咽鼓管输卵管炎，未指明的耳"
H681,"咽鼓管阻塞"
H6810,"不明原因的咽鼓管阻塞"
H68101,"不明原因的咽鼓管阻塞、右耳"
H68102,"未指明的咽鼓管阻塞、左耳"
H68103,"未指明的咽鼓管阻塞，双侧"
H68109,"咽鼓管阻塞不明，耳不明"
H6811,"咽鼓管骨阻塞"
H68111,"咽鼓管骨阻塞，右耳"
H68112,"咽鼓管骨阻塞，左耳"
H68113,"咽鼓管骨性梗阻，双侧"
H68119,"咽鼓管骨性阻塞，耳不明"
H6812,"咽鼓管内源性软骨阻塞"
H68121,"咽鼓管、右耳内源性软骨阻塞"
H68122,"咽鼓管、左耳内源性软骨阻塞"
H68123,"咽鼓管内源性软骨阻塞，双侧"
H68129,"咽鼓管内侧软骨阻塞，耳不明"
H6813,"咽鼓管外源性软骨阻塞"
H68131,"咽鼓管、右耳外源性软骨阻塞"
H68132,"咽鼓管外源性软骨阻塞，左耳"
H68133,"咽鼓管外源性软骨阻塞，双侧"
H68139,"咽鼓管外源性软骨阻塞，耳未明"
H69,"咽鼓管的其他和未指明的疾病"
H690,"粗壮的咽鼓管"
H6900,"粗壮的咽鼓管，未指明的耳朵"
H6901,"咽鼓管 （Patulous 咽鼓管），右耳"
H6902,"粗咽鼓管，左耳"
H6903,"双侧咽鼓管"
H698,"咽鼓管的其他特定疾病"
H6980,"咽鼓管的其他特定疾病，未指定的耳"
H6981,"咽鼓管、右耳的其他特定疾病"
H6982,"咽鼓管、左耳的其他特定疾病"
H6983,"其他指定的咽鼓管疾病，双侧"
H699,"未指明的咽鼓管疾病"
H6990,"未指明的咽鼓管疾病，未指明的耳朵"
H6991,"未指明的咽鼓管疾病，右耳"
H6992,"未指明的咽鼓管疾病，左耳"
H6993,"未指明的咽鼓管疾病，双侧"
H70,"乳突炎和相关疾病"
H700,"急性乳突炎"
H7000,"无并发症的急性乳突炎"
H70001,"无并发症的急性乳突炎，右耳"
H70002,"无并发症的急性乳突炎，左耳"
H70003,"无并发症的急性乳突炎，双侧"
H70009,"无并发症的急性乳突炎，耳未明"
H7001,"乳突骨膜下脓肿"
H70011,"乳突骨膜下脓肿，右耳"
H70012,"乳突骨膜下脓肿，左耳"
H70013,"乳突骨膜下脓肿，双侧"
H70019,"乳突骨膜下脓肿，未指明的耳"
H7009,"急性乳突炎伴其他并发症"
H70091,"急性乳突炎伴其他并发症，右耳"
H70092,"急性乳突炎伴其他并发症，左耳"
H70093,"急性乳突炎伴其他并发症，双侧"
H70099,"急性乳突炎伴有其他并发症，未指明的耳"
H701,"慢性乳突炎"
H7010,"慢性乳突炎，未分明的耳"
H7011,"慢性乳突炎，右耳"
H7012,"慢性乳突炎，左耳"
H7013,"慢性乳突炎，双侧"
H702,"岩炎"
H7020,"未分类的岩炎"
H70201,"未分类的岩炎，右耳"
H70202,"未指明的岩叶炎，左耳"
H70203,"未指明的岩炎，双侧"
H70209,"未指明的岩炎、未指明的耳朵"
H7021,"急性岩炎"
H70211,"急性岩炎，右耳"
H70212,"急性岩炎，左耳"
H70213,"急性岩炎，双侧"
H70219,"急性岩炎，未指明的耳"
H7022,"慢性岩炎"
H70221,"慢性岩炎，右耳"
H70222,"慢性岩炎，左耳"
H70223,"慢性岩炎，双侧"
H70229,"慢性岩炎，未指明的耳"
H708,"其他乳突炎和相关疾病"
H7081,"耳后瘘"
H70811,"耳后瘘、右耳"
H70812,"耳后瘘、左耳"
H70813,"双侧耳后瘘"
H70819,"耳后瘘，未指明的耳朵"
H7089,"其他乳突炎和相关疾病"
H70891,"其他乳突炎及相关疾病，右耳"
H70892,"其他乳突炎及相关疾病，左耳"
H70893,"其他乳突炎及相关疾病，双侧"
H70899,"其他乳突炎及相关疾病，未指明的耳部"
H709,"未指明的乳突炎"
H7090,"未指明的乳突炎，未指明的耳朵"
H7091,"未分类的乳突炎，右耳"
H7092,"未分类的乳突炎，左耳"
H7093,"未分类的乳突炎，双侧"
H71,"中耳胆脂瘤"
H710,"阁楼胆脂瘤"
H7100,"阁楼胆脂瘤，未指明的耳"
H7101,"阁楼胆脂瘤，右耳"
H7102,"阁楼胆脂瘤，左耳"
H7103,"阁楼胆脂瘤，双侧"
H711,"鼓室胆脂瘤"
H7110,"鼓室胆脂瘤，未指明的耳"
H7111,"鼓室胆脂瘤，右耳"
H7112,"鼓室胆脂瘤，左耳"
H7113,"双侧鼓室胆脂瘤"
H712,"乳突胆脂瘤"
H7120,"乳突胆脂瘤，未指明的耳"
H7121,"乳突胆脂瘤，右耳"
H7122,"乳突胆脂瘤，左耳"
H7123,"双侧乳突胆管胆脂瘤"
H713,"弥漫性胆脂变性"
H7130,"弥漫性胆脂变性，未分明的耳"
H7131,"弥漫性胆脂变性，右耳"
H7132,"弥漫性胆脂变性，左耳"
H7133,"弥漫性胆脂变性，双侧"
H719,"未指明的胆脂瘤"
H7190,"未指明的胆脂瘤，未指明的耳朵"
H7191,"未指明的胆脂瘤，右耳"
H7192,"未指明的胆脂瘤，左耳"
H7193,"未指明的双侧胆脂瘤"
H72,"鼓膜穿孔"
H720,"鼓膜中央穿孔"
H7200,"鼓膜中央穿孔，未分明的耳"
H7201,"右耳鼓膜中央穿孔"
H7202,"左耳鼓膜中央穿孔"
H7203,"双侧鼓膜中央穿孔"
H721,"鼓膜阁楼穿孔"
H7210,"鼓膜阁楼穿孔，耳不明"
H7211,"右耳鼓膜阁楼穿孔"
H7212,"鼓膜、左耳阁骨穿孔"
H7213,"双侧鼓膜阁楼穿孔"
H722,"鼓膜的其他边缘穿孔"
H722X,"鼓膜的其他边缘穿孔"
H722X1,"鼓膜、右耳的其他边缘穿孔"
H722X2,"鼓膜、左耳的其他边缘穿孔"
H722X3,"双侧鼓膜的其他边缘穿孔"
H722X9,"鼓膜的其他边缘穿孔，未指明的耳朵"
H728,"鼓膜的其他穿孔"
H7281,"鼓膜多发穿孔"
H72811,"右耳鼓膜多发穿孔"
H72812,"鼓膜、左耳多处穿孔"
H72813,"双侧鼓膜多发穿孔"
H72819,"鼓膜多处穿孔，耳未明"
H7282,"鼓膜完全穿孔"
H72821,"右耳鼓膜完全穿孔"
H72822,"左耳鼓膜全穿孔"
H72823,"双侧鼓膜全穿孔"
H72829,"鼓膜完全穿孔，未指明的耳"
H729,"未指明的鼓膜穿孔"
H7290,"未指定的鼓膜穿孔，未指定的耳朵"
H7291,"不明原因的鼓膜穿孔，右耳"
H7292,"未指明的鼓膜穿孔，左耳"
H7293,"未指明的鼓膜穿孔，双侧"
H73,"鼓膜的其他疾病"
H730,"急性鼓膜炎"
H7300,"未分类的急性鼓膜炎"
H73001,"急性鼓膜炎，右耳"
H73002,"急性鼓膜炎，左耳"
H73003,"急性鼓膜炎，双侧"
H73009,"急性鼓膜炎，未指明的耳"
H7301,"大疱性鼓膜炎"
H73011,"大疱性鼓膜炎，右耳"
H73012,"大疱性鼓膜炎，左耳"
H73013,"双侧大疱性鼓膜炎"
H73019,"大疱性鼓膜炎，未指明的耳"
H7309,"其他急性鼓膜炎"
H73091,"其他急性鼓膜炎、右耳"
H73092,"其他急性鼓膜炎、左耳"
H73093,"其他急性鼓膜炎，双侧"
H73099,"其他急性鼓膜炎，未指明的耳"
H731,"慢性鼓膜炎"
H7310,"慢性鼓膜炎，未指明的耳"
H7311,"慢性鼓膜炎，右耳"
H7312,"慢性鼓膜炎，左耳"
H7313,"慢性鼓膜炎，双侧"
H732,"未分类的鼓膜炎"
H7320,"未指定的鼓膜炎、未指定的耳"
H7321,"未分类的鼓膜炎，右耳"
H7322,"未指明的鼓膜炎，左耳"
H7323,"未分类的鼓膜炎，双侧"
H738,"其他特定的鼓膜疾病"
H7381,"萎缩性弛缓性鼓膜"
H73811,"萎缩性弛缓性鼓膜，右耳"
H73812,"萎缩性弛缓性鼓膜，左耳"
H73813,"萎缩性弛缓性鼓膜，双侧"
H73819,"萎缩性弛缓性鼓膜，耳不明"
H7382,"萎缩性非弛缓性鼓膜"
H73821,"萎缩性非松弛性鼓膜，右耳"
H73822,"萎缩性非松弛性鼓膜，左耳"
H73823,"萎缩性非弛缓性鼓膜，双侧"
H73829,"萎缩性非松弛性鼓膜，耳不明"
H7389,"其他特定的鼓膜疾病"
H73891,"其他特定的鼓膜、右耳疾病"
H73892,"其他特定的鼓膜、左耳疾病"
H73893,"其他指定的双侧鼓膜疾病"
H73899,"其他特定的鼓膜疾病，未指定的耳朵"
H739,"未指定的鼓膜疾病"
H7390,"未指定的鼓膜疾病，未指定的耳朵"
H7391,"未指定的鼓膜、右耳疾病"
H7392,"未指定的鼓膜、左耳疾病"
H7393,"未指定的鼓膜疾病，双侧"
H74,"中耳乳突的其他疾病"
H740,"鼓室硬化"
H7401,"鼓室硬化，右耳"
H7402,"鼓室硬化、左耳"
H7403,"双侧鼓室硬化"
H7409,"鼓室硬化，未指明的耳朵"
H741,"粘连性中耳病"
H7411,"粘连性右中耳病"
H7412,"粘连性左中耳病"
H7413,"粘连性中耳病，双侧"
H7419,"粘连性中耳病，未分明的耳朵"
H742,"耳小骨不连续和脱位"
H7420,"耳小骨不连续和脱位，未指明的耳朵"
H7421,"右耳听小骨不连续和脱位"
H7422,"左耳听小骨不连续和脱位"
H7423,"双侧耳小骨不连续和脱位"
H743,"耳小骨的其他获得性异常"
H7431,"耳小骨强直"
H74311,"右耳听小骨强直"
H74312,"耳小骨强直，左耳"
H74313,"双侧耳小骨强直"
H74319,"耳小骨强直，未指明的耳"
H7432,"耳小骨部分丢失"
H74321,"右耳小骨部分缺失"
H74322,"左耳小骨部分缺失"
H74323,"双侧耳小骨部分缺失"
H74329,"耳小骨部分缺失，未指明的耳朵"
H7439,"耳小骨的其他获得性异常"
H74391,"右耳听小骨的其他获得性异常"
H74392,"左耳听小骨的其他获得性异常"
H74393,"双侧耳小骨的其他获得性异常"
H74399,"耳小骨的其他获得性异常，未指明的耳朵"
H744,"中耳息肉"
H7440,"中耳息肉，未指明的耳朵"
H7441,"右中耳息肉"
H7442,"左中耳息肉"
H7443,"双侧中耳息肉"
H748,"其他特定的中耳和乳突疾病"
H748X,"其他特定的中耳和乳突疾病"
H748X1,"其他特定的右中耳和乳突疾病"
H748X2,"其他特定的左中耳和乳突疾病"
H748X3,"其他指定的中耳和乳突疾病，双侧"
H748X9,"其他特定的中耳和乳突疾病，未指定的耳"
H749,"未指定的中耳和乳突疾病"
H7490,"未指定的中耳和乳突疾病，未指定的耳朵"
H7491,"未指明的右中耳和乳突疾病"
H7492,"未指定的左中耳和乳突疾病"
H7493,"未指明的中耳和乳突疾病，双侧"
H75,"其他分类的中耳和乳突疾病"
H750,"感染性疾病和寄生虫病中的乳突炎分类"
H7500,"感染性疾病和寄生虫病中的乳突炎在别处分类，未指明的耳"
H7501,"感染性疾病和寄生虫病中的乳突炎在其他地方分类，右耳"
H7502,"感染性疾病和寄生虫病中的乳突炎在其他部位分类，左耳"
H7503,"感染性疾病和寄生虫病中的乳突炎，双侧"
H758,"其他分类疾病中的中耳和乳突疾病"
H7580,"其他分类疾病中耳和乳突的疾病，未指定的耳"
H7581,"其他分类疾病中右中耳和乳突的特定疾病"
H7582,"其他分类疾病中左中耳和乳突的其他特定疾病"
H7583,"其他分类为双侧疾病的中耳和乳突疾病"
H80,"耳硬化症"
H800,"累及椭圆形窗的耳硬化症，非闭塞性"
H8000,"耳硬化症累及椭圆形窗、非闭塞性、未指明的耳"
H8001,"累及椭圆形窗、非闭塞性、右耳的耳硬化症"
H8002,"累及椭圆形窗的耳硬化症，非闭塞性，左耳"
H8003,"累及椭圆窗的耳硬化症，非闭塞性，双侧"
H801,"累及椭圆形窗的耳硬化症，闭塞性"
H8010,"涉及椭圆形窗、闭塞性、未指定耳的耳硬化症"
H8011,"涉及椭圆形窗、闭塞性、右耳的耳硬化症"
H8012,"累及椭圆形窗、闭塞性、左耳的耳硬化症"
H8013,"累及椭圆窗的耳硬化症、闭塞性、双侧"
H802,"耳蜗硬化症"
H8020,"耳蜗耳硬化症，未指明的耳朵"
H8021,"耳蜗耳硬化症，右耳"
H8022,"耳蜗耳硬化症，左耳"
H8023,"双侧耳蜗耳硬化症"
H808,"其他耳硬化症"
H8080,"其他耳硬化症，未指明的耳朵"
H8081,"其他耳硬化症、右耳"
H8082,"其他耳硬化症、左耳"
H8083,"其他双侧耳硬化症"
H809,"未指明的耳硬化症"
H8090,"未指明的耳硬化症、未指明的耳"
H8091,"未分类的耳硬化症，右耳"
H8092,"未指明的耳硬化症，左耳"
H8093,"未分类的耳硬化症，双侧"
H81,"前庭功能障碍"
H810,"梅尼埃病"
H8101,"梅尼埃病，右耳"
H8102,"梅尼埃病，左耳"
H8103,"双侧梅尼埃病"
H8109,"梅尼埃病，未指明的耳朵"
H811,"良性阵发性眩晕"
H8110,"良性阵发性眩晕，耳不明"
H8111,"良性阵发性眩晕，右耳"
H8112,"良性阵发性眩晕，左耳"
H8113,"良性阵发性眩晕，双侧"
H812,"前庭神经元炎"
H8120,"前庭神经元炎，未指明的耳朵"
H8121,"前庭神经元炎，右耳"
H8122,"前庭神经元炎，左耳"
H8123,"双侧前庭神经元炎"
H813,"其他外周性眩晕"
H8131,"听觉眩晕"
H81311,"耳部眩晕，右耳"
H81312,"耳部眩晕、左耳"
H81313,"双侧耳部眩晕"
H81319,"耳部眩晕，未指明的耳朵"
H8139,"其他外周性眩晕"
H81391,"其他外周性眩晕、右耳"
H81392,"其他外周性眩晕、左耳"
H81393,"其他双侧外周性眩晕"
H81399,"其他外周性眩晕，未指明的耳"
H814,"中心性眩晕"
H8141,"中心起源的眩晕，右耳"
H8142,"中央起源的眩晕，左耳"
H8143,"中心性眩晕，双侧"
H8149,"中央起源的眩晕，未指明的耳"
H818,"其他前庭功能障碍"
H818X,"其他前庭功能障碍"
H818X1,"其他前庭功能障碍，右耳"
H818X2,"其他前庭功能障碍，左耳"
H818X3,"其他双侧前庭功能疾病"
H818X9,"其他前庭功能障碍，未指明的耳朵"
H819,"未指定的前庭功能障碍"
H8190,"未指定的前庭功能障碍，未指定的耳朵"
H8191,"未指明的前庭功能障碍，右耳"
H8192,"未指明的前庭功能障碍，左耳"
H8193,"未指定的前庭功能障碍，双侧"
H82,"在其他部位分类的疾病中的眩晕综合征"
H821,"在其他分类疾病中出现眩晕综合征，右耳"
H822,"在其他分类疾病中出现眩晕综合征，如左耳"
H823,"在其他部位分类的疾病中出现眩晕综合征，双侧"
H829,"在其他分类疾病中出现眩晕综合征，未指明的耳"
H83,"内耳的其他疾病"
H830,"迷路炎"
H8301,"迷路炎，右耳"
H8302,"迷路炎，左耳"
H8303,"双侧迷路炎"
H8309,"迷路炎，未指明的耳"
H831,"迷路瘘"
H8311,"迷路瘘，右耳"
H8312,"迷路瘘，左耳"
H8313,"双侧迷路瘘"
H8319,"迷路瘘，未指明的耳朵"
H832,"迷路功能障碍"
H832X,"迷路功能障碍"
H832X1,"迷路功能障碍，右耳"
H832X2,"迷路功能障碍，左耳"
H832X3,"双侧迷路功能障碍"
H832X9,"迷路功能障碍，未指明的耳朵"
H833,"内耳的噪声效果"
H833X,"内耳的噪声效果"
H833X1,"噪点对右内耳的影响"
H833X2,"左内耳的噪声效果"
H833X3,"对内耳的噪声影响，双侧"
H833X9,"内耳、未指定耳朵的噪点效果"
H838,"其他特定的内耳疾病"
H838X,"其他特定的内耳疾病"
H838X1,"其他指定的右内耳疾病"
H838X2,"左内耳的其他特定疾病"
H838X3,"其他指定的双侧内耳疾病"
H838X9,"其他特定内耳疾病、未指定耳"
H839,"未指明的内耳疾病"
H8390,"未指定的内耳疾病，未指定的耳朵"
H8391,"未指明的右内耳疾病"
H8392,"未指明的左内耳疾病"
H8393,"未指明的双侧内耳疾病"
H90,"传导性和感音神经性听力损失"
H900,"传导性听力损失，双侧"
H901,"传导性听力损失，单侧，对侧听力不受限制"
H9011,"传导性听力损失，单侧，右耳，对侧听力不受限制"
H9012,"传导性听力损失，单侧，左耳，对侧听力不受限制"
H902,"传导性听力损失，未指定"
H903,"双侧感音神经性听力损失"
H904,"感音神经性听力损失，单侧，对侧听力不受限制"
H9041,"感音神经性听力损失，单侧，右耳，对侧听力不受限制"
H9042,"感音神经性听力损失，单侧，左耳，对侧听力不受限制"
H905,"不明原因的感音神经性听力损失"
H906,"双侧混合传导性和感音神经性听力损失"
H907,"混合传导性和感音神经性听力损失，单侧对侧听力不受限制"
H9071,"混合传导性和感音神经性听力损失，单侧，右耳，对侧听力不受限制"
H9072,"混合传导性和感音神经性听力损失，单侧，左耳，对侧听力不受限制"
H908,"混合传导性和感音神经性听力损失，未指定"
H90A,"传导性和感音神经性听力损失，对侧听力受限"
H90A1,"传导性听力损失，单侧，对侧听力受限"
H90A11,"传导性听力损失，单侧，右耳对侧听力受限"
H90A12,"传导性听力损失，单侧，左耳对侧听力受限"
H90A2,"感音神经性听力损失，单侧，对侧听力受限"
H90A21,"感音神经性听力损失，单侧，右耳，对侧听力受限"
H90A22,"感音神经性听力损失，单侧，左耳，对侧听力受限"
H90A3,"混合传导性和感音神经性听力损失，单侧对侧听力受限"
H90A31,"混合传导性和感音神经性听力损失，单侧，右耳对侧听力受限"
H90A32,"混合传导性和感音神经性听力损失，单侧，左耳对侧听力受限"
H91,"其他和未指明的听力损失"
H910,"耳毒性听力损失"
H9101,"耳毒性听力损失，右耳"
H9102,"耳毒性听力损失，左耳"
H9103,"双侧耳毒性听力损失"
H9109,"耳毒性听力损失，未指明的耳"
H911,"老年性聩"
H9110,"老年性耳聋，未指明的耳"
H9111,"老年性耳聋，右耳"
H9112,"老年性耳聋，左耳"
H9113,"双侧老年性聋"
H912,"突发特发性听力损失"
H9120,"突发特发性听力损失，耳未明"
H9121,"突发性特发性听力损失，右耳"
H9122,"突发特发性听力损失，左耳"
H9123,"突发特发性听力损失，双侧"
H913,"聋人不说话，未分类"
H918,"其他特定听力损失"
H918X,"其他特定听力损失"
H918X1,"其他特定听力损失，右耳"
H918X2,"其他特定听力损失，左耳"
H918X3,"其他指定的双侧听力损失"
H918X9,"其他特定听力损失，未指定耳朵"
H919,"未指明的听力损失"
H9190,"未指明的听力损失、未指明的耳朵"
H9191,"不明原因的听力损失，右耳"
H9192,"不明原因的听力损失，左耳"
H9193,"未指明的听力损失，双侧"
H92,"耳痛和耳积液"
H920,"耳痛"
H9201,"耳痛，右耳"
H9202,"耳痛、左耳"
H9203,"双侧耳痛"
H9209,"耳痛，未指明的耳朵"
H921,"耳漏"
H9210,"耳漏，未指明的耳朵"
H9211,"耳漏，右耳"
H9212,"耳漏，左耳"
H9213,"双侧耳漏"
H922,"耳出血"
H9220,"耳出血，未指明的耳朵"
H9221,"耳出血，右耳"
H9222,"左耳出血"
H9223,"双侧耳出血"
H93,"其他未分类的耳部疾病"
H930,"耳部退行性和血管疾病"
H9301,"短暂性脑缺血性耳聋"
H93011,"短暂性脑缺血性耳聋，右耳"
H93012,"短暂性脑缺血性耳聋，左耳"
H93013,"短暂性缺血性耳聋，双侧"
H93019,"短暂性脑缺血性耳聋，耳不明"
H9309,"未指明的耳部退行性和血管疾病"
H93091,"未指明的右耳退行性和血管疾病"
H93092,"未指明的左耳退行性和血管疾病"
H93093,"未指明的双侧耳部退行性和血管疾病"
H93099,"未指明的耳部退行性和血管疾病"
H931,"耳鸣"
H9311,"耳鸣、右耳"
H9312,"耳鸣、左耳"
H9313,"耳鸣，双侧"
H9319,"耳鸣、未指明的耳朵"
H932,"其他异常的听觉感知"
H9321,"听觉招聘"
H93211,"听觉募集，右耳"
H93212,"听觉募集，左耳"
H93213,"双侧听觉募集"
H93219,"听觉募集，未指定的耳朵"
H9322,"双唇"
H93221,"双耳，右耳"
H93222,"左耳 Diplacusis"
H93223,"双侧双侧"
H93229,"Diplacusis，未指明的耳"
H9323,"听觉过敏"
H93231,"听觉过敏，右耳"
H93232,"听觉过敏，左耳"
H93233,"听觉过敏，双侧"
H93239,"听觉过敏，未指明的耳朵"
H9324,"临时听觉阈值偏移"
H93241,"临时性听觉阈值偏移，右耳"
H93242,"临时性听觉阈值偏移，左耳"
H93243,"双侧临时听阈偏移"
H93249,"临时性听觉阈值偏移，未指定的耳朵"
H9325,"中枢听觉处理障碍"
H9329,"其他异常的听觉感知"
H93291,"其他异常听觉感知，右耳"
H93292,"其他异常听觉感知，左耳"
H93293,"其他异常听觉感知，双侧"
H93299,"其他异常听觉感知、未指明的耳朵"
H933,"听神经疾病"
H933X,"听神经疾病"
H933X1,"右听神经疾病"
H933X2,"左听神经疾病"
H933X3,"双侧听神经疾病"
H933X9,"未指明的听神经疾病"
H938,"其他特定的耳部疾病"
H938X,"其他特定的耳部疾病"
H938X1,"其他特定的右耳疾病"
H938X2,"其他特定的左耳疾病"
H938X3,"其他特定的耳部疾病，双侧"
H938X9,"其他特定的耳部疾病，未指定的耳部"
H939,"未指明的耳部疾病"
H9390,"未指定的耳部疾病，未指定的耳朵"
H9391,"未指明的右耳疾病"
H9392,"未指明的左耳疾病"
H9393,"未指明的耳部疾病，双侧"
H93A,"搏动性耳鸣"
H93A1,"搏动性耳鸣，右耳"
H93A2,"搏动性耳鸣，左耳"
H93A3,"搏动性耳鸣，双侧"
H93A9,"搏动性耳鸣，未指明的耳朵"
H94,"其他分类疾病中的其他耳部疾病"
H940,"感染性疾病和寄生虫病中的听神经炎分类"
H9400,"感染性疾病和寄生虫病中的听神经炎，未分类的耳"
H9401,"感染性疾病和寄生虫病中的听神经炎，右耳"
H9402,"感染性疾病和寄生虫病中的听神经炎，左耳"
H9403,"感染性疾病和寄生虫病中的听神经炎，双侧"
H948,"其他分类疾病中的其他特定耳部疾病"
H9480,"其他分类疾病中的其他特定耳部疾病，未指定的耳部"
H9481,"其他分类疾病中的其他特定右耳疾病"
H9482,"其他分类疾病中的其他特定左耳疾病"
H9483,"其他分类为双侧疾病的其他特定耳部疾病"
H95,"术中和术后并发症以及耳和乳突疾病，未在其他地方分类"
H950,"乳突切除术后腔的复发性胆脂瘤"
H9500,"乳突切除术后腔的复发性胆脂瘤，未指定的耳朵"
H9501,"乳突切除术后腔、右耳复发性胆脂瘤"
H9502,"乳突切除术后腔、左耳复发性胆脂瘤"
H9503,"乳突切除术后腔复发性胆脂瘤，双侧耳"
H951,"乳突切除术后耳和乳突的其他疾病"
H9511,"乳突切除术后腔的慢性炎症"
H95111,"乳突切除术后腔、右耳的慢性炎症"
H95112,"乳突切除术后腔、左耳的慢性炎症"
H95113,"乳突切除术后腔、双侧耳的慢性炎症"
H95119,"乳突切除术后腔的慢性炎症，未指定的耳朵"
H9512,"乳突切除术后腔的肉芽"
H95121,"乳突切除术后腔、右耳肉芽"
H95122,"乳突切除术后腔、左耳肉芽"
H95123,"乳突切除术后腔、双侧耳肉芽"
H95129,"乳突切除术后腔形芽肿，未指明的耳"
H9513,"乳突切除术后腔的粘膜囊肿"
H95131,"乳突切除术后腔粘膜囊肿，右耳"
H95132,"乳突切除术后腔粘膜囊肿，左耳"
H95133,"乳突切除术后腔粘膜囊肿，双侧耳"
H95139,"乳突切除术后腔的粘膜囊肿，未指定的耳朵"
H9519,"乳突切除术后的其他疾病"
H95191,"乳突切除术后的其他疾病，右耳"
H95192,"乳突切除术、左耳后的其他疾病"
H95193,"乳突切除术、双侧耳后的其他疾病"
H95199,"乳突切除术后的其他疾病，未指明的耳"
H952,"术中出血和耳血肿和乳突血肿使手术复杂化"
H9521,"术中出血和耳和乳突血肿使耳和乳突手术复杂化"
H9522,"术中出血和耳血肿和乳突使其他手术复杂化"
H953,"手术过程中耳朵和乳突的意外穿刺和撕裂伤"
H9531,"在手术过程中，耳和乳突意外穿刺和撕裂伤耳和乳突"
H9532,"其他手术中耳朵和乳突的意外穿刺和撕裂伤"
H954,"手术后耳出血和乳突"
H9541,"耳和乳突手术后的耳和乳突出血"
H9542,"其他手术后耳出血和乳突"
H955,"手术后耳血肿和血清肿以及手术后乳突"
H9551,"耳和乳突手术后的耳和乳突血肿"
H9552,"其他手术后耳和乳突血肿"
H9553,"耳和乳突手术后的耳和乳突浆液瘤"
H9554,"其他手术后耳和乳突浆液瘤"
H958,"其他术中和术后并发症以及耳部和乳突的疾病，未在其他地方分类"
H9581,"术后外耳道狭窄"
H95811,"术后右外耳道狭窄"
H95812,"左外耳道术后狭窄"
H95813,"术后外耳道狭窄，双侧"
H95819,"未指明的外耳道术后狭窄"
H9588,"其他术中并发症和耳和乳突疾病，未在其他地方分类"
H9589,"其他术后并发症和耳和乳突疾病，未在其他地方分类"
I00,"不伴心脏受累的风湿热"
I01,"风湿热伴心脏受累"
I010,"急性风湿性心包炎"
I011,"急性风湿性心内膜炎"
I012,"急性风湿性心肌炎"
I018,"其他急性风湿性心脏病"
I019,"急性风湿性心脏病，未明确"
I02,"风湿性舞蹈病"
I020,"风湿性舞蹈病伴心脏受累"
I029,"无心脏受累的风湿性舞蹈病"
I05,"风湿性二尖瓣疾病"
I050,"风湿性二尖瓣狭窄"
I051,"风湿性二尖瓣功能不全"
I052,"风湿性二尖瓣狭窄伴功能不全"
I058,"其他风湿性二尖瓣疾病"
I059,"风湿性二尖瓣疾病，未明确"
I06,"风湿性主动脉瓣疾病"
I060,"风湿性主动脉瓣狭窄"
I061,"风湿性主动脉瓣关闭不全"
I062,"风湿性主动脉瓣狭窄伴功能不全"
I068,"其他风湿性主动脉瓣疾病"
I069,"风湿性主动脉瓣疾病，未明确"
I07,"风湿性三尖瓣疾病"
I070,"风湿性三尖瓣狭窄"
I071,"风湿性三尖瓣功能不全"
I072,"风湿性三尖瓣狭窄和功能不全"
I078,"其他风湿性三尖瓣疾病"
I079,"风湿性三尖瓣疾病，未明确"
I08,"多种瓣膜疾病"
I080,"二尖瓣和主动脉瓣的风湿性疾病"
I081,"二尖瓣和三尖瓣的风湿性疾病"
I082,"主动脉瓣和三尖瓣的风湿性疾病"
I083,"二尖瓣、主动脉瓣和三尖瓣的联合风湿性疾病"
I088,"其他风湿性多瓣膜疾病"
I089,"风湿性多瓣膜疾病，未明确"
I09,"其他风湿性心脏病"
I090,"风湿性心肌炎"
I091,"心内膜风湿性疾病，瓣膜未指定"
I092,"慢性风湿性心包炎"
I098,"其他特定的风湿性心脏病"
I0981,"风湿性心力衰竭"
I0989,"其他特定的风湿性心脏病"
I099,"风湿性心脏病，未分类"
I10,"原发性（原发性）高血压"
I11,"高血压心脏病"
I110,"伴有心力衰竭的高血压心脏病"
I119,"无心力衰竭的高血压心脏病"
I12,"高血压慢性肾病"
I120,"伴有 5 期慢性肾病或终末期肾病的高血压慢性肾病"
I129,"1 期至 4 期慢性肾病的高血压慢性肾病，或未指明的慢性肾病"
I13,"高血压心脏和慢性肾病"
I130,"高血压心脏病和慢性肾病伴心力衰竭和 1 期至 4 期慢性肾病，或未指定的慢性肾病"
I131,"高血压心脏和慢性肾病，无心力衰竭"
I1310,"高血压心脏病和无心力衰竭的慢性肾病，1 期至 4 期慢性肾病，或未指明的慢性肾病"
I1311,"高血压心脏病和无心力衰竭的慢性肾病，伴有 5 期慢性肾病或终末期肾病"
I132,"高血压心脏和慢性肾病伴心力衰竭和 5 期慢性肾病，或终末期肾病"
I15,"继发性高血压"
I150,"肾血管性高血压"
I151,"继发于其他肾脏疾病的高血压"
I152,"继发于内分泌紊乱的高血压"
I158,"其他继发性高血压"
I159,"继发性高血压，未指定"
I16,"高血压危象"
I160,"高血压急症"
I161,"高血压急症"
I169,"高血压危象，未指明"
I20,"心绞痛"
I200,"不稳定型心绞痛"
I201,"有痉挛记录的心绞痛"
I202,"难治性心绞痛"
I208,"其他形式的心绞痛"
I209,"心绞痛，未指定"
I21,"急性心肌梗死"
I210,"前壁 ST 段抬高 （STEMI） 心肌梗死"
I2101,"累及冠状动脉左主干的 ST 段抬高 （STEMI） 心肌梗死"
I2102,"累及冠状动脉左前降支的 ST 段抬高 （STEMI） 心肌梗死"
I2109,"ST 段抬高 （STEMI） 心肌梗死，累及前壁其他冠状动脉"
I211,"下壁 ST 段抬高 （STEMI） 心肌梗死"
I2111,"累及右冠状动脉的 ST 段抬高 （STEMI） 心肌梗死"
I2119,"ST 段抬高 （STEMI） 心肌梗死，累及下壁其他冠状动脉"
I212,"其他部位的 ST 段抬高 （STEMI） 心肌梗死"
I2121,"累及左回旋屈冠状动脉的 ST 段抬高 （STEMI） 心肌梗死"
I2129,"累及其他部位的 ST 段抬高 （STEMI） 心肌梗死"
I213,"不明部位的 ST 段抬高 （STEMI） 心肌梗死"
I214,"非 ST 段抬高型 （NSTEMI） 心肌梗死"
I219,"急性心肌梗死，未指明"
I21A,"其他类型的心肌梗死"
I21A1,"2 型心肌梗死"
I21A9,"其他心肌梗死类型"
I22,"随后的 ST 段抬高 （STEMI） 和非 ST 段抬高 （NSTEMI） 心肌梗死"
I220,"随后的前壁 ST 段抬高 （STEMI） 心肌梗死"
I221,"随后的下壁 ST 段抬高 （STEMI） 心肌梗死"
I222,"随后的非 ST 段抬高 （NSTEMI） 心肌梗死"
I228,"随后其他部位的 ST 段抬高 （STEMI） 心肌梗死"
I229,"随后不明部位的 ST 段抬高 （STEMI） 心肌梗死"
I23,"ST 段抬高 （STEMI） 和非 ST 段抬高 （NSTEMI） 心肌梗死后的某些当前并发症（28 天内）"
I230,"心包积血是急性心肌梗死后的当前并发症"
I231,"房间隔缺损是急性心肌梗死后的当前并发症"
I232,"室间隔缺损是急性心肌梗死后的当前并发症"
I233,"无心包积血的心壁破裂是急性心肌梗死后的当前并发症"
I234,"腱索断裂是急性心肌梗死后的当前并发症"
I235,"肌破裂是急性心肌梗死后的当前并发症"
I236,"心房、耳附件和心室血栓形成是急性心肌梗死后的当前并发症"
I237,"梗死后心绞痛"
I238,"急性心肌梗死后的其他当前并发症"
I24,"其他急性缺血性心脏病"
I240,"急性冠状动脉血栓形成不会导致心肌梗死"
I241,"Dressler 综合征"
I248,"其他形式的急性缺血性心脏病"
I249,"急性缺血性心脏病，未明确"
I25,"慢性缺血性心脏病"
I251,"自体冠状动脉动脉粥样硬化性心脏病"
I2510,"无心绞痛的自体冠状动脉动脉粥样硬化性心脏病"
I2511,"自体冠状动脉动脉粥样硬化性心脏病伴心绞痛"
I25110,"自体冠状动脉动脉粥样硬化性心脏病伴不稳定型心绞痛"
I25111,"自体冠状动脉动脉粥样硬化性心脏病伴心绞痛伴痉挛"
I25112,"自体冠状动脉动脉粥样硬化性心脏病伴难治性心绞痛"
I25118,"自体冠状动脉动脉粥样硬化性心脏病伴其他形式的心绞痛"
I25119,"自体冠状动脉动脉粥样硬化性心脏病伴未指明的心绞痛"
I252,"陈旧性心肌梗死"
I253,"心脏动脉瘤"
I254,"冠状动脉瘤和夹层"
I2541,"冠状动脉瘤"
I2542,"冠状动脉夹层"
I255,"缺血性心肌病"
I256,"无症状心肌缺血"
I257,"冠状动脉旁路移植术和移植心脏冠状动脉伴心绞痛的冠状动脉粥样硬化"
I2570,"冠状动脉旁路移植术动脉粥样硬化，未指定，伴有心绞痛"
I25700,"冠状动脉旁路移植术动脉粥样硬化，未指定，伴有不稳定型心绞痛"
I25701,"冠状动脉旁路移植术动脉粥样硬化，未指定，伴有心绞痛伴痉挛"
I25702,"冠状动脉旁路移植术动脉粥样硬化，未指定，伴有难治性心绞痛"
I25708,"冠状动脉旁路移植术动脉粥样硬化，未指定，伴有其他形式的心绞痛"
I25709,"冠状动脉旁路移植术动脉粥样硬化，未指定，伴有未指定心绞痛"
I2571,"自体静脉冠状动脉旁路移植术伴心绞痛的动脉粥样硬化"
I25710,"自体静脉冠状动脉旁路移植术动脉粥样硬化伴不稳定型心绞痛"
I25711,"自体静脉冠状动脉旁路移植术动脉粥样硬化伴心绞痛伴痉挛"
I25712,"自体静脉冠状动脉旁路移植术动脉粥样硬化伴难治性心绞痛"
I25718,"自体静脉冠状动脉旁路移植术与其他形式心绞痛的动脉粥样硬化"
I25719,"自体静脉冠状动脉旁路移植术动脉粥样硬化伴未指明的心绞痛"
I2572,"自体动脉冠状动脉旁路移植术伴心绞痛的动脉粥样硬化"
I25720,"自体动脉冠状动脉旁路移植术动脉粥样硬化伴不稳定型心绞痛"
I25721,"自体动脉冠状动脉旁路移植术动脉粥样硬化伴心绞痛伴痉挛"
I25722,"自体动脉冠状动脉旁路移植术动脉粥样硬化伴难治性心绞痛"
I25728,"自体动脉冠状动脉旁路移植术与其他形式心绞痛的动脉粥样硬化"
I25729,"自体动脉冠状动脉旁路移植术动脉粥样硬化伴未指明的心绞痛"
I2573,"非自体生物冠状动脉旁路移植术伴心绞痛的动脉粥样硬化"
I25730,"非自体生物冠状动脉旁路移植术伴不稳定型心绞痛的动脉粥样硬化"
I25731,"非自体生物冠状动脉旁路移植术伴心绞痛的动脉粥样硬化并伴有痉挛"
I25732,"非自体生物冠状动脉旁路移植术伴难治性心绞痛的动脉粥样硬化"
I25738,"非自体生物冠状动脉旁路移植术与其他形式心绞痛的动脉粥样硬化"
I25739,"非自体生物冠状动脉旁路移植术伴未指定心绞痛的动脉粥样硬化"
I2575,"心绞痛移植心脏的自体冠状动脉粥样硬化"
I25750,"伴有不稳定型心绞痛的移植心脏自体冠状动脉粥样硬化"
I25751,"移植心脏自体冠状动脉动脉粥样硬化伴心绞痛伴痉挛"
I25752,"移植心脏自体冠状动脉动脉粥样硬化伴难治性心绞痛"
I25758,"移植心脏自体冠状动脉粥样硬化伴有其他形式的心绞痛"
I25759,"移植心脏自体冠状动脉粥样硬化伴未指明的心绞痛"
I2576,"心绞痛移植心脏冠状动脉旁路移植术动脉粥样硬化"
I25760,"伴有不稳定型心绞痛的移植心脏冠状动脉旁路移植动脉粥样硬化"
I25761,"移植心脏冠状动脉旁路移植术动脉粥样硬化伴心绞痛伴痉挛"
I25762,"移植心脏冠状动脉旁路移植术动脉粥样硬化伴难治性心绞痛"
I25768,"移植心脏冠状动脉旁路移植术动脉粥样硬化伴有其他形式的心绞痛"
I25769,"移植心脏冠状动脉旁路移植术动脉粥样硬化伴未指明的心绞痛"
I2579,"其他冠状动脉旁路移植术伴心绞痛的动脉粥样硬化"
I25790,"其他冠状动脉旁路移植物的动脉粥样硬化伴不稳定型心绞痛"
I25791,"其他冠状动脉旁路移植术的动脉粥样硬化伴心绞痛伴有痉挛"
I25792,"其他冠状动脉旁路移植术伴难治性心绞痛的动脉粥样硬化"
I25798,"其他冠状动脉旁路移植术伴其他形式心绞痛的动脉粥样硬化"
I25799,"其他冠状动脉旁路移植术伴未指明心绞痛的动脉粥样硬化"
I258,"其他形式的慢性缺血性心脏病"
I2581,"其他冠状动脉粥样硬化，无心绞痛"
I25810,"无心绞痛的冠状动脉旁路移植术动脉粥样硬化"
I25811,"移植心脏自体冠状动脉动脉粥样硬化，无心绞痛"
I25812,"无心绞痛的移植心脏冠状动脉旁路移植动脉粥样硬化"
I2582,"冠状动脉慢性完全闭塞"
I2583,"由于富含脂质的斑块引起的冠状动脉粥样硬化"
I2584,"钙化冠状动脉病变引起的冠状动脉粥样硬化"
I2589,"其他形式的慢性缺血性心脏病"
I259,"慢性缺血性心脏病，未指定"
I26,"肺栓塞"
I260,"肺栓塞伴急性肺心病"
I2601,"脓毒性肺栓塞伴急性肺源性心脏病"
I2602,"伴有急性肺心病的肺动脉鞍栓"
I2609,"其他 肺栓塞伴急性肺心病"
I269,"无急性肺心脏病的肺栓塞"
I2690,"脓毒性肺栓塞，无急性肺心病"
I2692,"无急性肺心病的肺动脉鞍栓"
I2693,"无急性肺心病的单个亚段肺栓塞"
I2694,"多个亚段肺栓塞，无急性肺源性心脏病"
I2699,"其他 肺栓塞 无急性肺心病"
I27,"其他肺心病"
I270,"原发性肺动脉高压"
I271,"脊柱后凸性心脏病"
I272,"其他继发性肺动脉高压"
I2720,"肺动脉高压，未指定"
I2721,"继发性肺动脉高压"
I2722,"左心疾病引起的肺动脉高压"
I2723,"肺部疾病和缺氧引起的肺动脉高压"
I2724,"慢性血栓栓塞性肺动脉高压"
I2729,"其他继发性肺动脉高压"
I278,"其他特定的肺心病"
I2781,"肺心病（慢性）"
I2782,"慢性肺栓塞"
I2783,"艾森曼格综合征"
I2789,"其他特定的肺心病"
I279,"肺心病，未指定"
I28,"肺血管的其他疾病"
I280,"肺血管动静脉瘘"
I281,"肺动脉瘤"
I288,"肺血管的其他疾病"
I289,"肺血管疾病，未明确"
I30,"急性心包炎"
I300,"急性非特异性特发性心包炎"
I301,"感染性心包炎"
I308,"其他形式的急性心包炎"
I309,"急性心包炎，未指定"
I31,"心包的其他疾病"
I310,"慢性粘连性心包炎"
I311,"慢性缩窄性心包炎"
I312,"心包积血，未分类"
I313,"心包积液（非炎症性）"
I3131,"其他分类疾病中的恶性心包积液"
I3139,"其他心包积液（非炎症性）"
I314,"心包填塞"
I318,"其他特定的心包疾病"
I319,"心包疾病，未指定"
I32,"其他分类疾病中的心包炎"
I33,"急性和亚急性心内膜炎"
I330,"急性和亚急性感染性心内膜炎"
I339,"急性和亚急性心内膜炎，未指定"
I34,"非风湿性二尖瓣疾病"
I340,"非风湿性二尖瓣（瓣膜）功能不全"
I341,"非风湿性二尖瓣（瓣膜）脱垂"
I342,"非风湿性二尖瓣（瓣膜）狭窄"
I348,"其他非风湿性二尖瓣疾病"
I3481,"非风湿性二尖瓣（瓣膜）环钙化"
I3489,"其他非风湿性二尖瓣疾病"
I349,"非风湿性二尖瓣疾病，未明确"
I35,"非风湿性主动脉瓣疾病"
I350,"非风湿性主动脉（瓣膜）狭窄"
I351,"非风湿性主动脉（瓣膜）功能不全"
I352,"非风湿性主动脉（瓣膜）狭窄伴关闭不全"
I358,"其他非风湿性主动脉瓣疾病"
I359,"非风湿性主动脉瓣疾病，未明确"
I36,"非风湿性三尖瓣疾病"
I360,"非风湿性三尖瓣（瓣膜）狭窄"
I361,"非风湿性三尖瓣（瓣膜）功能不全"
I362,"非风湿性三尖瓣（瓣膜）狭窄伴功能不全"
I368,"其他非风湿性三尖瓣疾病"
I369,"非风湿性三尖瓣疾病，未指定"
I37,"非风湿性肺动脉瓣疾病"
I370,"非风湿性肺动脉瓣狭窄"
I371,"非风湿性肺动脉瓣功能不全"
I372,"非风湿性肺动脉瓣狭窄伴功能不全"
I378,"其他非风湿性肺动脉瓣疾病"
I379,"非风湿性肺动脉瓣疾病，未明确"
I38,"心内膜炎，瓣膜未指定"
I39,"心内膜炎和心脏瓣膜疾病在别处分类的疾病"
I40,"急性心肌炎"
I400,"感染性心肌炎"
I401,"孤立性心肌炎"
I408,"其他急性心肌炎"
I409,"急性心肌炎，未指定"
I41,"其他分类疾病中的心肌炎"
I42,"心肌病"
I420,"扩张型心肌病"
I421,"阻塞性肥厚型心肌病"
I422,"其他肥厚型心肌病"
I423,"心内膜心肌（嗜酸性粒细胞）疾病"
I424,"心内膜弹性纤维增生症"
I425,"其他限制性心肌病"
I426,"酒精性心肌病"
I427,"药物和外部因素引起的心肌病"
I428,"其他心肌病"
I429,"心肌病，未指定"
I43,"其他分类疾病中的心肌病"
I44,"房室和左束支传导阻滞"
I440,"房室传导阻滞，一度"
I441,"二度房室传导阻滞"
I442,"完全性房室传导阻滞"
I443,"其他未指明的房室传导阻滞"
I4430,"未指明的房室传导阻滞"
I4439,"其他房室传导阻滞"
I444,"左前束阻滞"
I445,"左后束阻滞"
I446,"其他和未指定的束阻滞"
I4460,"未指定的束阻滞"
I4469,"其他束阻滞"
I447,"左束分支块，未指定"
I45,"其他传导障碍"
I450,"右束阻滞"
I451,"其他和未指定的 right bundle-branch 块"
I4510,"未指定的右束分支块"
I4519,"其他右束支传导阻滞"
I452,"双分支阻滞"
I453,"三分支阻滞"
I454,"非特异性脑室内传导阻滞"
I455,"其他指定的心脏传导阻滞"
I456,"预激综合征"
I458,"其他特定的传导障碍"
I4581,"长 QT 综合征"
I4589,"其他特定的传导障碍"
I459,"传导障碍，未指定"
I46,"心搏骤停"
I462,"由于潜在的心脏状况而导致的心脏骤停"
I468,"其他基础疾病导致心脏骤停"
I469,"心脏骤停，原因不明"
I47,"阵发性心动过速"
I470,"折返性室性心律失常"
I471,"室上性心动过速"
I472,"室性心动过速"
I4720,"室性心动过速，未指定"
I4721,"Torsades de pointes"
I4729,"其他室性心动过速"
I479,"阵发性心动过速，未指定"
I48,"心房颤动和扑动"
I480,"阵发性心房颤动"
I481,"持续性心房颤动"
I4811,"长期持续性心房颤动"
I4819,"其他持续性心房颤动"
I482,"慢性心房颤动"
I4820,"慢性心房颤动，未指定"
I4821,"永久性心房颤动"
I483,"典型心房扑动"
I484,"非典型心房扑动"
I489,"未指明的心房颤动和心房扑动"
I4891,"未分类的心房颤动"
I4892,"未指定的心房扑动"
I49,"其他心律失常"
I490,"心室颤动和扑动"
I4901,"心室颤动"
I4902,"心室扑动"
I491,"房性早发除极"
I492,"交界性过早去极化"
I493,"室性早衰"
I494,"其他和未指明的过早去极化"
I4940,"未指明的过早去极化"
I4949,"其他过早去极化"
I495,"病态窦房结综合征"
I498,"其他特定的心律失常"
I499,"心律失常，未指定"
I50,"心力衰竭"
I501,"左心室衰竭，未指定"
I502,"收缩性（充血性）心力衰竭"
I5020,"未指明的收缩性（充血性）心力衰竭"
I5021,"急性收缩性（充血性）心力衰竭"
I5022,"慢性收缩性（充血性）心力衰竭"
I5023,"慢性收缩性（充血性）心力衰竭的急性"
I503,"舒张期（充血性）心力衰竭"
I5030,"未分类的舒张性（充血性）心力衰竭"
I5031,"急性舒张性（充血性）心力衰竭"
I5032,"慢性舒张性（充血性）心力衰竭"
I5033,"慢性舒张性（充血性）心力衰竭时急性"
I504,"联合收缩性（充血性）和舒张性（充血性）心力衰竭"
I5040,"未分类的收缩性（充血性）和舒张性（充血性）联合心力衰竭"
I5041,"急性收缩性（充血性）和舒张性（充血性）联合心力衰竭"
I5042,"慢性联合收缩性（充血性）和舒张性（充血性）心力衰竭"
I5043,"慢性联合收缩性（充血性）和舒张性（充血性）心力衰竭为急性"
I508,"其他心力衰竭"
I5081,"右心衰竭"
I50810,"右心衰竭，未指定"
I50811,"急性右心衰竭"
I50812,"慢性右心衰竭"
I50813,"慢性右心衰竭的急性"
I50814,"左心衰竭引起的右心衰竭"
I5082,"双心室心力衰竭"
I5083,"高输出量性心力衰竭"
I5084,"终末期心力衰竭"
I5089,"其他心力衰竭"
I509,"心力衰竭，未指定"
I51,"心脏病的并发症和定义不清的描述"
I510,"获得性心脏间隔缺损"
I511,"腱索断裂，未分类"
I512,"肌破裂，未分类"
I513,"心内血栓形成，未分类"
I514,"心肌炎，未指定"
I515,"心肌变性"
I517,"心脏肥大"
I518,"其他定义不明确的心脏病"
I5181,"章鱼壶综合征"
I5189,"其他定义不明确的心脏病"
I519,"心脏病，未指定"
I52,"其他分类疾病中的其他心脏疾病"
I5A,"非缺血性心肌损伤（非创伤性）"
I60,"非创伤性蛛网膜下腔出血"
I600,"颈动脉虹吸和分叉引起的非创伤性蛛网膜下腔出血"
I6000,"非创伤性蛛网膜下腔出血，由未指明的颈动脉虹吸和分叉引起"
I6001,"右颈动脉虹吸和分叉引起的非创伤性蛛网膜下腔出血"
I6002,"非创伤性左颈动脉虹吸和分叉引起的蛛网膜下腔出血"
I601,"非创伤性大脑中动脉蛛网膜下腔出血"
I6010,"非创伤性蛛网膜下腔出血，来源于未指明的大脑中动脉"
I6011,"大脑右中动脉的非创伤性蛛网膜下腔出血"
I6012,"大脑左中动脉的非创伤性蛛网膜下腔出血"
I602,"交通前动脉的非创伤性蛛网膜下腔出血"
I6020,"非创伤性蛛网膜下腔出血，来源于未指明的交通前动脉"
I6021,"右前交通动脉的非创伤性蛛网膜下腔出血"
I6022,"来自左前交通动脉的非创伤性蛛网膜下腔出血"
I603,"交通后动脉的非创伤性蛛网膜下腔出血"
I6030,"非创伤性蛛网膜下腔出血，来源于未指明的后交通动脉"
I6031,"来自右后交通动脉的非创伤性蛛网膜下腔出血"
I6032,"来自左后交通动脉的非创伤性蛛网膜下腔出血"
I604,"非创伤性基底动脉蛛网膜下腔出血"
I605,"非创伤性椎动脉蛛网膜下腔出血"
I6050,"非创伤性蛛网膜下腔出血，源于未指明的椎动脉"
I6051,"右椎动脉的非创伤性蛛网膜下腔出血"
I6052,"左椎动脉的非创伤性蛛网膜下腔出血"
I606,"其他颅内动脉的非创伤性蛛网膜下腔出血"
I607,"非创伤性蛛网膜下腔出血，源于未指明的颅内动脉"
I608,"其他非创伤性蛛网膜下腔出血"
I609,"非创伤性蛛网膜下腔出血，未明确"
I61,"非创伤性脑出血"
I610,"非创伤性半球脑出血，皮质下"
I611,"非创伤性脑出血，半球，皮质"
I612,"半球非创伤性脑出血，未明确"
I613,"非创伤性脑干脑出血"
I614,"非创伤性小脑出血"
I615,"非创伤性脑出血，脑室内"
I616,"非创伤性脑出血，多发性局限性"
I618,"其他非创伤性脑出血"
I619,"非创伤性脑出血，未明确"
I62,"其他未指明的非创伤性颅内出血"
I620,"非创伤性硬膜下出血"
I6200,"非创伤性硬膜下出血，未指明"
I6201,"非创伤性急性硬膜下出血"
I6202,"非创伤性亚急性硬膜下出血"
I6203,"非创伤性慢性硬膜下出血"
I621,"非创伤性硬膜外出血"
I629,"非创伤性颅内出血，未指明"
I63,"脑梗死"
I630,"脑前动脉血栓形成引起的脑梗死"
I6300,"由于未指明的脑前动脉血栓形成引起的脑梗死"
I6301,"椎动脉血栓形成引起的脑梗死"
I63011,"右椎动脉血栓形成引起的脑梗死"
I63012,"左椎动脉血栓形成引起的脑梗死"
I63013,"双侧椎动脉血栓形成引起的脑梗死"
I63019,"未指明的椎动脉血栓形成引起的脑梗死"
I6302,"基底动脉血栓形成引起的脑梗死"
I6303,"颈动脉血栓形成引起的脑梗死"
I63031,"右颈动脉血栓形成引起的脑梗死"
I63032,"左颈动脉血栓形成引起的脑梗死"
I63033,"双侧颈动脉血栓形成引起的脑梗死"
I63039,"未指明的颈动脉血栓形成引起的脑梗死"
I6309,"其他脑前动脉血栓形成引起的脑梗死"
I631,"脑前动脉栓塞引起的脑梗死"
I6310,"由于未指明的脑前动脉栓塞引起的脑梗死"
I6311,"椎动脉栓塞引起的脑梗死"
I63111,"右椎动脉栓塞引起的脑梗死"
I63112,"左椎动脉栓塞引起的脑梗死"
I63113,"双侧椎动脉栓塞引起的脑梗死"
I63119,"未指明的椎动脉栓塞引起的脑梗死"
I6312,"基底动脉栓塞引起的脑梗死"
I6313,"颈动脉栓塞引起的脑梗死"
I63131,"右颈动脉栓塞引起的脑梗死"
I63132,"左颈动脉栓塞引起的脑梗死"
I63133,"双侧颈动脉栓塞引起的脑梗死"
I63139,"未指明的颈动脉栓塞引起的脑梗死"
I6319,"其他脑前动脉栓塞引起的脑梗死"
I632,"由于未指明的脑前动脉闭塞或狭窄引起的脑梗死"
I6320,"由于未指定的脑前动脉闭塞或狭窄引起的脑梗死"
I6321,"由于未指明的椎动脉闭塞或狭窄引起的脑梗死"
I63211,"由于右椎动脉未指明的闭塞或狭窄引起的脑梗死"
I63212,"由于左椎动脉未指明的闭塞或狭窄引起的脑梗死"
I63213,"由于双侧椎动脉未指明的闭塞或狭窄引起的脑梗死"
I63219,"由于未指定的椎动脉闭塞或狭窄引起的脑梗塞"
I6322,"由于基底动脉不明闭塞或狭窄引起的脑梗死"
I6323,"由于颈动脉未指明的闭塞或狭窄引起的脑梗塞"
I63231,"由于右颈动脉未指明的闭塞或狭窄引起的脑梗死"
I63232,"由于左颈动脉未指明的闭塞或狭窄引起的脑梗死"
I63233,"由于双侧颈动脉未指明的闭塞或狭窄引起的脑梗死"
I63239,"由于未指明的颈动脉闭塞或狭窄引起的脑梗死"
I6329,"由于其他脑前动脉未指明的闭塞或狭窄引起的脑梗死"
I633,"脑动脉血栓形成引起的脑梗死"
I6330,"由于未指明的脑动脉血栓形成引起的脑梗死"
I6331,"大脑中动脉血栓形成引起的脑梗死"
I63311,"大脑右中动脉血栓形成引起的脑梗死"
I63312,"大脑左中动脉血栓形成引起的脑梗死"
I63313,"双侧大脑中动脉血栓形成引起的脑梗死"
I63319,"未指明的大脑中动脉血栓形成引起的脑梗死"
I6332,"大脑前动脉血栓形成引起的脑梗死"
I63321,"右前动脉血栓形成引起的脑梗死"
I63322,"左大脑前动脉血栓形成引起的脑梗死"
I63323,"双侧大脑前动脉血栓形成引起的脑梗死"
I63329,"由于未指明的大脑前动脉血栓形成引起的脑梗死"
I6333,"大脑后动脉血栓形成引起的脑梗死"
I63331,"由于右大脑后动脉血栓形成引起的脑梗死"
I63332,"左大脑后动脉血栓形成引起的脑梗死"
I63333,"双侧大脑后动脉血栓形成引起的脑梗死"
I63339,"由于未指明的大脑后动脉血栓形成引起的脑梗死"
I6334,"小脑动脉血栓形成引起的脑梗死"
I63341,"右小脑动脉血栓形成引起的脑梗死"
I63342,"左小脑动脉血栓形成引起的脑梗死"
I63343,"双侧小脑动脉血栓形成引起的脑梗死"
I63349,"未指明的小脑动脉血栓形成引起的脑梗死"
I6339,"其他脑动脉血栓形成引起的脑梗死"
I634,"脑动脉栓塞引起的脑梗死"
I6340,"未指明的脑动脉栓塞引起的脑梗死"
I6341,"大脑中动脉栓塞引起的脑梗死"
I63411,"大脑右中动脉栓塞引起的脑梗死"
I63412,"大脑左中动脉栓塞引起的脑梗死"
I63413,"双侧大脑中动脉栓塞引起的脑梗死"
I63419,"未指明的大脑中动脉栓塞引起的脑梗死"
I6342,"大脑前动脉栓塞引起的脑梗死"
I63421,"大脑右前动脉栓塞引起的脑梗死"
I63422,"大脑左前动脉栓塞引起的脑梗死"
I63423,"双侧大脑前动脉栓塞引起的脑梗死"
I63429,"由于未指明的大脑前动脉栓塞引起的脑梗死"
I6343,"大脑后动脉栓塞引起的脑梗死"
I63431,"右大脑后动脉栓塞引起的脑梗死"
I63432,"由于大脑左后动脉栓塞引起的脑梗死"
I63433,"双侧大脑后动脉栓塞引起的脑梗死"
I63439,"未指明的大脑后动脉栓塞引起的脑梗死"
I6344,"小脑动脉栓塞引起的脑梗死"
I63441,"右小脑动脉栓塞引起的脑梗死"
I63442,"左小脑动脉栓塞引起的脑梗死"
I63443,"双侧小脑动脉栓塞引起的脑梗死"
I63449,"未指明的小脑动脉栓塞引起的脑梗死"
I6349,"其他脑动脉栓塞引起的脑梗死"
I635,"由于未指明的脑动脉闭塞或狭窄引起的脑梗死"
I6350,"由于未指明的脑动脉闭塞或狭窄引起的脑梗死"
I6351,"由于大脑中动脉未指明的闭塞或狭窄引起的脑梗死"
I63511,"由于未指明的右大脑中动脉闭塞或狭窄引起的脑梗死"
I63512,"由于未指明的大脑中动脉闭塞或狭窄引起的脑梗死"
I63513,"由于双侧大脑中动脉未指明的闭塞或狭窄引起的脑梗死"
I63519,"由于未指明的大脑中动脉闭塞或狭窄引起的脑梗死"
I6352,"由于大脑前动脉未指明的闭塞或狭窄引起的脑梗死"
I63521,"由于右大脑前动脉未指明的闭塞或狭窄引起的脑梗死"
I63522,"由于未指明的左大脑前动脉闭塞或狭窄引起的脑梗死"
I63523,"由于双侧大脑前动脉未指明的闭塞或狭窄引起的脑梗死"
I63529,"由于未指明的大脑前动脉闭塞或狭窄引起的脑梗死"
I6353,"由于大脑后动脉未指明的闭塞或狭窄引起的脑梗死"
I63531,"由于右大脑后动脉未指明的闭塞或狭窄引起的脑梗死"
I63532,"由于未指明的左大脑后动脉闭塞或狭窄引起的脑梗死"
I63533,"由于双侧大脑后动脉未指明的闭塞或狭窄引起的脑梗死"
I63539,"由于未指明的大脑后动脉闭塞或狭窄引起的脑梗死"
I6354,"由于未指明的小脑动脉闭塞或狭窄引起的脑梗死"
I63541,"由于右小脑动脉未指明的闭塞或狭窄引起的脑梗死"
I63542,"由于左小脑动脉未指明的闭塞或狭窄引起的脑梗死"
I63543,"由于双侧小脑动脉未指明的闭塞或狭窄引起的脑梗死"
I63549,"由于未指明的小脑动脉闭塞或狭窄导致的脑梗死"
I6359,"由于其他脑动脉未指明的闭塞或狭窄引起的脑梗死"
I636,"脑静脉血栓形成引起的脑梗死，非化脓性"
I638,"其他脑梗死"
I6381,"其他因小动脉闭塞或狭窄引起的脑梗死"
I6389,"其他脑梗死"
I639,"脑梗死，未指定"
I65,"脑前动脉闭塞和狭窄，不会导致脑梗死"
I650,"椎动脉闭塞和狭窄"
I6501,"右椎动脉闭塞和狭窄"
I6502,"左椎动脉闭塞和狭窄"
I6503,"双侧椎动脉闭塞和狭窄"
I6509,"未指明的椎动脉闭塞和狭窄"
I651,"基底动脉闭塞和狭窄"
I652,"颈动脉闭塞和狭窄"
I6521,"右颈动脉闭塞和狭窄"
I6522,"左颈动脉闭塞和狭窄"
I6523,"双侧颈动脉闭塞和狭窄"
I6529,"未指明的颈动脉闭塞和狭窄"
I658,"其他脑前动脉闭塞和狭窄"
I659,"未指明的脑前动脉闭塞和狭窄"
I66,"脑动脉闭塞和狭窄，不会导致脑梗死"
I660,"大脑中动脉闭塞和狭窄"
I6601,"右大脑中动脉闭塞和狭窄"
I6602,"大脑左中动脉闭塞和狭窄"
I6603,"双侧大脑中动脉闭塞和狭窄"
I6609,"未指明的大脑中动脉闭塞和狭窄"
I661,"大脑前动脉闭塞和狭窄"
I6611,"右大脑前动脉闭塞和狭窄"
I6612,"大脑左前动脉闭塞和狭窄"
I6613,"双侧大脑前动脉闭塞和狭窄"
I6619,"未指明的大脑前动脉闭塞和狭窄"
I662,"大脑后动脉闭塞和狭窄"
I6621,"右大脑后动脉闭塞和狭窄"
I6622,"左大脑后动脉闭塞和狭窄"
I6623,"双侧大脑后动脉闭塞和狭窄"
I6629,"未指明的大脑后动脉闭塞和狭窄"
I663,"小脑动脉闭塞和狭窄"
I668,"其他脑动脉闭塞和狭窄"
I669,"未指明的脑动脉闭塞和狭窄"
I67,"其他脑血管疾病"
I670,"脑动脉夹层，未破裂"
I671,"脑动脉瘤，未破裂"
I672,"脑动脉粥样硬化"
I673,"进行性血管性白质脑病"
I674,"高血压性脑病"
I675,"烟雾病"
I676,"颅内静脉系统非化脓性血栓形成"
I677,"脑动脉炎，未分类"
I678,"其他特定的脑血管疾病"
I6781,"急性脑血管功能不全"
I6782,"脑缺血"
I6783,"可逆性后路脑病综合征"
I6784,"脑血管痉挛和血管收缩"
I67841,"可逆性脑血管收缩综合征"
I67848,"其他脑血管痉挛和血管收缩"
I6785,"遗传性脑血管疾病"
I67850,"伴皮质下梗死和白质脑病的常染色体显性遗传性脑动脉病"
I67858,"其他遗传性脑血管疾病"
I6789,"其他脑血管疾病"
I679,"脑血管疾病，未明确"
I68,"其他分类疾病中的脑血管疾病"
I680,"脑淀粉样血管病"
I682,"其他分类疾病中的脑动脉炎"
I688,"其他分类疾病中的其他脑血管疾病"
I69,"脑血管疾病的后遗症"
I690,"非创伤性蛛网膜下腔出血的后遗症"
I6900,"非创伤性蛛网膜下腔出血的未明确后遗症"
I6901,"非创伤性蛛网膜下腔出血后的认知缺陷"
I69010,"非创伤性蛛网膜下腔出血后的注意力和注意力缺陷"
I69011,"非创伤性蛛网膜下腔出血后的记忆缺陷"
I69012,"非创伤性蛛网膜下腔出血后的视觉空间缺损和空间忽视"
I69013,"非创伤性蛛网膜下腔出血后的精神运动功能障碍"
I69014,"非创伤性蛛网膜下腔出血后的额叶和执行功能缺陷"
I69015,"非创伤性蛛网膜下腔出血后的认知、社交或情感缺陷"
I69018,"非创伤性蛛网膜下腔出血后涉及认知功能的其他症状和体征"
I69019,"涉及非创伤性蛛网膜下腔出血后认知功能的不明症状和体征"
I6902,"非创伤性蛛网膜下腔出血后的言语和语言缺陷"
I69020,"非创伤性蛛网膜下腔出血后的失语症"
I69021,"非创伤性蛛网膜下腔出血后的言语障碍"
I69022,"非创伤性蛛网膜下腔出血后的构音障碍"
I69023,"非创伤性蛛网膜下腔出血后的流畅性障碍"
I69028,"非创伤性蛛网膜下腔出血后的其他言语和语言缺陷"
I6903,"非创伤性蛛网膜下腔出血后上肢单瘫"
I69031,"影响右侧优势侧的非创伤性蛛网膜下腔出血后上肢单瘫"
I69032,"影响左侧优势侧的非创伤性蛛网膜下腔出血后上肢单瘫"
I69033,"影响右侧非优势侧的非创伤性蛛网膜下腔出血后上肢单瘫"
I69034,"影响左侧非优势侧的非创伤性蛛网膜下腔出血后上肢单瘫"
I69039,"影响未指定侧的非创伤性蛛网膜下腔出血后上肢单瘫"
I6904,"非创伤性蛛网膜下腔出血后下肢单瘫"
I69041,"影响右侧优势侧的非创伤性蛛网膜下腔出血后下肢单瘫"
I69042,"影响左侧优势侧的非创伤性蛛网膜下腔出血后下肢单瘫"
I69043,"影响右侧非优势侧的非创伤性蛛网膜下腔出血后下肢单瘫"
I69044,"影响左侧非优势侧的非创伤性蛛网膜下腔出血后下肢单瘫"
I69049,"影响未指定侧的非创伤性蛛网膜下腔出血后下肢单瘫"
I6905,"非创伤性蛛网膜下腔出血后的偏瘫和偏瘫"
I69051,"影响右侧优势侧的非创伤性蛛网膜下腔出血后的偏瘫和偏瘫"
I69052,"影响左侧优势侧的非创伤性蛛网膜下腔出血后的偏瘫和偏瘫"
I69053,"影响右侧非优势侧的非创伤性蛛网膜下腔出血后的偏瘫和偏瘫"
I69054,"影响左侧非优势侧的非创伤性蛛网膜下腔出血后的偏瘫和偏瘫"
I69059,"影响未指定一侧的非创伤性蛛网膜下腔出血后的偏瘫和偏瘫"
I6906,"非创伤性蛛网膜下腔出血后的其他麻痹综合征"
I69061,"影响右侧优势侧的非创伤性蛛网膜下腔出血后的其他麻痹综合征"
I69062,"影响左侧优势侧的非创伤性蛛网膜下腔出血后的其他麻痹综合征"
I69063,"影响右侧非优势侧的非创伤性蛛网膜下腔出血后的其他麻痹综合征"
I69064,"影响左侧非优势侧的非创伤性蛛网膜下腔出血后的其他麻痹综合征"
I69065,"非创伤性蛛网膜下腔出血后的其他麻痹综合征，双侧"
I69069,"影响未指定一侧的非创伤性蛛网膜下腔出血后的其他麻痹综合征"
I6909,"非创伤性蛛网膜下腔出血的其他后遗症"
I69090,"非创伤性蛛网膜下腔出血后的失用症"
I69091,"非创伤性蛛网膜下腔出血后的吞咽困难"
I69092,"非创伤性蛛网膜下腔出血后的面部无力"
I69093,"非创伤性蛛网膜下腔出血后的共济失调"
I69098,"非创伤性蛛网膜下腔出血后的其他后遗症"
I691,"非创伤性脑出血的后遗症"
I6910,"非创伤性脑出血的不明后遗症"
I6911,"非创伤性脑出血后的认知缺陷"
I69110,"非创伤性脑出血后的注意力和注意力缺陷"
I69111,"非创伤性脑出血后的记忆缺陷"
I69112,"非创伤性脑出血后的视觉空间缺损和空间忽视"
I69113,"非创伤性脑出血后的精神运动功能障碍"
I69114,"非创伤性脑出血后的额叶和执行功能缺陷"
I69115,"非创伤性脑出血后的认知、社交或情感缺陷"
I69118,"非创伤性脑出血后涉及认知功能的其他症状和体征"
I69119,"涉及非创伤性脑出血后认知功能的不明症状和体征"
I6912,"非创伤性脑出血后的言语和语言障碍"
I69120,"非创伤性脑出血后失语症"
I69121,"非创伤性脑出血后的言语障碍"
I69122,"非创伤性脑出血后的构音障碍"
I69123,"非创伤性脑出血后的流畅性障碍"
I69128,"非创伤性脑出血后的其他言语和语言缺陷"
I6913,"非创伤性脑出血后上肢单瘫"
I69131,"影响右侧优势侧的非创伤性脑出血后上肢单瘫"
I69132,"影响左侧优势侧的非创伤性脑出血后上肢单瘫"
I69133,"影响右侧非优势侧的非创伤性脑出血后上肢单瘫"
I69134,"影响左侧非优势侧的非创伤性脑出血后上肢单瘫"
I69139,"影响未指定一侧的非创伤性脑出血后上肢单瘫"
I6914,"非创伤性脑出血后下肢单瘫"
I69141,"影响右侧优势侧的非创伤性脑出血后下肢单瘫"
I69142,"影响左侧优势侧的非创伤性脑出血后下肢单瘫"
I69143,"影响右侧非优势侧的非创伤性脑出血后下肢单瘫"
I69144,"影响左侧非优势侧的非创伤性脑出血后下肢单瘫"
I69149,"影响未指定侧的非创伤性脑出血后下肢单瘫"
I6915,"非创伤性脑出血后的偏瘫和偏瘫"
I69151,"影响右侧优势侧的非创伤性脑出血后的偏瘫和偏瘫"
I69152,"影响左侧优势侧的非创伤性脑出血后的偏瘫和偏瘫"
I69153,"影响右侧非优势侧的非创伤性脑出血后的偏瘫和偏瘫"
I69154,"影响左侧非优势侧的非创伤性脑出血后的偏瘫和偏瘫"
I69159,"影响未指定一侧的非创伤性脑出血后的偏瘫和偏瘫"
I6916,"非创伤性脑出血后的其他麻痹综合征"
I69161,"影响右侧优势侧的非创伤性脑出血后的其他麻痹综合征"
I69162,"影响左侧优势侧的非创伤性脑出血后的其他麻痹综合征"
I69163,"影响右侧非优势侧的非创伤性脑出血后的其他麻痹综合征"
I69164,"影响左侧非优势侧的非创伤性脑出血后的其他麻痹综合征"
I69165,"非创伤性脑出血后的其他麻痹综合征，双侧"
I69169,"影响未指定一侧的非创伤性脑出血后的其他麻痹综合征"
I6919,"非创伤性脑出血的其他后遗症"
I69190,"非创伤性脑出血后的失用症"
I69191,"非创伤性脑出血后的吞咽困难"
I69192,"非创伤性脑出血后的面部无力"
I69193,"非创伤性脑出血后的共济失调"
I69198,"非创伤性脑出血的其他后遗症"
I692,"其他非创伤性颅内出血的后遗症"
I6920,"其他非创伤性颅内出血的不明后遗症"
I6921,"其他非创伤性颅内出血后的认知缺陷"
I69210,"其他非创伤性颅内出血后的注意力和注意力缺陷"
I69211,"其他非创伤性颅内出血后的记忆缺陷"
I69212,"其他非创伤性颅内出血后的视觉空间缺损和空间忽视"
I69213,"其他非创伤性颅内出血后的精神运动障碍"
I69214,"其他非创伤性颅内出血后的额叶和执行功能缺陷"
I69215,"其他非创伤性颅内出血后的认知社交或情感缺陷"
I69218,"其他非创伤性颅内出血后涉及认知功能的其他症状和体征"
I69219,"涉及其他非创伤性颅内出血后认知功能的不明症状和体征"
I6922,"其他非创伤性颅内出血后的言语和语言障碍"
I69220,"其他非创伤性颅内出血后失语症"
I69221,"其他非创伤性颅内出血后的言语障碍"
I69222,"其他非创伤性颅内出血后的构音障碍"
I69223,"其他非创伤性颅内出血后的流畅性障碍"
I69228,"其他非创伤性颅内出血后的其他言语和语言缺陷"
I6923,"其他非创伤性颅内出血后上肢单瘫"
I69231,"影响右侧优势侧的其他非创伤性颅内出血后上肢单瘫"
I69232,"影响左侧优势侧的其他非创伤性颅内出血后上肢单瘫"
I69233,"影响右侧非优势侧的其他非创伤性颅内出血后上肢单瘫"
I69234,"影响左侧非优势侧的其他非创伤性颅内出血后上肢单瘫"
I69239,"影响未指定一侧的其他非创伤性颅内出血后上肢单瘫"
I6924,"其他非创伤性颅内出血后下肢单瘫"
I69241,"影响右侧优势侧的其他非创伤性颅内出血后下肢单瘫"
I69242,"影响左侧优势侧的其他非创伤性颅内出血后下肢单瘫"
I69243,"影响右侧非优势侧的其他非创伤性颅内出血后下肢单瘫"
I69244,"影响左侧非优势侧的其他非创伤性颅内出血后下肢单瘫"
I69249,"影响未指定一侧的其他非创伤性颅内出血后下肢单瘫"
I6925,"其他非创伤性颅内出血后的偏瘫和偏瘫"
I69251,"影响右侧优势侧的其他非创伤性颅内出血后的偏瘫和偏瘫"
I69252,"影响左侧优势侧的其他非创伤性颅内出血后的偏瘫和偏瘫"
I69253,"影响右侧非优势侧的其他非创伤性颅内出血后的偏瘫和偏瘫"
I69254,"影响左侧非优势侧的其他非创伤性颅内出血后的偏瘫和偏瘫"
I69259,"偏瘫和影响未指定一侧的其他非创伤性颅内出血后的偏瘫"
I6926,"其他非创伤性颅内出血后的其他麻痹综合征"
I69261,"影响右侧优势侧的其他非创伤性颅内出血后的其他麻痹综合征"
I69262,"影响左侧优势侧的其他非创伤性颅内出血后的其他麻痹综合征"
I69263,"影响右侧非优势侧的其他非创伤性颅内出血后的其他麻痹综合征"
I69264,"影响左侧非优势侧的其他非创伤性颅内出血后的其他麻痹综合征"
I69265,"其他非创伤性颅内出血后的其他麻痹综合征，双侧"
I69269,"影响未指定一侧的其他非创伤性颅内出血后的其他麻痹综合征"
I6929,"其他非创伤性颅内出血的其他后遗症"
I69290,"其他非创伤性颅内出血后的失用症"
I69291,"其他非创伤性颅内出血后的吞咽困难"
I69292,"其他非创伤性颅内出血后的面部无力"
I69293,"其他非创伤性颅内出血后共济失调"
I69298,"其他非创伤性颅内出血的其他后遗症"
I693,"脑梗死后遗症"
I6930,"脑梗死的不明后遗症"
I6931,"脑梗死后的认知缺陷"
I69310,"脑梗死后的注意力和注意力缺陷"
I69311,"脑梗死后的记忆缺陷"
I69312,"脑梗死后的视觉空间缺陷和空间忽视"
I69313,"脑梗死后的精神运动障碍"
I69314,"脑梗死后的额叶和执行功能缺陷"
I69315,"脑梗死后的认知社交或情感缺陷"
I69318,"脑梗死后涉及认知功能的其他症状和体征"
I69319,"脑梗死后涉及认知功能的不明症状和体征"
I6932,"脑梗死后的言语和语言缺陷"
I69320,"脑梗死后失语症"
I69321,"脑梗死后言语障碍"
I69322,"脑梗死后构音障碍"
I69323,"脑梗死后的流畅性障碍"
I69328,"脑梗死后的其他言语和语言缺陷"
I6933,"脑梗死后上肢单瘫"
I69331,"影响右侧优势侧的脑梗死后上肢单瘫"
I69332,"影响左侧优势侧的脑梗塞后上肢单瘫"
I69333,"脑梗死后上肢单瘫影响右侧非优势侧"
I69334,"影响左侧非优势侧的脑梗死后上肢单瘫"
I69339,"影响未指定一侧的脑梗塞后上肢单瘫"
I6934,"脑梗死后下肢单瘫"
I69341,"影响右侧优势侧的脑梗塞后下肢单瘫"
I69342,"影响左侧优势侧的脑梗死后下肢单瘫"
I69343,"影响右侧非优势侧的脑梗死后下肢单瘫"
I69344,"影响左侧非优势侧的脑梗死后下肢单瘫"
I69349,"影响未指定一侧的脑梗死后下肢单瘫"
I6935,"偏瘫和脑梗死后偏瘫"
I69351,"影响右侧优势侧的偏瘫和脑梗死后偏瘫"
I69352,"影响左侧优势侧的脑梗死后偏瘫和偏瘫"
I69353,"影响右侧非优势侧的脑梗死后偏瘫和偏瘫"
I69354,"影响左侧非优势侧的脑梗死后偏瘫和偏瘫"
I69359,"影响未指定一侧的脑梗死后偏瘫和偏瘫"
I6936,"脑梗死后的其他麻痹综合征"
I69361,"影响右侧优势侧的脑梗死后的其他麻痹综合征"
I69362,"影响左侧优势侧的脑梗死后的其他麻痹综合征"
I69363,"影响右侧非优势侧的脑梗死后的其他麻痹综合征"
I69364,"影响左侧非优势侧的脑梗死后的其他麻痹综合征"
I69365,"脑梗死后的其他麻痹综合征，双侧"
I69369,"影响未指定一侧的脑梗死后的其他麻痹综合征"
I6939,"脑梗死的其他后遗症"
I69390,"脑梗死后失用症"
I69391,"脑梗死后吞咽困难"
I69392,"脑梗死后面部无力"
I69393,"脑梗死后共济失调"
I69398,"脑梗死的其他后遗症"
I698,"其他脑血管疾病的后遗症"
I6980,"其他脑血管疾病的未明确后遗症"
I6981,"其他脑血管疾病后的认知缺陷"
I69810,"其他脑血管疾病后的注意力和注意力缺陷"
I69811,"其他脑血管疾病后的记忆缺陷"
I69812,"其他脑血管疾病后的视觉空间缺损和空间忽视"
I69813,"其他脑血管疾病后的精神运动功能障碍"
I69814,"其他脑血管疾病后的额叶和执行功能缺陷"
I69815,"其他脑血管疾病后的认知社交或情感缺陷"
I69818,"其他脑血管疾病后涉及认知功能的其他症状和体征"
I69819,"涉及其他脑血管疾病后认知功能的未明确症状和体征"
I6982,"其他脑血管疾病后的言语和语言缺陷"
I69820,"其他脑血管疾病后失语症"
I69821,"其他脑血管疾病引起的言语障碍"
I69822,"其他脑血管疾病后构音障碍"
I69823,"其他脑血管疾病后的流畅性障碍"
I69828,"其他脑血管疾病后的其他言语和语言缺陷"
I6983,"其他脑血管疾病后上肢单瘫"
I69831,"影响右侧优势侧的其他脑血管疾病后上肢单瘫"
I69832,"影响左侧优势侧的其他脑血管疾病后上肢单瘫"
I69833,"影响右侧非优势侧的其他脑血管疾病后上肢单瘫"
I69834,"影响左侧非优势侧的其他脑血管疾病后上肢单瘫"
I69839,"影响未指定一侧的其他脑血管疾病后上肢单瘫"
I6984,"其他脑血管疾病后下肢单瘫"
I69841,"影响右侧优势侧的其他脑血管疾病后下肢单瘫"
I69842,"影响左侧优势侧的其他脑血管疾病后下肢单瘫"
I69843,"影响右侧非优势侧的其他脑血管疾病后下肢单瘫"
I69844,"影响左侧非优势侧的其他脑血管疾病后下肢单瘫"
I69849,"影响未指定一侧的其他脑血管疾病后下肢单瘫"
I6985,"偏瘫和其他脑血管疾病后偏瘫"
I69851,"影响右侧优势侧的其他脑血管疾病后的偏瘫和偏瘫"
I69852,"影响左侧优势侧的其他脑血管疾病后的偏瘫和偏瘫"
I69853,"影响右侧非优势侧的其他脑血管疾病后的偏瘫和偏瘫"
I69854,"影响左侧非优势侧的其他脑血管疾病后的偏瘫和偏瘫"
I69859,"影响未指定一侧的其他脑血管疾病后的偏瘫和偏瘫"
I6986,"其他脑血管疾病后的其他麻痹综合征"
I69861,"影响右侧优势侧的其他脑血管疾病后的其他麻痹综合征"
I69862,"影响左侧优势侧的其他脑血管疾病后的其他麻痹综合征"
I69863,"影响右侧非优势侧的其他脑血管疾病后的其他麻痹综合征"
I69864,"影响左侧非优势侧的其他脑血管疾病后的其他麻痹综合征"
I69865,"其他脑血管疾病后的其他麻痹综合征，双侧"
I69869,"影响未指定一侧的其他脑血管疾病后的其他麻痹综合征"
I6989,"其他脑血管疾病的其他后遗症"
I69890,"其他脑血管疾病后的失用症"
I69891,"其他脑血管疾病后的吞咽困难"
I69892,"其他脑血管疾病后出现的面无力"
I69893,"其他脑血管疾病后共济失调"
I69898,"其他脑血管疾病的其他后遗症"
I699,"未明确脑血管疾病的后遗症"
I6990,"未指明脑血管疾病的未指明后遗症"
I6991,"未指明的脑血管疾病后的认知缺陷"
I69910,"未明确脑血管疾病后的注意力和注意力缺陷"
I69911,"未指明的脑血管疾病后的记忆缺陷"
I69912,"未特异性脑血管疾病后的视觉空间缺陷和空间忽视"
I69913,"未明确脑血管疾病后的精神运动功能障碍"
I69914,"未指明的脑血管疾病后的额叶和执行功能缺陷"
I69915,"未指明的脑血管疾病后的认知社交或情感缺陷"
I69918,"未指明的脑血管疾病后涉及认知功能的其他症状和体征"
I69919,"涉及未明确脑血管疾病后认知功能的未明确症状和体征"
I6992,"未指明的脑血管疾病后的言语和语言缺陷"
I69920,"未指明的脑血管疾病后失语症"
I69921,"未明确脑血管疾病后的言语障碍"
I69922,"未明确脑血管疾病后的构音障碍"
I69923,"未明确脑血管疾病后的流畅性障碍"
I69928,"未指明的脑血管疾病后的其他言语和语言缺陷"
I6993,"未指明的脑血管疾病后上肢单瘫"
I69931,"影响右侧优势侧的未指明脑血管疾病后上肢单瘫"
I69932,"影响左侧优势侧的未指明脑血管疾病后上肢单瘫"
I69933,"影响右侧非优势侧的未指明脑血管疾病后上肢单瘫"
I69934,"影响左侧非优势侧的未指明脑血管疾病后上肢单瘫"
I69939,"影响未指定一侧的未指定脑血管疾病后上肢单瘫"
I6994,"未指明的脑血管疾病后下肢单瘫"
I69941,"影响右侧优势侧的未指明脑血管疾病后下肢单瘫"
I69942,"影响左侧优势侧的未指明脑血管疾病后下肢单瘫"
I69943,"影响右侧非优势侧的未指明脑血管疾病后下肢单瘫"
I69944,"影响左侧非优势侧的未指明脑血管疾病后下肢单瘫"
I69949,"影响未指定一侧的未指定脑血管疾病后下肢单瘫"
I6995,"未明确脑血管疾病后的偏瘫和偏瘫"
I69951,"影响右侧优势侧的未明确脑血管疾病后的偏瘫和偏瘫"
I69952,"影响左侧优势侧的未明确脑血管疾病后的偏瘫和偏瘫"
I69953,"影响右侧非优势侧的未明确脑血管疾病后的偏瘫和偏瘫"
I69954,"影响左侧非优势侧的未明确脑血管疾病后的偏瘫和偏瘫"
I69959,"影响未指定一侧的未指定脑血管疾病后的偏瘫和偏瘫"
I6996,"未明确脑血管疾病后的其他麻痹综合征"
I69961,"影响右侧优势侧的未明确脑血管疾病后的其他麻痹综合征"
I69962,"影响左侧优势侧的未明确脑血管疾病后的其他麻痹综合征"
I69963,"影响右侧非优势侧的未明确脑血管疾病后的其他麻痹综合征"
I69964,"影响左侧非优势侧的未指明脑血管疾病后的其他麻痹综合征"
I69965,"未明确脑血管疾病后的其他麻痹综合征，双侧"
I69969,"影响未指定一侧的未指定脑血管疾病后的其他麻痹综合征"
I6999,"未明确脑血管疾病的其他后遗症"
I69990,"未明确脑血管疾病后的失用症"
I69991,"未明确脑血管疾病后的吞咽困难"
I69992,"未明确脑血管疾病后的面部无力"
I69993,"未指明的脑血管疾病后共济失调"
I69998,"未明确脑血管疾病后的其他后遗症"
I70,"动脉粥样硬化"
I700,"主动脉粥样硬化"
I701,"肾动脉粥样硬化"
I702,"四肢自体动脉粥样硬化"
I7020,"四肢自体动脉未指定的动脉粥样硬化"
I70201,"未指明的四肢自体动脉粥样硬化，右腿"
I70202,"未指明的四肢自体动脉粥样硬化，左腿"
I70203,"四肢、双侧腿自体动脉的未明确动脉粥样硬化"
I70208,"肢体、其他肢体自体动脉的未指明动脉粥样硬化"
I70209,"未指定的肢体自体动脉粥样硬化，未指定的肢体"
I7021,"四肢自体动脉粥样硬化伴间歇性跛行"
I70211,"肢体自体动脉粥样硬化伴间歇性跛行，右腿"
I70212,"肢体自体动脉粥样硬化伴间歇性跛行，左腿"
I70213,"四肢自体动脉粥样硬化伴间歇性跛行，双侧腿部"
I70218,"肢体自体动脉粥样硬化伴间歇性跛行，其他肢体"
I70219,"肢体自体动脉粥样硬化伴间歇性跛行，肢体不明"
I7022,"四肢自体动脉粥样硬化伴静息痛"
I70221,"四肢自体动脉粥样硬化伴有静息痛，右腿"
I70222,"四肢自体动脉粥样硬化伴有静息痛，左腿"
I70223,"四肢自体动脉粥样硬化伴有静息痛，双侧腿部"
I70228,"四肢自体动脉粥样硬化伴有静息痛、其他肢体"
I70229,"四肢自体动脉粥样硬化伴有静息痛，未指明的肢体"
I7023,"右腿自体动脉粥样硬化伴溃疡"
I70231,"右腿自体动脉粥样硬化伴大腿溃疡"
I70232,"右腿自体动脉粥样硬化伴小腿溃疡"
I70233,"右腿自体动脉粥样硬化伴踝关节溃疡"
I70234,"右腿自体动脉粥样硬化伴足跟和中足溃疡"
I70235,"右腿自体动脉粥样硬化伴足部其他部分溃疡"
I70238,"右腿自体动脉粥样硬化伴小腿其他部分溃疡"
I70239,"右腿自体动脉粥样硬化伴未指定部位溃疡"
I7024,"左腿自体动脉粥样硬化伴溃疡"
I70241,"左腿自体动脉粥样硬化伴大腿溃疡"
I70242,"左腿自体动脉粥样硬化伴小腿溃疡"
I70243,"左腿自体动脉粥样硬化伴踝关节溃疡"
I70244,"左腿自体动脉粥样硬化伴足跟和中足溃疡"
I70245,"左腿自体动脉粥样硬化伴足部其他部分溃疡"
I70248,"左腿自体动脉粥样硬化伴小腿其他部分溃疡"
I70249,"左腿自体动脉粥样硬化伴未指定部位溃疡"
I7025,"其他肢体自体动脉粥样硬化伴溃疡"
I7026,"伴有坏疽的四肢自体动脉动脉粥样硬化"
I70261,"肢体自体动脉粥样硬化伴坏疽，右腿"
I70262,"四肢自体动脉粥样硬化伴坏疽，左腿"
I70263,"伴有坏疽的四肢自体动脉粥样硬化，双侧腿部"
I70268,"伴有坏疽的肢体自体动脉粥样硬化，其他肢体"
I70269,"伴有坏疽的肢体自体动脉粥样硬化，肢体不明"
I7029,"肢体自体动脉的其他动脉粥样硬化"
I70291,"四肢、右腿自体动脉的其他动脉粥样硬化"
I70292,"四肢、左腿自体动脉的其他动脉粥样硬化"
I70293,"四肢自体动脉的其他动脉粥样硬化，双侧腿部"
I70298,"其他 肢体自体动脉粥样硬化， 其他肢体"
I70299,"肢体自体动脉的其他动脉粥样硬化，未指明的肢体"
I703,"四肢旁路移植物类型不明的动脉粥样硬化"
I7030,"未指定类型的四肢旁路移植物的未指定动脉粥样硬化"
I70301,"未指定类型的四肢旁路移植物的未指定动脉粥样硬化，右腿"
I70302,"未指定类型的四肢旁路移植物的未指定动脉粥样硬化，左腿"
I70303,"未指定类型的四肢旁路移植物、双侧腿的未指定动脉粥样硬化"
I70308,"未指定类型的肢体旁路移植物、其他肢体的未指定动脉粥样硬化"
I70309,"未指定类型的肢体旁路移植物的未指定动脉粥样硬化，未指定肢体"
I7031,"未指定类型的肢体旁路移植物伴间歇性跛行的动脉粥样硬化"
I70311,"四肢未指定类型的旁路移植物的动脉粥样硬化伴间歇性跛行，右腿"
I70312,"四肢未指定类型的旁路移植物的动脉粥样硬化伴间歇性跛行，左腿"
I70313,"四肢未指定类型的旁路移植物的动脉粥样硬化伴间歇性跛行，双侧腿部"
I70318,"未指定类型的肢体旁路移植物的动脉粥样硬化伴间歇性跛行，其他肢体"
I70319,"肢体旁路移植物类型不明的动脉粥样硬化伴间歇性跛行，不明肢体"
I7032,"四肢未指定类型的旁路移植物的动脉粥样硬化伴有静息痛"
I70321,"四肢未指定类型的旁路移植物的动脉粥样硬化伴有静息痛，右腿"
I70322,"四肢未指定类型的旁路移植物的动脉粥样硬化伴有静息痛，左腿"
I70323,"四肢未指定类型的旁路移植物动脉粥样硬化伴有静息痛，双侧腿部"
I70328,"四肢旁路移植物类型不明的动脉粥样硬化伴有静息痛，其他肢体"
I70329,"四肢旁路移植物类型不明的动脉粥样硬化伴有静息痛，不明肢体"
I7033,"右腿未指定类型的旁路移植物的动脉粥样硬化伴溃疡"
I70331,"右腿旁路移植物类型不明的动脉粥样硬化伴大腿溃疡"
I70332,"右腿旁路移植物类型不明的动脉粥样硬化伴小腿溃疡"
I70333,"右腿未指定类型的旁路移植物的动脉粥样硬化伴踝部溃疡"
I70334,"右腿未指定类型的旁路移植物的动脉粥样硬化伴足跟和中足溃疡"
I70335,"右腿未指定类型的旁路移植物的动脉粥样硬化伴足部其他部分溃疡"
I70338,"右腿未指定类型的旁路移植物的动脉粥样硬化伴小腿其他部分的溃疡"
I70339,"右腿旁路移植物类型不明的动脉粥样硬化伴不明部位溃疡"
I7034,"左腿旁路移植物类型不明的动脉粥样硬化伴溃疡"
I70341,"左腿旁路移植物类型不明的动脉粥样硬化伴大腿溃疡"
I70342,"左腿未指定类型的旁路移植物动脉粥样硬化伴小腿溃疡"
I70343,"左腿旁路移植物类型不明的动脉粥样硬化伴踝关节溃疡"
I70344,"左腿未指定类型的旁路移植物的动脉粥样硬化伴足跟和中足溃疡"
I70345,"左腿未指定类型的旁路移植物的动脉粥样硬化伴足部其他部分溃疡"
I70348,"左腿未指定类型的旁路移植物的动脉粥样硬化伴小腿其他部分的溃疡"
I70349,"左腿旁路移植物类型不明的动脉粥样硬化伴不明部位溃疡"
I7035,"其他肢体旁路移植物类型不明的动脉粥样硬化伴溃疡"
I7036,"伴有坏疽的肢体旁路移植物类型不明的动脉粥样硬化"
I70361,"未指定类型的肢体旁路移植物的动脉粥样硬化伴坏疽，右腿"
I70362,"四肢坏疽未指定类型的旁路移植物动脉粥样硬化，左腿"
I70363,"未指定类型的肢体旁路移植物的动脉粥样硬化，伴有坏疽，双侧腿部"
I70368,"伴有坏疽的肢体、其他肢体的未指定类型的旁路移植物的动脉粥样硬化"
I70369,"伴有坏疽的肢体旁路移植物类型不明的动脉粥样硬化，不明肢体"
I7039,"其他未指定类型的四肢旁路移植物的动脉粥样硬化"
I70391,"其他未指定类型的四肢旁路移植物的动脉粥样硬化，右腿"
I70392,"其他未指定类型的四肢旁路移植物的动脉粥样硬化，左腿"
I70393,"其他未指定类型的四肢旁路移植物、双侧腿的动脉粥样硬化"
I70398,"其他未指定类型的肢体旁路移植物、其他肢体的动脉粥样硬化"
I70399,"其他未指定类型的肢体旁路移植物的动脉粥样硬化，未指定的肢体"
I704,"四肢自体静脉旁路移植物动脉粥样硬化"
I7040,"四肢自体静脉旁路移植术的未指定动脉粥样硬化"
I70401,"未指定的四肢自体静脉旁路移植物动脉粥样硬化，右腿"
I70402,"未指定的四肢自体静脉旁路移植物动脉粥样硬化，左腿"
I70403,"未指定的自体静脉动脉粥样硬化四肢旁路移植物，双侧腿"
I70408,"未指明的自体静脉动脉粥样硬化四肢旁路移植物、其他肢体"
I70409,"未指明的自体静脉动脉粥样硬化四肢旁路移植物，未指明的肢体"
I7041,"四肢自体静脉旁路移植物动脉粥样硬化伴间歇性跛行"
I70411,"四肢自体静脉旁路移植物动脉粥样硬化伴间歇性跛行，右腿"
I70412,"四肢自体静脉旁路移植物动脉粥样硬化伴间歇性跛行，左腿"
I70413,"四肢自体静脉旁路移植物伴间歇性跛行、双侧腿部动脉粥样硬化"
I70418,"四肢自体静脉旁路移植术伴间歇性跛行的动脉粥样硬化，其他肢体"
I70419,"四肢自体静脉旁路移植术动脉粥样硬化伴间歇性跛行，肢体不明"
I7042,"四肢自体静脉旁路移植术动脉粥样硬化伴静息痛"
I70421,"四肢自体静脉旁路移植物动脉粥样硬化伴有静息痛，右腿"
I70422,"四肢自体静脉旁路移植物动脉粥样硬化伴有静息痛，左腿"
I70423,"四肢自体静脉旁路移植术动脉粥样硬化伴有静息痛，双侧腿部"
I70428,"四肢自体静脉旁路移植物动脉粥样硬化伴有静息痛，其他肢体"
I70429,"四肢自体静脉旁路移植术动脉粥样硬化伴有静息痛，未指明的肢体"
I7043,"右腿自体静脉旁路移植物动脉粥样硬化伴溃疡"
I70431,"右腿自体静脉旁路移植物动脉粥样硬化伴大腿溃疡"
I70432,"右腿自体静脉旁路移植物动脉粥样硬化伴小腿溃疡"
I70433,"右腿自体静脉旁路移植物动脉粥样硬化伴踝关节溃疡"
I70434,"右腿自体静脉旁路移植物动脉粥样硬化伴足跟和中足溃疡"
I70435,"右腿自体静脉旁路移植物动脉粥样硬化伴足部其他部分溃疡"
I70438,"右腿自体静脉旁路移植物动脉粥样硬化伴小腿其他部分溃疡"
I70439,"右腿自体静脉旁路移植物动脉粥样硬化伴未指定部位溃疡"
I7044,"左腿自体静脉旁路移植物动脉粥样硬化伴溃疡"
I70441,"左腿自体静脉旁路移植物动脉粥样硬化伴大腿溃疡"
I70442,"左腿自体静脉旁路移植物动脉粥样硬化伴小腿溃疡"
I70443,"左腿自体静脉旁路移植物动脉粥样硬化伴踝关节溃疡"
I70444,"左腿自体静脉旁路移植物动脉粥样硬化伴足跟和中足溃疡"
I70445,"左腿自体静脉旁路移植物动脉粥样硬化伴足部其他部分溃疡"
I70448,"左腿自体静脉旁路移植物动脉粥样硬化伴小腿其他部分溃疡"
I70449,"左腿自体静脉旁路移植物动脉粥样硬化伴未指定部位溃疡"
I7045,"其他肢体自体静脉旁路移植物动脉粥样硬化伴溃疡"
I7046,"伴有坏疽的四肢自体静脉旁路移植术动脉粥样硬化"
I70461,"肢体自体静脉旁路移植物动脉粥样硬化伴坏疽，右腿"
I70462,"伴有坏疽的四肢自体静脉旁路移植物动脉粥样硬化，左腿"
I70463,"四肢自体静脉旁路移植术动脉粥样硬化伴坏疽，双侧腿部"
I70468,"伴有坏疽的四肢自体静脉旁路移植物动脉粥样硬化，其他肢体"
I70469,"伴有坏疽的肢体自体静脉旁路移植物动脉粥样硬化，未指明的肢体"
I7049,"其他自体静脉动脉粥样硬化 四肢旁路移植物"
I70491,"其他自体静脉动脉粥样硬化 四肢旁路移植物，右腿"
I70492,"其他自体静脉动脉粥样硬化 四肢旁路移植物，左腿"
I70493,"其他自体静脉动脉粥样硬化 四肢旁路移植物，双侧腿部"
I70498,"其他自体静脉动脉粥样硬化 四肢旁路移植物、其他肢体"
I70499,"其他自体静脉动脉粥样硬化 四肢旁路移植物，未指明的肢体"
I705,"四肢非自体生物旁路移植物的动脉粥样硬化"
I7050,"四肢非自体生物旁路移植物的未指定动脉粥样硬化"
I70501,"四肢、右腿非自体生物旁路移植物的未指定动脉粥样硬化"
I70502,"四肢非自体生物旁路移植物的未指定动脉粥样硬化，左腿"
I70503,"四肢、双侧腿部非自体生物旁路移植物的未指定动脉粥样硬化"
I70508,"肢体、其他肢体非自体生物旁路移植物的未指定动脉粥样硬化"
I70509,"肢体非自体生物旁路移植物的未指定动脉粥样硬化，未指定的肢体"
I7051,"非自体生物旁路移植物的动脉粥样硬化 肢体间歇性跛行"
I70511,"肢体非自体生物旁路移植物动脉粥样硬化伴间歇性跛行，右腿"
I70512,"肢体非自体生物旁路移植物的动脉粥样硬化伴间歇性跛行，左腿"
I70513,"肢体非自体生物旁路移植物的动脉粥样硬化伴间歇性跛行，双侧腿部"
I70518,"肢体非自体生物旁路移植物的动脉粥样硬化伴间歇性跛行，其他肢体"
I70519,"肢体非自体生物旁路移植物的动脉粥样硬化伴间歇性跛行，未指明的肢体"
I7052,"伴有静息痛的肢体非自体生物旁路移植物动脉粥样硬化"
I70521,"四肢非自体生物旁路移植物动脉粥样硬化伴有静息痛，右腿"
I70522,"四肢非自体生物旁路移植物动脉粥样硬化伴有静息痛，左腿"
I70523,"四肢非自体生物旁路移植物动脉粥样硬化伴有静息痛，双侧腿部"
I70528,"四肢非自体生物旁路移植物的动脉粥样硬化伴有静息痛，其他肢体"
I70529,"四肢非自体生物旁路移植物的动脉粥样硬化伴有静息痛，未指明的肢体"
I7053,"右腿非自体生物旁路移植物的动脉粥样硬化伴溃疡"
I70531,"右腿非自体生物旁路移植物动脉粥样硬化伴大腿溃疡"
I70532,"右腿非自体生物旁路移植物动脉粥样硬化伴小腿溃疡"
I70533,"右腿非自体生物旁路移植物动脉粥样硬化伴踝关节溃疡"
I70534,"右腿非自体生物旁路移植物动脉粥样硬化伴足跟和中足溃疡"
I70535,"右腿非自体生物旁路移植物的动脉粥样硬化伴足部其他部分溃疡"
I70538,"右腿非自体生物旁路移植物的动脉粥样硬化伴小腿其他部分的溃疡"
I70539,"右腿非自体生物旁路移植物动脉粥样硬化伴不明部位溃疡"
I7054,"左腿非自体生物旁路移植物动脉粥样硬化伴溃疡"
I70541,"左腿非自体生物旁路移植物动脉粥样硬化伴大腿溃疡"
I70542,"左腿非自体生物旁路移植物动脉粥样硬化伴小腿溃疡"
I70543,"左腿非自体生物旁路移植物的动脉粥样硬化伴踝关节溃疡"
I70544,"左腿非自体生物旁路移植物动脉粥样硬化伴足跟和中足溃疡"
I70545,"左腿非自体生物旁路移植物的动脉粥样硬化伴足部其他部分溃疡"
I70548,"左腿非自体生物旁路移植物的动脉粥样硬化伴小腿其他部分的溃疡"
I70549,"左腿非自体生物旁路移植物动脉粥样硬化伴未指定部位溃疡"
I7055,"伴有溃疡的其他肢体非自体生物旁路移植物的动脉粥样硬化"
I7056,"伴有坏疽的四肢非自体生物旁路移植物的动脉粥样硬化"
I70561,"肢体非自体生物旁路移植物的动脉粥样硬化伴坏疽，右腿"
I70562,"四肢坏疽非自体生物旁路移植物动脉粥样硬化，左腿"
I70563,"四肢非自体生物旁路移植物的动脉粥样硬化伴坏疽，双侧腿部"
I70568,"伴有坏疽的肢体非自体生物旁路移植物的动脉粥样硬化，其他肢体"
I70569,"伴有坏疽的肢体非自体生物旁路移植物的动脉粥样硬化，未指明的肢体"
I7059,"四肢非自体生物旁路移植物的其他动脉粥样硬化"
I70591,"四肢、右腿非自体生物旁路移植物的其他动脉粥样硬化"
I70592,"四肢、左腿非自体生物旁路移植物的其他动脉粥样硬化"
I70593,"四肢、双侧腿非自体生物旁路移植物的其他动脉粥样硬化"
I70598,"肢体非自体生物旁路移植物的其他动脉粥样硬化，其他肢体"
I70599,"肢体非自体生物旁路移植物的其他动脉粥样硬化，未指定的肢体"
I706,"四肢非生物性旁路移植物的动脉粥样硬化"
I7060,"四肢非生物性旁路移植物的未指定动脉粥样硬化"
I70601,"四肢非生物性旁路移植物、右腿的未指定动脉粥样硬化"
I70602,"四肢非生物性旁路移植物、左腿的未指定动脉粥样硬化"
I70603,"四肢、双侧腿非生物性旁路移植物的未指定动脉粥样硬化"
I70608,"肢体、其他肢体非生物性旁路移植物的未指定动脉粥样硬化"
I70609,"肢体非生物性旁路移植物的未指定动脉粥样硬化，未指定肢体"
I7061,"伴有间歇性跛行的肢体非生物性旁路移植物动脉粥样硬化"
I70611,"肢体非生物性旁路移植物的动脉粥样硬化伴间歇性跛行，右腿"
I70612,"肢体非生物性旁路移植物动脉粥样硬化伴间歇性跛行，左腿"
I70613,"肢体非生物性旁路移植物动脉粥样硬化伴间歇性跛行，双侧腿部"
I70618,"肢体非生物性旁路移植物的动脉粥样硬化伴间歇性跛行，其他肢体"
I70619,"肢体非生物性旁路移植物的动脉粥样硬化伴间歇性跛行，未指明的肢体"
I7062,"四肢非生物性旁路移植物动脉粥样硬化伴静息痛"
I70621,"四肢非生物性旁路移植物动脉粥样硬化伴有静息痛，右腿"
I70622,"四肢非生物性旁路移植物动脉粥样硬化伴有静息痛，左腿"
I70623,"四肢非生物性旁路移植物动脉粥样硬化伴有静息痛，双侧腿部"
I70628,"肢体非生物性旁路移植物的动脉粥样硬化伴有静息痛，其他肢体"
I70629,"四肢非生物性旁路移植物的动脉粥样硬化伴有静息痛，未指明的肢体"
I7063,"右腿非生物性旁路移植物动脉粥样硬化伴溃疡"
I70631,"右腿非生物性旁路移植物动脉粥样硬化伴大腿溃疡"
I70632,"右腿非生物性旁路移植物动脉粥样硬化伴小腿溃疡"
I70633,"右腿非生物性旁路移植物的动脉粥样硬化伴踝关节溃疡"
I70634,"右腿非生物性旁路移植物动脉粥样硬化伴足跟和中足溃疡"
I70635,"右腿非生物性旁路移植物的动脉粥样硬化伴足部其他部分溃疡"
I70638,"右腿非生物性旁路移植物的动脉粥样硬化伴小腿其他部分的溃疡"
I70639,"右腿非生物性旁路移植物的动脉粥样硬化伴未指定部位的溃疡"
I7064,"伴有溃疡的左腿非生物性旁路移植物动脉粥样硬化"
I70641,"左腿非生物性旁路移植物动脉粥样硬化伴大腿溃疡"
I70642,"左腿非生物性旁路移植物动脉粥样硬化伴小腿溃疡"
I70643,"左腿非生物性旁路移植物动脉粥样硬化伴踝关节溃疡"
I70644,"左腿非生物性旁路移植物动脉粥样硬化伴足跟和中足溃疡"
I70645,"左腿非生物性旁路移植物的动脉粥样硬化伴足部其他部分溃疡"
I70648,"左腿非生物性旁路移植物的动脉粥样硬化伴小腿其他部分的溃疡"
I70649,"左腿非生物性旁路移植物动脉粥样硬化伴未指定部位溃疡"
I7065,"伴有溃疡的其他肢体非生物性旁路移植物的动脉粥样硬化"
I7066,"伴有坏疽的肢体非生物性旁路移植物的动脉粥样硬化"
I70661,"伴有坏疽的肢体非生物性旁路移植物动脉粥样硬化，右腿"
I70662,"伴有坏疽的四肢非生物性旁路移植物动脉粥样硬化，左腿"
I70663,"伴有坏疽的四肢非生物性旁路移植物动脉粥样硬化，双侧腿部"
I70668,"伴有坏疽的肢体非生物性旁路移植物的动脉粥样硬化，其他肢体"
I70669,"伴有坏疽的肢体非生物性旁路移植物动脉粥样硬化，未指明的肢体"
I7069,"肢体非生物性旁路移植物的其他动脉粥样硬化"
I70691,"肢体、右腿非生物性旁路移植物的其他动脉粥样硬化"
I70692,"四肢、左腿非生物性旁路移植物的其他动脉粥样硬化"
I70693,"四肢、双侧腿部非生物性旁路移植物的其他动脉粥样硬化"
I70698,"肢体非生物性旁路移植物的其他动脉粥样硬化，其他肢体"
I70699,"肢体非生物性旁路移植物的其他动脉粥样硬化，未指定的肢体"
I707,"肢体其他类型旁路移植物的动脉粥样硬化"
I7070,"肢体其他类型旁路移植物的未指定动脉粥样硬化"
I70701,"肢体其他类型旁路移植物的未指定动脉粥样硬化，右腿"
I70702,"四肢其他类型旁路移植物的未指定动脉粥样硬化，左腿"
I70703,"四肢、双侧腿部其他类型旁路移植物的未指定动脉粥样硬化"
I70708,"其他类型旁路移植物的未指定动脉粥样硬化，其他肢体"
I70709,"其他类型肢体旁路移植物的未指定动脉粥样硬化，未指定肢体"
I7071,"肢体其他类型旁路移植物的动脉粥样硬化伴间歇性跛行"
I70711,"肢体其他类型旁路移植物的动脉粥样硬化伴间歇性跛行，右腿"
I70712,"肢体其他类型旁路移植物的动脉粥样硬化伴间歇性跛行，左腿"
I70713,"肢体其他类型旁路移植物的动脉粥样硬化伴间歇性跛行，双侧腿部"
I70718,"其他肢体旁路移植物的动脉粥样硬化伴有间歇性跛行，其他肢体"
I70719,"肢体其他类型旁路移植物的动脉粥样硬化伴间歇性跛行，未指明的肢体"
I7072,"四肢其他类型旁路移植物的动脉粥样硬化伴有静息痛"
I70721,"肢体其他类型旁路移植物的动脉粥样硬化伴有静息痛，右腿"
I70722,"四肢其他类型旁路移植物的动脉粥样硬化伴有静息痛，左腿"
I70723,"其他类型四肢旁路移植物的动脉粥样硬化伴有静息痛，双侧腿部"
I70728,"其他类型肢体旁路移植物的动脉粥样硬化伴有静息痛、其他肢体"
I70729,"其他类型肢体旁路移植物的动脉粥样硬化伴有静息痛，未指明的肢体"
I7073,"伴有溃疡的右腿其他类型旁路移植物的动脉粥样硬化"
I70731,"右腿其他类型旁路移植物的动脉粥样硬化伴大腿溃疡"
I70732,"右腿其他类型旁路移植物的动脉粥样硬化伴小腿溃疡"
I70733,"右腿其他类型旁路移植物的动脉粥样硬化伴踝关节溃疡"
I70734,"右腿其他类型的旁路移植物动脉粥样硬化伴足跟和中足溃疡"
I70735,"右腿其他类型旁路移植物的动脉粥样硬化伴足部其他部位的溃疡"
I70738,"右腿其他类型旁路移植物的动脉粥样硬化伴小腿其他部分的溃疡"
I70739,"右腿其他类型旁路移植物的动脉粥样硬化伴未指定部位的溃疡"
I7074,"左腿其他类型旁路移植物的动脉粥样硬化伴溃疡"
I70741,"左腿其他类型旁路移植物的动脉粥样硬化伴大腿溃疡"
I70742,"左腿其他类型旁路移植物的动脉粥样硬化伴小腿溃疡"
I70743,"左腿其他类型旁路移植物的动脉粥样硬化伴踝部溃疡"
I70744,"左腿其他类型的旁路移植物动脉粥样硬化伴足跟和中足溃疡"
I70745,"左腿其他类型旁路移植物的动脉粥样硬化伴足部其他部位溃疡"
I70748,"左腿其他类型旁路移植物的动脉粥样硬化伴小腿其他部分的溃疡"
I70749,"左腿其他类型旁路移植物的动脉粥样硬化伴未指定部位的溃疡"
I7075,"其他肢体旁路移植物的动脉粥样硬化伴溃疡"
I7076,"伴有坏疽的肢体其他类型旁路移植物的动脉粥样硬化"
I70761,"伴有坏疽的肢体其他类型旁路移植物的动脉粥样硬化，右腿"
I70762,"伴有坏疽的肢体其他类型旁路移植物的动脉粥样硬化，左腿"
I70763,"伴有坏疽的肢体其他类型旁路移植物的动脉粥样硬化，双侧腿部"
I70768,"伴有坏疽的肢体其他类型旁路移植物的动脉粥样硬化，其他肢体"
I70769,"伴有坏疽的肢体其他类型旁路移植物的动脉粥样硬化，未指明的肢体"
I7079,"肢体其他类型旁路移植物的其他动脉粥样硬化"
I70791,"肢体其他类型旁路移植物的其他动脉粥样硬化，右腿"
I70792,"其他类型肢体旁路移植物的动脉粥样硬化，左腿"
I70793,"其他动脉粥样硬化 其他类型四肢旁路移植物、双侧腿"
I70798,"其他类型肢体旁路移植物的其他动脉粥样硬化，其他肢体"
I70799,"其他类型肢体旁路移植物的动脉粥样硬化，未指明的肢体"
I708,"其他动脉粥样硬化"
I709,"其他和未指明的动脉粥样硬化"
I7090,"未指明的动脉粥样硬化"
I7091,"全身性动脉粥样硬化"
I7092,"四肢动脉慢性完全闭塞"
I71,"主动脉瘤和夹层"
I710,"主动脉夹层"
I7100,"主动脉未指定部位的解剖"
I7101,"胸主动脉夹层"
I71010,"升主动脉夹层"
I71011,"主动脉弓夹层"
I71012,"胸降主动脉夹层"
I71019,"胸主动脉夹层，未指定"
I7102,"腹主动脉夹层"
I7103,"胸腹主动脉夹层"
I711,"胸主动脉瘤，破裂"
I7110,"胸主动脉瘤，破裂，未指定"
I7111,"升主动脉瘤破裂"
I7112,"主动脉弓动脉瘤破裂"
I7113,"胸降主动脉的动脉瘤，破裂"
I712,"胸主动脉瘤，无破裂"
I7120,"胸主动脉瘤，无破裂，未指定"
I7121,"升主动脉瘤，无破裂"
I7122,"主动脉弓动脉瘤，无破裂"
I7123,"胸降主动脉的动脉瘤，无破裂"
I713,"腹主动脉瘤，破裂"
I7130,"腹主动脉瘤，破裂，未指定"
I7131,"肾旁腹主动脉瘤，破裂"
I7132,"肾旁腹主动脉瘤，破裂"
I7133,"肾下腹主动脉瘤，破裂"
I714,"腹主动脉瘤，无破裂"
I7140,"腹主动脉瘤，无破裂，未指定"
I7141,"肾旁腹主动脉瘤，无破裂"
I7142,"近肾腹主动脉瘤，无破裂"
I7143,"肾下腹主动脉瘤，无破裂"
I715,"胸腹主动脉瘤，破裂"
I7150,"胸腹主动脉瘤，破裂，未指定"
I7151,"腹主动脉上动脉瘤，破裂"
I7152,"腹主动脉内脏旁动脉瘤，破裂"
I716,"胸腹主动脉瘤，无破裂"
I7160,"胸腹主动脉瘤，无破裂，未指定"
I7161,"腹主动脉上动脉瘤，无破裂"
I7162,"腹主动脉内脏旁动脉瘤，无破裂"
I718,"不明部位的主动脉瘤破裂"
I719,"不明部位的主动脉瘤，无破裂"
I72,"其他动脉瘤"
I720,"颈动脉瘤"
I721,"上肢动脉瘤"
I722,"肾动脉瘤"
I723,"髂动脉瘤"
I724,"下肢动脉瘤"
I725,"其他脑前动脉的动脉瘤"
I726,"椎动脉瘤"
I728,"其他指定动脉的动脉瘤"
I729,"不明部位的动脉瘤"
I73,"其他外周血管疾病"
I730,"雷诺综合征"
I7300,"无坏疽的雷诺综合征"
I7301,"伴有坏疽的雷诺综合征"
I731,"血栓闭塞性脉管炎 [Buerger 病]"
I738,"其他特定的外周血管疾病"
I7381,"红斑性肢痛症"
I7389,"其他特定的外周血管疾病"
I739,"外周血管疾病，未明确"
I74,"动脉栓塞和血栓形成"
I740,"腹主动脉栓塞和血栓形成"
I7401,"腹主动脉鞍栓"
I7409,"其他动脉栓塞和腹主动脉血栓形成"
I741,"主动脉其他和未指定部位的栓塞和血栓形成"
I7410,"主动脉未指定部位的栓塞和血栓形成"
I7411,"胸主动脉栓塞和血栓形成"
I7419,"主动脉其他部位的栓塞和血栓形成"
I742,"上肢动脉栓塞和血栓形成"
I743,"下肢动脉栓塞和血栓形成"
I744,"四肢动脉栓塞和血栓形成，未指定"
I745,"髂动脉栓塞和血栓形成"
I748,"其他动脉栓塞和血栓形成"
I749,"未指明动脉的栓塞和血栓形成"
I75,"动脉粥样硬化栓塞"
I750,"四肢动脉粥样硬化栓塞"
I7501,"上肢动脉粥样硬化栓塞"
I75011,"右上肢动脉粥样硬化栓塞"
I75012,"左上肢动脉粥样硬化栓塞"
I75013,"双侧上肢动脉粥样硬化栓塞"
I75019,"未指明的上肢动脉粥样硬化栓塞"
I7502,"下肢动脉粥样硬化栓塞"
I75021,"右下肢动脉粥样硬化栓塞"
I75022,"左下肢动脉粥样硬化栓塞"
I75023,"双侧下肢动脉粥样硬化栓塞"
I75029,"未指明的下肢动脉粥样硬化栓塞"
I758,"其他部位的动脉粥样硬化栓塞"
I7581,"肾动脉粥样硬化栓塞"
I7589,"其他部位的动脉粥样硬化栓塞"
I76,"脓毒性动脉栓塞"
I77,"动脉和小动脉的其他疾病"
I770,"动静脉瘘，获得性"
I771,"动脉狭窄"
I772,"动脉破裂"
I773,"动脉纤维肌发育不良"
I774,"腹腔动脉压迫综合征"
I775,"动脉坏死"
I776,"动脉炎，未指定"
I777,"其他动脉夹层"
I7770,"未指定动脉夹层"
I7771,"颈动脉夹层"
I7772,"髂动脉夹层"
I7773,"肾动脉夹层"
I7774,"椎动脉夹层"
I7775,"其他脑前动脉夹层"
I7776,"上肢动脉夹层"
I7777,"下肢动脉夹层"
I7779,"其他指定动脉夹层"
I778,"其他特定的动脉和小动脉疾病"
I7781,"主动脉扩张"
I77810,"胸主动脉扩张"
I77811,"腹主动脉扩张"
I77812,"胸腹主动脉扩张症"
I77819,"主动脉扩张，部位不明"
I7782,"抗中性粒细胞胞质抗体 [ANCA] 血管炎"
I7789,"其他特定的动脉和小动脉疾病"
I779,"动脉和小动脉疾病，未指定"
I78,"毛细血管疾病"
I780,"遗传性出血性毛细血管扩张症"
I781,"痣，非肿瘤性"
I788,"毛细血管的其他疾病"
I789,"毛细血管疾病，未明确"
I79,"其他分类疾病中的动脉、小动脉和毛细血管疾病"
I790,"其他分类疾病中的主动脉瘤"
I791,"其他分类疾病中的主动脉炎"
I798,"其他分类疾病中的动脉、小动脉和毛细血管疾病"
I80,"静脉炎和血栓性静脉炎"
I800,"下肢浅表血管的静脉炎和血栓性静脉炎"
I8000,"未指明的下肢浅表血管的静脉炎和血栓性静脉炎"
I8001,"右下肢浅表血管的静脉炎和血栓性静脉炎"
I8002,"左下肢浅表血管的静脉炎和血栓性静脉炎"
I8003,"下肢浅表血管的静脉炎和血栓性静脉炎，双侧"
I801,"股静脉静脉炎和血栓性静脉炎"
I8010,"未指明的股静脉静脉炎和血栓性静脉炎"
I8011,"右股静脉静脉炎和血栓性静脉炎"
I8012,"左股静脉静脉炎和血栓性静脉炎"
I8013,"双侧股静脉静脉炎和血栓性静脉炎"
I802,"下肢其他和未指明的深部血管的静脉炎和血栓性静脉炎"
I8020,"下肢未指明深血管的静脉炎和血栓性静脉炎"
I80201,"右下肢未指明深血管的静脉炎和血栓性静脉炎"
I80202,"左下肢未指明深血管的静脉炎和血栓性静脉炎"
I80203,"下肢未指明深血管的静脉炎和血栓性静脉炎，双侧"
I80209,"未指定下肢未指定深血管的静脉炎和血栓性静脉炎"
I8021,"静脉炎和髂静脉血栓性静脉炎"
I80211,"右髂静脉炎和血栓性静脉炎"
I80212,"左髂静脉炎和血栓性静脉炎"
I80213,"双侧髂静脉炎和血栓性静脉炎"
I80219,"静脉炎和未指明髂静脉的血栓性静脉炎"
I8022,"腘静脉炎和血栓性静脉炎"
I80221,"右腘静脉炎和血栓性静脉炎"
I80222,"左腘静脉静脉炎和血栓性静脉炎"
I80223,"双侧腘静脉静脉炎和血栓性静脉炎"
I80229,"静脉炎和未指明的腘静脉血栓性静脉炎"
I8023,"胫静脉炎和血栓性静脉炎"
I80231,"右胫静脉炎和血栓性静脉炎"
I80232,"左胫静脉静脉炎和血栓性静脉炎"
I80233,"双侧胫静脉静脉炎和血栓性静脉炎"
I80239,"静脉炎和未指明的胫静脉血栓性静脉炎"
I8024,"腓静脉炎和血栓性静脉炎"
I80241,"右腓静脉静脉炎和血栓性静脉炎"
I80242,"左腓静脉静脉炎和血栓性静脉炎"
I80243,"静脉炎和腓静脉血栓性静脉炎，双侧"
I80249,"静脉炎和未指明的腓静脉血栓性静脉炎"
I8025,"小腿肌静脉静脉炎和血栓性静脉炎"
I80251,"右小腿肌静脉静脉炎和血栓性静脉炎"
I80252,"左小腿肌静脉静脉炎和血栓性静脉炎"
I80253,"双侧小腿肌肉静脉静脉炎和血栓性静脉炎"
I80259,"静脉炎和未指明的小腿肌肉静脉血栓性静脉炎"
I8029,"下肢其他深部血管的静脉炎和血栓性静脉炎"
I80291,"右下肢其他深部血管的静脉炎和血栓性静脉炎"
I80292,"左下肢其他深血管的静脉炎和血栓性静脉炎"
I80293,"下肢其他深部血管的静脉炎和血栓性静脉炎，双侧"
I80299,"下肢未分类的其他深部血管的静脉炎和血栓性静脉炎"
I803,"下肢静脉炎和血栓性静脉炎，未明确"
I808,"其他部位的静脉炎和血栓性静脉炎"
I809,"静脉炎和未指定部位的血栓性静脉炎"
I81,"门静脉血栓形成"
I82,"其他静脉栓塞和血栓形成"
I820,"Budd-Chiari 综合征"
I821,"血栓性移交性静脉炎"
I822,"腔静脉和其他胸静脉的栓塞和血栓形成"
I8221,"上腔静脉栓塞和血栓形成"
I82210,"上腔静脉急性栓塞和血栓形成"
I82211,"上腔静脉慢性栓塞和血栓形成"
I8222,"下腔静脉栓塞和血栓形成"
I82220,"下腔静脉急性栓塞和血栓形成"
I82221,"下腔静脉慢性栓塞和血栓形成"
I8229,"其他胸静脉栓塞和血栓形成"
I82290,"其他胸静脉的急性栓塞和血栓形成"
I82291,"其他胸静脉的慢性栓塞和血栓形成"
I823,"肾静脉栓塞和血栓形成"
I824,"下肢深静脉急性栓塞和血栓形成"
I8240,"下肢未指明深静脉的急性栓塞和血栓形成"
I82401,"右下肢未指明的深静脉急性栓塞和血栓形成"
I82402,"左下肢未指明深静脉的急性栓塞和血栓形成"
I82403,"下肢未指明的深静脉急性栓塞和血栓形成，双侧"
I82409,"未指定下肢未指定深静脉的急性栓塞和血栓形成"
I8241,"股静脉急性栓塞和血栓形成"
I82411,"右股静脉急性栓塞和血栓形成"
I82412,"左股静脉急性栓塞和血栓形成"
I82413,"急性栓塞和股静脉血栓形成，双侧"
I82419,"未指明的股静脉急性栓塞和血栓形成"
I8242,"急性栓塞和髂静脉血栓形成"
I82421,"右髂静脉急性栓塞和血栓形成"
I82422,"左髂静脉急性栓塞和血栓形成"
I82423,"急性栓塞和双侧髂静脉血栓形成"
I82429,"未指明的髂静脉急性栓塞和血栓形成"
I8243,"急性栓塞和腘静脉血栓形成"
I82431,"右腘静脉急性栓塞和血栓形成"
I82432,"左腘静脉急性栓塞和血栓形成"
I82433,"急性栓塞和双侧腘静脉血栓形成"
I82439,"未指明的腘静脉急性栓塞和血栓形成"
I8244,"胫静脉急性栓塞和血栓形成"
I82441,"右胫静脉急性栓塞和血栓形成"
I82442,"左胫静脉急性栓塞和血栓形成"
I82443,"双侧胫静脉急性栓塞和血栓形成"
I82449,"未指明的胫静脉急性栓塞和血栓形成"
I8245,"急性栓塞和腓静脉血栓形成"
I82451,"右腓静脉急性栓塞和血栓形成"
I82452,"左腓静脉急性栓塞和血栓形成"
I82453,"急性栓塞和腓静脉血栓形成，双侧"
I82459,"未指明的腓静脉急性栓塞和血栓形成"
I8246,"小腿肌肉静脉急性栓塞和血栓形成"
I82461,"右小腿肌肉静脉急性栓塞和血栓形成"
I82462,"左小腿肌静脉急性栓塞和血栓形成"
I82463,"双侧小腿肌肉静脉急性栓塞和血栓形成"
I82469,"未指明的小腿肌肉静脉急性栓塞和血栓形成"
I8249,"下肢其他特定深静脉的急性栓塞和血栓形成"
I82491,"右下肢其他指定深静脉的急性栓塞和血栓形成"
I82492,"左下肢其他特定深静脉的急性栓塞和血栓形成"
I82493,"双侧其他特定下肢深静脉的急性栓塞和血栓形成"
I82499,"未指定下肢其他特定深静脉的急性栓塞和血栓形成"
I824Y,"下肢近端未指明深静脉的急性栓塞和血栓形成"
I824Y1,"右下肢近端未指明深静脉的急性栓塞和血栓形成"
I824Y2,"左下肢近端未指明的深静脉急性栓塞和血栓形成"
I824Y3,"双侧下肢近端未指明深静脉的急性栓塞和血栓形成"
I824Y9,"未指定近端下肢未指定深静脉的急性栓塞和血栓形成"
I824Z,"下肢远端未指明深静脉的急性栓塞和血栓形成"
I824Z1,"右下肢远端未指明深静脉的急性栓塞和血栓形成"
I824Z2,"左下肢远端未指明深静脉的急性栓塞和血栓形成"
I824Z3,"双侧下肢远端未指明深静脉急性栓塞和血栓形成"
I824Z9,"未指明的下肢远端未指明的深静脉急性栓塞和血栓形成"
I825,"下肢深静脉慢性栓塞和血栓形成"
I8250,"下肢未指明深静脉的慢性栓塞和血栓形成"
I82501,"右下肢未指明深静脉的慢性栓塞和血栓形成"
I82502,"左下肢未指明的深静脉慢性栓塞和血栓形成"
I82503,"慢性栓塞和下肢未指明深静脉血栓形成，双侧"
I82509,"未指定下肢未指定深静脉的慢性栓塞和血栓形成"
I8251,"股静脉慢性栓塞和血栓形成"
I82511,"右股静脉慢性栓塞和血栓形成"
I82512,"左股静脉慢性栓塞和血栓形成"
I82513,"慢性栓塞和股静脉血栓形成，双侧"
I82519,"未指明的股静脉慢性栓塞和血栓形成"
I8252,"髂静脉慢性栓塞和血栓形成"
I82521,"右髂静脉慢性栓塞和血栓形成"
I82522,"左髂静脉慢性栓塞和血栓形成"
I82523,"双侧髂静脉慢性栓塞和血栓形成"
I82529,"慢性栓塞和未指明的髂静脉血栓形成"
I8253,"腘静脉慢性栓塞和血栓形成"
I82531,"右腘静脉慢性栓塞和血栓形成"
I82532,"左腘静脉慢性栓塞和血栓形成"
I82533,"双侧腘静脉慢性栓塞和血栓形成"
I82539,"未指明的腘静脉慢性栓塞和血栓形成"
I8254,"胫静脉慢性栓塞和血栓形成"
I82541,"右胫静脉慢性栓塞和血栓形成"
I82542,"左胫静脉慢性栓塞和血栓形成"
I82543,"双侧胫静脉慢性栓塞和血栓形成"
I82549,"未指明的胫静脉慢性栓塞和血栓形成"
I8255,"慢性栓塞和腓静脉血栓形成"
I82551,"右腓静脉慢性栓塞和血栓形成"
I82552,"左腓静脉慢性栓塞和血栓形成"
I82553,"慢性栓塞和腓静脉血栓形成，双侧"
I82559,"未指明的腓静脉慢性栓塞和血栓形成"
I8256,"小腿肌肉静脉的慢性栓塞和血栓形成"
I82561,"右小腿肌静脉慢性栓塞和血栓形成"
I82562,"左小腿肌静脉慢性栓塞和血栓形成"
I82563,"双侧小腿肌肉静脉慢性栓塞和血栓形成"
I82569,"未指明的小腿肌肉静脉的慢性栓塞和血栓形成"
I8259,"下肢其他特定深静脉的慢性栓塞和血栓形成"
I82591,"右下肢其他特定深静脉的慢性栓塞和血栓形成"
I82592,"左下肢其他特定深静脉的慢性栓塞和血栓形成"
I82593,"双侧其他特定下肢深静脉的慢性栓塞和血栓形成"
I82599,"未指定下肢其他特定深静脉的慢性栓塞和血栓形成"
I825Y,"下肢近端未指明深静脉的慢性栓塞和血栓形成"
I825Y1,"右下肢近端未指明深静脉的慢性栓塞和血栓形成"
I825Y2,"左下肢近端未指明深静脉的慢性栓塞和血栓形成"
I825Y3,"双侧下肢近端未指定深静脉的慢性栓塞和血栓形成"
I825Y9,"未指明的下肢近端未指明的深静脉的慢性栓塞和血栓形成"
I825Z,"下肢远端未指明深静脉的慢性栓塞和血栓形成"
I825Z1,"右下肢远端未指明深静脉的慢性栓塞和血栓形成"
I825Z2,"左下肢远端未指定深静脉的慢性栓塞和血栓形成"
I825Z3,"双侧下肢远端未指定深静脉的慢性栓塞和血栓形成"
I825Z9,"未指定下肢远端未指定深静脉的慢性栓塞和血栓形成"
I826,"上肢静脉急性栓塞和血栓形成"
I8260,"上肢未指定静脉的急性栓塞和血栓形成"
I82601,"右上肢未指定静脉的急性栓塞和血栓形成"
I82602,"左上肢未指定静脉的急性栓塞和血栓形成"
I82603,"双侧上肢未指定静脉急性栓塞和血栓形成"
I82609,"未指定上肢未指定静脉的急性栓塞和血栓形成"
I8261,"上肢浅静脉急性栓塞和血栓形成"
I82611,"右上肢浅静脉急性栓塞和血栓形成"
I82612,"左上肢浅静脉急性栓塞和血栓形成"
I82613,"上肢浅静脉急性栓塞和血栓形成，双侧"
I82619,"未指明的上肢浅静脉急性栓塞和血栓形成"
I8262,"上肢深静脉急性栓塞和血栓形成"
I82621,"右上肢深静脉急性栓塞和血栓形成"
I82622,"左上肢深静脉急性栓塞和血栓形成"
I82623,"急性栓塞和上肢深静脉血栓形成，双侧"
I82629,"未指明的上肢深静脉急性栓塞和血栓形成"
I827,"上肢静脉慢性栓塞和血栓形成"
I8270,"上肢未指定静脉的慢性栓塞和血栓形成"
I82701,"右上肢未指定静脉的慢性栓塞和血栓形成"
I82702,"左上肢未指定静脉的慢性栓塞和血栓形成"
I82703,"双侧上肢未指定静脉的慢性栓塞和血栓形成"
I82709,"未指定上肢未指定静脉的慢性栓塞和血栓形成"
I8271,"上肢浅静脉慢性栓塞和血栓形成"
I82711,"右上肢浅静脉慢性栓塞和血栓形成"
I82712,"左上肢浅静脉慢性栓塞和血栓形成"
I82713,"上肢浅静脉慢性栓塞和血栓形成，双侧"
I82719,"未指明的上肢浅静脉慢性栓塞和血栓形成"
I8272,"上肢深静脉慢性栓塞和血栓形成"
I82721,"右上肢深静脉慢性栓塞和血栓形成"
I82722,"左上肢深静脉慢性栓塞和血栓形成"
I82723,"上肢深静脉慢性栓塞和血栓形成，双侧"
I82729,"未指明的上肢深静脉慢性栓塞和血栓形成"
I828,"其他特定静脉的栓塞和血栓形成"
I8281,"下肢浅静脉栓塞和血栓形成"
I82811,"右下肢浅静脉栓塞和血栓形成"
I82812,"左下肢浅静脉栓塞和血栓形成"
I82813,"双侧下肢浅静脉栓塞和血栓形成"
I82819,"未指明的下肢浅静脉栓塞和血栓形成"
I8289,"其他特定静脉的栓塞和血栓形成"
I82890,"急性栓塞和其他特定静脉血栓形成"
I82891,"其他特定静脉的慢性栓塞和血栓形成"
I829,"未指定静脉的栓塞和血栓形成"
I8290,"未指定静脉的急性栓塞和血栓形成"
I8291,"慢性栓塞和未指定静脉血栓形成"
I82A,"腋静脉栓塞和血栓形成"
I82A1,"急性栓塞和腋静脉血栓形成"
I82A11,"右腋静脉急性栓塞和血栓形成"
I82A12,"左腋静脉急性栓塞和血栓形成"
I82A13,"急性栓塞和腋静脉血栓形成，双侧"
I82A19,"未指明的腋静脉急性栓塞和血栓形成"
I82A2,"腋静脉慢性栓塞和血栓形成"
I82A21,"右腋静脉慢性栓塞和血栓形成"
I82A22,"左腋静脉慢性栓塞和血栓形成"
I82A23,"慢性栓塞和双侧腋静脉血栓形成"
I82A29,"未指明的腋静脉慢性栓塞和血栓形成"
I82B,"锁骨下静脉栓塞和血栓形成"
I82B1,"锁骨下静脉急性栓塞和血栓形成"
I82B11,"右锁骨下静脉急性栓塞和血栓形成"
I82B12,"左锁骨下静脉急性栓塞和血栓形成"
I82B13,"锁骨下静脉急性栓塞和血栓形成，双侧"
I82B19,"未指明的锁骨下静脉急性栓塞和血栓形成"
I82B2,"锁骨下静脉的慢性栓塞和血栓形成"
I82B21,"右锁骨下静脉慢性栓塞和血栓形成"
I82B22,"左锁骨下静脉慢性栓塞和血栓形成"
I82B23,"双侧锁骨下静脉慢性栓塞和血栓形成"
I82B29,"未指明的锁骨下静脉慢性栓塞和血栓形成"
I82C,"颈内静脉栓塞和血栓形成"
I82C1,"颈内静脉急性栓塞和血栓形成"
I82C11,"右颈内静脉急性栓塞和血栓形成"
I82C12,"左颈内静脉急性栓塞和血栓形成"
I82C13,"颈内静脉急性栓塞和血栓形成，双侧"
I82C19,"未指明的颈内静脉急性栓塞和血栓形成"
I82C2,"颈内静脉慢性栓塞和血栓形成"
I82C21,"右颈内静脉慢性栓塞和血栓形成"
I82C22,"左颈内静脉慢性栓塞和血栓形成"
I82C23,"慢性栓塞和颈内静脉血栓形成，双侧"
I82C29,"未指明的颈内静脉慢性栓塞和血栓形成"
I83,"下肢静脉曲张"
I830,"伴有溃疡的下肢静脉曲张"
I8300,"未指明的下肢静脉曲张伴溃疡"
I83001,"未指明的下肢静脉曲张伴大腿溃疡"
I83002,"未指明的下肢静脉曲张伴小腿溃疡"
I83003,"未指明的下肢静脉曲张伴踝关节溃疡"
I83004,"下肢静脉曲张，伴有足跟和中足溃疡"
I83005,"下肢静脉曲张，伴有足部其他部位溃疡"
I83008,"未指明的下肢静脉曲张伴小腿其他部分溃疡"
I83009,"未指定下肢静脉曲张伴不明部位溃疡"
I8301,"伴有溃疡的右下肢静脉曲张"
I83011,"右下肢静脉曲张伴大腿溃疡"
I83012,"右下肢静脉曲张伴小腿溃疡"
I83013,"右下肢静脉曲张伴踝关节溃疡"
I83014,"右下肢静脉曲张伴足跟和中足溃疡"
I83015,"右下肢静脉曲张伴有足部其他部位溃疡"
I83018,"右下肢静脉曲张伴溃疡 小腿其他部位"
I83019,"右下肢静脉曲张伴不明部位溃疡"
I8302,"左下肢静脉曲张伴溃疡"
I83021,"左下肢静脉曲张伴大腿溃疡"
I83022,"左下肢静脉曲张伴小腿溃疡"
I83023,"左下肢静脉曲张伴踝关节溃疡"
I83024,"左下肢静脉曲张伴足跟和中足溃疡"
I83025,"左下肢静脉曲张伴足部其他部分溃疡"
I83028,"左下肢静脉曲张伴小腿其他部分溃疡"
I83029,"左下肢静脉曲张伴部位不明溃疡"
I831,"伴有炎症的下肢静脉曲张"
I8310,"伴有炎症的未指定下肢静脉曲张"
I8311,"伴有炎症的右下肢静脉曲张"
I8312,"伴有炎症的左下肢静脉曲张"
I832,"下肢静脉曲张，同时伴有溃疡和炎症"
I8320,"未指明的下肢静脉曲张，同时伴有溃疡和炎症"
I83201,"未指明的下肢静脉曲张，伴有大腿溃疡和炎症"
I83202,"未指明的下肢静脉曲张，伴有小腿溃疡和炎症"
I83203,"未指明的下肢静脉曲张，伴有踝关节溃疡和炎症"
I83204,"未指明的下肢静脉曲张，伴有足跟和中足溃疡以及炎症"
I83205,"未指明的下肢静脉曲张，伴有足部其他部位溃疡和炎症"
I83208,"未指明的下肢静脉曲张伴有下肢其他部分的溃疡和炎症"
I83209,"未指明的下肢静脉曲张，伴有不明部位的溃疡和炎症"
I8321,"右下肢静脉曲张，同时伴有溃疡和炎症"
I83211,"右下肢静脉曲张，伴有大腿溃疡和炎症"
I83212,"右下肢静脉曲张，伴有小腿溃疡和炎症"
I83213,"右下肢静脉曲张，伴有踝关节溃疡和炎症"
I83214,"右下肢静脉曲张，伴有足跟和中足溃疡和炎症"
I83215,"右下肢静脉曲张，伴有足部其他部分溃疡和炎症"
I83218,"右下肢静脉曲张伴有下肢其他部分溃疡和炎症"
I83219,"右下肢静脉曲张，伴有不明部位溃疡和炎症"
I8322,"左下肢静脉曲张，同时伴有溃疡和炎症"
I83221,"左下肢静脉曲张，伴有大腿溃疡和炎症"
I83222,"左下肢静脉曲张，伴有小腿溃疡和炎症"
I83223,"左下肢静脉曲张，伴有踝部溃疡和炎症"
I83224,"左下肢静脉曲张，伴有足跟和中足溃疡以及炎症"
I83225,"左下肢静脉曲张，伴有双侧溃疡、足部其他部分和炎症"
I83228,"左下肢静脉曲张伴有下肢其他部分的溃疡和炎症"
I83229,"左下肢静脉曲张，伴有不明部位溃疡和炎症"
I838,"伴有其他并发症的下肢静脉曲张"
I8381,"伴有疼痛的下肢静脉曲张"
I83811,"伴有疼痛的右下肢静脉曲张"
I83812,"伴有疼痛的左下肢静脉曲张"
I83813,"伴有疼痛的双侧下肢静脉曲张"
I83819,"未指明的下肢静脉曲张伴疼痛"
I8389,"伴有其他并发症的下肢静脉曲张"
I83891,"右下肢静脉曲张伴有其他并发症"
I83892,"左下肢静脉曲张伴有其他并发症"
I83893,"双侧下肢静脉曲张伴有其他并发症"
I83899,"未指明的下肢静脉曲张伴有其他并发症"
I839,"无症状的下肢静脉曲张"
I8390,"无症状的下肢静脉曲张"
I8391,"无症状的右下肢静脉曲张"
I8392,"无症状的左下肢静脉曲张"
I8393,"无症状的双侧下肢静脉曲张"
I85,"食管静脉曲张"
I850,"食管静脉曲张"
I8500,"无出血的食管静脉曲张"
I8501,"食管静脉曲张出血"
I851,"继发性食管静脉曲张"
I8510,"无出血的继发性食管静脉曲张"
I8511,"继发性食管静脉曲张伴出血"
I86,"其他部位的静脉曲张"
I860,"舌下静脉曲张"
I861,"阴囊静脉曲张"
I862,"盆腔静脉曲张"
I863,"外阴静脉曲张"
I864,"胃底静脉曲张"
I868,"其他特定部位的静脉曲张"
I87,"其他静脉疾病"
I870,"血栓形成后综合征"
I8700,"无并发症的血栓形成后综合征"
I87001,"无右下肢并发症的血栓形成后综合征"
I87002,"无左下肢并发症的血栓形成后综合征"
I87003,"无双侧下肢并发症的血栓形成后综合征"
I87009,"血栓形成后综合征，无不明肢体并发症"
I8701,"血栓形成后综合征伴溃疡"
I87011,"血栓形成后综合征伴右下肢溃疡"
I87012,"血栓形成后综合征伴左下肢溃疡"
I87013,"血栓形成后综合征伴双侧下肢溃疡"
I87019,"血栓形成后综合征伴未指明的下肢溃疡"
I8702,"伴有炎症的血栓形成后综合征"
I87021,"血栓形成后综合征伴右下肢炎症"
I87022,"伴有左下肢炎症的血栓形成后综合征"
I87023,"血栓形成后综合征伴双侧下肢炎症"
I87029,"血栓形成后综合征伴未指明的下肢炎症"
I8703,"伴有溃疡和炎症的血栓形成后综合征"
I87031,"血栓形成后综合征伴右下肢溃疡和炎症"
I87032,"血栓形成后综合征伴左下肢溃疡和炎症"
I87033,"血栓形成后综合征伴双侧下肢溃疡和炎症"
I87039,"血栓形成后综合征伴下肢溃疡和炎症"
I8709,"血栓形成后综合征伴其他并发症"
I87091,"血栓形成后综合征伴右下肢其他并发症"
I87092,"血栓形成后综合征伴左下肢其他并发症"
I87093,"血栓形成后综合征伴双侧下肢其他并发症"
I87099,"血栓形成后综合征伴未明确下肢的其他并发症"
I871,"静脉压迫"
I872,"静脉功能不全（慢性）（外周）"
I873,"慢性静脉高压（特发性）"
I8730,"无并发症的慢性静脉高压（特发性）"
I87301,"无右下肢并发症的慢性静脉高压（特发性）"
I87302,"无左下肢并发症的慢性静脉高压（特发性）"
I87303,"慢性静脉高压（特发性），无双侧下肢并发症"
I87309,"慢性静脉高压（特发性），无未明确下肢并发症"
I8731,"慢性静脉高压（特发性）伴溃疡"
I87311,"慢性静脉高压（特发性）伴右下肢溃疡"
I87312,"慢性静脉高压（特发性）伴左下肢溃疡"
I87313,"慢性静脉高压（特发性）伴双侧下肢溃疡"
I87319,"慢性静脉高压（特发性）伴未指明的下肢溃疡"
I8732,"伴有炎症的慢性静脉高压（特发性）"
I87321,"慢性静脉高压（特发性）伴右下肢炎症"
I87322,"慢性静脉高压（特发性）伴左下肢炎症"
I87323,"慢性静脉高压（特发性）伴双侧下肢炎症"
I87329,"慢性静脉高压（特发性）伴未指明的下肢炎症"
I8733,"伴有溃疡和炎症的慢性静脉高压（特发性）"
I87331,"慢性静脉高压（特发性）伴右下肢溃疡和炎症"
I87332,"慢性静脉高压（特发性）伴左下肢溃疡和炎症"
I87333,"慢性静脉高压（特发性）伴双侧下肢溃疡和炎症"
I87339,"慢性静脉高压（特发性）伴有未指定下肢溃疡和炎症"
I8739,"伴有其他并发症的慢性静脉高压（特发性）"
I87391,"慢性静脉高压（特发性）伴右下肢其他并发症"
I87392,"慢性静脉高压（特发性）伴左下肢其他并发症"
I87393,"慢性静脉高压（特发性）伴双侧下肢的其他并发症"
I87399,"慢性静脉高压（特发性）伴有未指明的下肢的其他并发症"
I878,"其他特定的静脉疾病"
I879,"静脉疾病，未指明"
I88,"非特异性淋巴结炎"
I880,"非特异性肠系膜淋巴结炎"
I881,"慢性淋巴结炎，肠系膜炎除外"
I888,"其他非特异性淋巴结炎"
I889,"非特异性淋巴结炎，未指定"
I89,"淋巴管和淋巴结的其他非感染性疾病"
I890,"淋巴水肿，未分类"
I891,"淋巴管炎"
I898,"淋巴管和淋巴结的其他特定非感染性疾病"
I899,"淋巴管和淋巴结的非感染性疾病，未指定"
I95,"低血压症"
I950,"特发性低血压"
I951,"直立性低血压"
I952,"药物引起的低血压"
I953,"血液透析低血压"
I958,"其他低血压"
I9581,"术后低血压"
I9589,"其他低血压"
I959,"低血压，未指定"
I96,"坏疽，未分类"
I97,"术中和术后并发症和循环系统疾病，未在其他地方分类"
I970,"心脏切开术后综合征"
I971,"其他术后心脏功能障碍"
I9711,"术后心功能不全"
I97110,"心脏手术后的术后心功能不全"
I97111,"其他手术后的术后心功能不全"
I9712,"术后心脏骤停"
I97120,"心脏手术后的术后心脏骤停"
I97121,"其他手术后的术后心脏骤停"
I9713,"术后心力衰竭"
I97130,"心脏手术后的术后心力衰竭"
I97131,"其他手术后的术后心力衰竭"
I9719,"其他术后心脏功能障碍"
I97190,"心脏手术后的其他术后心脏功能障碍"
I97191,"其他手术后的其他术后心脏功能障碍"
I972,"乳房切除术后淋巴水肿综合征"
I973,"术后高血压"
I974,"循环系统器官或结构的术中出血和血肿使手术复杂化"
I9741,"循环系统器官或结构的术中出血和血肿使循环系统手术复杂化"
I97410,"循环系统器官或结构的术中出血和血肿使心导管插入术复杂化"
I97411,"循环系统器官或结构的术中出血和血肿使心脏搭桥复杂化"
I97418,"术中出血和循环系统器官或结构的血肿使其他循环系统手术复杂化"
I9742,"术中出血和循环系统器官或结构的血肿使其他手术复杂化"
I975,"手术过程中循环系统器官或结构的意外穿刺和撕裂伤"
I9751,"在循环系统手术过程中循环系统器官或结构的意外穿刺和撕裂伤"
I9752,"在其他手术过程中循环系统器官或结构的意外穿刺和撕裂伤"
I976,"手术后循环系统器官或结构的术后出血、血肿和血清肿"
I9761,"循环系统手术后循环系统器官或结构的术后出血"
I97610,"心导管插入术后循环系统器官或结构出血"
I97611,"心脏搭桥术后循环系统器官或结构出血"
I97618,"其他循环系统手术后循环系统器官或结构的术后出血"
I9762,"其他手术后循环系统器官或结构的术后出血、血肿和血清肿"
I97620,"其他手术后循环系统器官或结构的术后出血"
I97621,"其他手术后循环系统器官或结构的术后血肿"
I97622,"其他手术后循环系统器官或结构的术后血清肿"
I9763,"循环系统手术后循环系统器官或结构的术后血肿"
I97630,"心导管插入术后循环系统器官或结构的术后血肿"
I97631,"心脏搭桥手术后循环系统器官或结构的术后血肿"
I97638,"其他循环系统手术后循环系统器官或结构的术后血肿"
I9764,"循环系统手术后循环系统器官或结构的术后血清肿"
I97640,"心导管插入术后循环系统器官或结构的术后血清肿"
I97641,"心脏搭桥手术后循环系统器官或结构的术后血清肿"
I97648,"其他循环系统手术后循环系统器官或结构的术后血清肿"
I977,"术中心脏功能紊乱"
I9771,"术中心脏骤停"
I97710,"心脏手术期间的术中心脏骤停"
I97711,"其他手术期间的术中心脏骤停"
I9779,"其他术中心脏功能障碍"
I97790,"心脏手术期间的其他术中心脏功能障碍"
I97791,"其他手术期间的其他术中心脏功能障碍"
I978,"其他术中和术后并发症和循环系统疾病，未在其他地方分类"
I9781,"术中脑血管梗死"
I97810,"心脏手术期间的术中脑血管梗死"
I97811,"其他手术期间的术中脑血管梗死"
I9782,"术后脑血管梗死"
I97820,"心脏手术后的术后脑血管梗死"
I97821,"其他手术后的术后脑血管梗死"
I9788,"循环系统的其他术中并发症，未在其他地方分类"
I9789,"其他术后并发症和循环系统疾病，未在其他地方分类"
I99,"其他和未指定的循环系统疾病"
I998,"其他循环系统疾病"
I999,"未指定的循环系统疾病"
J00,"急性鼻咽炎 [普通感冒]"
J01,"急性鼻窦炎"
J010,"急性上颌窦炎"
J0100,"急性上颌窦炎，未指定"
J0101,"急性复发性上颌窦炎"
J011,"急性额鼻窦炎"
J0110,"急性额窦炎，未指定"
J0111,"急性复发性额窦炎"
J012,"急性筛窦炎"
J0120,"急性筛窦炎，未明确"
J0121,"急性复发性筛窦炎"
J013,"急性蝶窦炎"
J0130,"急性蝶窦炎，未明确"
J0131,"急性复发性蝶窦炎"
J014,"急性全鼻窦炎"
J0140,"急性全鼻窦炎，未指定"
J0141,"急性复发性全鼻窦炎"
J018,"其他急性鼻窦炎"
J0180,"其他急性鼻窦炎"
J0181,"其他急性复发性鼻窦炎"
J019,"急性鼻窦炎，未指定"
J0190,"急性鼻窦炎，未指定"
J0191,"急性复发性鼻窦炎，未指定"
J02,"急性咽炎"
J020,"链球菌性咽炎"
J028,"其他特定微生物引起的急性咽炎"
J029,"急性咽炎，未指明"
J03,"急性扁桃体炎"
J030,"链球菌性扁桃体炎"
J0300,"急性链球菌性扁桃体炎，未指定"
J0301,"急性复发性链球菌性扁桃体炎"
J038,"其他特定微生物引起的急性扁桃体炎"
J0380,"其他特定微生物引起的急性扁桃体炎"
J0381,"由其他特定微生物引起的急性复发性扁桃体炎"
J039,"急性扁桃体炎，未指定"
J0390,"急性扁桃体炎，未指定"
J0391,"急性复发性扁桃体炎，未指定"
J04,"急性喉炎和气管炎"
J040,"急性喉炎"
J041,"急性气管炎"
J0410,"无梗阻的急性气管炎"
J0411,"急性气管炎伴梗阻"
J042,"急性喉气管炎"
J043,"声门上炎，未指定"
J0430,"声门上炎，未明确，无梗阻"
J0431,"声门上炎，未明确，伴有梗阻"
J05,"急性梗阻性喉炎 [哮吼] 和会厌炎"
J050,"急性梗阻性喉炎 [哮吼]"
J051,"急性会厌炎"
J0510,"无梗阻的急性会厌炎"
J0511,"急性会厌炎伴梗阻"
J06,"多个部位和未指定部位的急性上呼吸道感染"
J060,"急性喉咽炎"
J069,"急性上呼吸道感染，未明确"
J09,"由某些已确定的流感病毒引起的流感"
J09X,"由已识别的新型甲型流感病毒引起的流感"
J09X1,"由已确定的新型甲型流感病毒伴肺炎引起的流感"
J09X2,"由已确定的新型甲型流感病毒引起的流感，伴有其他呼吸道表现"
J09X3,"由已确定的新型甲型流感病毒引起的流感，伴有胃肠道表现"
J09X9,"由已确定的新型甲型流感病毒引起的流感并伴有其他表现"
J10,"由其他已确定的流感病毒引起的流感"
J100,"由其他已确定的流感病毒引起的流感伴肺炎"
J1000,"由其他已确定的流感病毒引起的流感，伴有未指明的肺炎类型"
J1001,"由其他已确诊的流感病毒引起的流感与相同的其他已确诊的流感病毒肺炎"
J1008,"由其他已确定的流感病毒引起的流感并伴有其他特定的肺炎"
J101,"由其他已确定的流感病毒引起的流感，伴有其他呼吸道表现"
J102,"由其他已确定的具有胃肠道表现的流感病毒引起的流感"
J108,"由其他已确定的流感病毒引起的流感病毒引起的其他表现"
J1081,"由其他已确定的流感病毒引起的流感伴脑病"
J1082,"由其他已确定的流感病毒引起的流感伴心肌炎"
J1083,"由其他已确定的流感病毒引起的流感伴中耳炎"
J1089,"由其他已确定的流感病毒引起的流感病毒引起的其他表现"
J11,"由不明流感病毒引起的流感"
J110,"由不明流感病毒引起的流感伴肺炎"
J1100,"由未明流感病毒引起的流感，伴有未指明类型的肺炎"
J1108,"由未识别的流感病毒引起的流感并伴有特定的肺炎"
J111,"由未识别的流感病毒引起的流感，伴有其他呼吸道表现"
J112,"由具有胃肠道表现的不明流感病毒引起的流感"
J118,"由具有其他表现的不明流感病毒引起的流感"
J1181,"由不明流感病毒引起的流感伴脑病"
J1182,"由不明流感病毒引起的流感伴心肌炎"
J1183,"由不明流感病毒引起的流感伴中耳炎"
J1189,"由具有其他表现的不明流感病毒引起的流感"
J12,"病毒性肺炎，未在其他位置分类"
J120,"腺病毒肺炎"
J121,"呼吸道合胞病毒肺炎"
J122,"副流感病毒肺炎"
J123,"人偏肺病毒肺炎"
J128,"其他病毒性肺炎"
J1281,"SARS 相关冠状病毒引起的肺炎"
J1282,"2019 冠状病毒病引起的肺炎"
J1289,"其他病毒性肺炎"
J129,"病毒性肺炎，未分类"
J13,"肺炎链球菌引起的肺炎"
J14,"流感嗜血杆菌引起的肺炎"
J15,"细菌性肺炎，未在其他位置分类"
J150,"肺炎克雷伯菌引起的肺炎"
J151,"假单胞菌引起的肺炎"
J152,"葡萄球菌引起的肺炎"
J1520,"葡萄球菌引起的肺炎，未明确"
J1521,"金黄色葡萄球菌引起的肺炎"
J15211,"甲氧西林敏感金黄色葡萄球菌引起的肺炎"
J15212,"耐甲氧西林金黄色葡萄球菌引起的肺炎"
J1529,"其他葡萄球菌引起的肺炎"
J153,"链球菌引起的肺炎，B 组"
J154,"其他链球菌引起的肺炎"
J155,"大肠埃希菌引起的肺炎"
J156,"其他革兰氏阴性菌引起的肺炎"
J157,"肺炎支原体引起的肺炎"
J158,"其他特定细菌引起的肺炎"
J159,"未指明的细菌性肺炎"
J16,"其他未分类的其他感染性病原体引起的肺炎"
J160,"衣原体肺炎"
J168,"由其他特定感染性微生物引起的肺炎"
J17,"其他分类疾病中的肺炎"
J18,"肺炎，未指明的病原体"
J180,"支气管肺炎，未指明的微生物"
J181,"大叶性肺炎，未分明的病原体"
J182,"低位性肺炎，未分明的病原体"
J188,"其他肺炎，未分明的病原体"
J189,"肺炎，未指明的病原体"
J20,"急性支气管炎"
J200,"肺炎支原体引起的急性支气管炎"
J201,"流感嗜血杆菌引起的急性支气管炎"
J202,"链球菌引起的急性支气管炎"
J203,"柯萨奇病毒引起的急性支气管炎"
J204,"副流感病毒引起的急性支气管炎"
J205,"呼吸道合胞病毒引起的急性支气管炎"
J206,"鼻病毒引起的急性支气管炎"
J207,"埃可病毒引起的急性支气管炎"
J208,"由其他特定微生物引起的急性支气管炎"
J209,"急性支气管炎，未指定"
J21,"急性毛细支气管炎"
J210,"呼吸道合胞病毒引起的急性毛细支气管炎"
J211,"人偏肺病毒引起的急性毛细支气管炎"
J218,"其他特定微生物引起的急性毛细支气管炎"
J219,"急性毛细支气管炎，未指明"
J22,"未分类的急性下呼吸道感染"
J30,"血管舒缩性和过敏性鼻炎"
J300,"血管运动性鼻炎"
J301,"花粉引起的过敏性鼻炎"
J302,"其他季节性过敏性鼻炎"
J305,"食物引起的过敏性鼻炎"
J308,"其他过敏性鼻炎"
J3081,"动物（猫）（狗）毛发和皮屑引起的过敏性鼻炎"
J3089,"其他过敏性鼻炎"
J309,"过敏性鼻炎，未指定"
J31,"慢性鼻炎、鼻咽炎和咽炎"
J310,"慢性鼻炎"
J311,"慢性鼻咽炎"
J312,"慢性咽炎"
J32,"慢性鼻窦炎"
J320,"慢性上颌窦炎"
J321,"慢性额窦炎"
J322,"慢性筛窦炎"
J323,"慢性蝶窦炎"
J324,"慢性全鼻窦炎"
J328,"其他慢性鼻窦炎"
J329,"慢性鼻窦炎，未指定"
J33,"鼻息肉"
J330,"鼻腔息肉"
J331,"息肉样窦变性"
J338,"其他鼻窦息肉"
J339,"鼻息肉，未指定"
J34,"其他和未指明的鼻窦和鼻窦疾病"
J340,"鼻脓肿、疖和痈"
J341,"鼻子和鼻窦的囊肿和粘液囊肿"
J342,"鼻中隔偏曲"
J343,"鼻甲肥大"
J348,"其他特定的鼻窦和鼻窦疾病"
J3481,"鼻粘膜炎（溃疡性）"
J3489,"其他特定的鼻窦和鼻窦疾病"
J349,"未指定的鼻窦和鼻窦疾病"
J35,"扁桃体和腺样体的慢性疾病"
J350,"慢性扁桃体炎和腺样体炎"
J3501,"慢性扁桃体炎"
J3502,"慢性腺样体炎"
J3503,"慢性扁桃体炎和腺样体炎"
J351,"扁桃体肥大"
J352,"腺样体肥大"
J353,"扁桃体肥大伴腺样体肥大"
J358,"扁桃体和腺样体的其他慢性疾病"
J359,"扁桃体和腺样体的慢性疾病，未明确"
J36,"扁桃体周围脓肿"
J37,"慢性喉炎和喉气管炎"
J370,"慢性喉炎"
J371,"慢性喉气管炎"
J38,"声带和喉部疾病，未分类"
J380,"声带和喉麻痹"
J3800,"声带和喉麻痹，未明确"
J3801,"声带和喉麻痹，单侧"
J3802,"声带和喉麻痹，双侧"
J381,"声带和喉部息肉"
J382,"声带结节"
J383,"声带的其他疾病"
J384,"喉部水肿"
J385,"喉痉挛"
J386,"喉部狭窄"
J387,"喉部的其他疾病"
J39,"上呼吸道的其他疾病"
J390,"咽后和咽旁脓肿"
J391,"咽部其他脓肿"
J392,"咽的其他疾病"
J393,"上呼吸道超敏反应，部位未指定"
J398,"其他特定的上呼吸道疾病"
J399,"上呼吸道疾病，未明确"
J40,"支气管炎，未指定为急性或慢性"
J41,"单纯性和粘液脓性慢性支气管炎"
J410,"单纯性慢性支气管炎"
J411,"粘液脓性慢性支气管炎"
J418,"混合性单纯性和粘液脓性慢性支气管炎"
J42,"未分类的慢性支气管炎"
J43,"肺气肿"
J430,"单侧肺气肿 [MacLeod 综合征]"
J431,"全小叶肺气肿"
J432,"小叶中心性肺气肿"
J438,"其他肺气肿"
J439,"肺气肿，未指定"
J44,"其他慢性阻塞性肺疾病"
J440,"慢性阻塞性肺疾病伴（急性）下呼吸道感染"
J441,"慢性阻塞性肺疾病伴（急性）加重"
J449,"慢性阻塞性肺疾病，未指定"
J45,"哮喘"
J452,"轻度间歇性哮喘"
J4520,"轻度间歇性哮喘，无并发症"
J4521,"轻度间歇性哮喘伴（急性）加重"
J4522,"伴有哮喘持续状态的轻度间歇性哮喘"
J453,"轻度持续性哮喘"
J4530,"轻度持续性哮喘，无并发症"
J4531,"轻度持续性哮喘伴（急性）加重"
J4532,"伴有哮喘持续状态的轻度持续性哮喘"
J454,"中度持续性哮喘"
J4540,"中度持续性哮喘，无并发症"
J4541,"中度持续性哮喘伴（急性）加重"
J4542,"伴有哮喘持续状态的中度持续性哮喘"
J455,"重度持续性哮喘"
J4550,"重度持续性哮喘，无并发症"
J4551,"伴有（急性）加重的严重持续性哮喘"
J4552,"伴有哮喘持续状态的重度持续性哮喘"
J459,"其他和未指明的哮喘"
J4590,"未指明的哮喘"
J45901,"未分类的哮喘伴（急性）加重"
J45902,"未指明的哮喘伴哮喘持续状态"
J45909,"未分类的哮喘，无并发症"
J4599,"其他哮喘"
J45990,"运动诱发的支气管痉挛"
J45991,"咳嗽变异型哮喘"
J45998,"其他哮喘"
J47,"支气管 扩张"
J470,"支气管扩张伴急性下呼吸道感染"
J471,"支气管扩张伴（急性）加重"
J479,"支气管扩张症，无并发症"
J60,"煤工尘肺病"
J61,"石棉和其他矿物纤维引起的尘肺病"
J62,"尘肺病由含二氧化硅的粉尘引起"
J620,"滑石粉引起的尘肺病"
J628,"由其他含二氧化硅的粉尘引起的尘肺"
J63,"其他无机尘埃引起的尘肺病"
J630,"氧化铝病（肺）"
J631,"铝土矿纤维化（肺）"
J632,"铍中毒"
J633,"石墨纤维化（肺）"
J634,"铁质沉着症"
J635,"Stannosis （斯坦诺西斯）"
J636,"由其他特定无机粉尘引起的尘肺病"
J64,"未指明的尘肺病"
J65,"肺尘埃沉着病与结核病相关"
J66,"特定有机粉尘引起的气道疾病"
J660,"棉尘肺"
J661,"亚麻病"
J662,"大麻素病"
J668,"其他特定有机粉尘引起的气道疾病"
J67,"有机粉尘引起的过敏性肺炎"
J670,"农民肺"
J671,"甘加辛病"
J672,"鸟友的肺"
J673,"糜烂"
J674,"麦芽工人的肺"
J675,"蘑菇工人肺"
J676,"枫树皮剥皮者肺"
J677,"空调和加湿器肺"
J678,"其他有机粉尘引起的过敏性肺炎"
J679,"未指明的有机粉尘引起的过敏性肺炎"
J68,"因吸入化学品、气体、烟雾和蒸气而导致的呼吸系统疾病"
J680,"化学品、气体、烟雾和蒸气引起的支气管炎和肺炎"
J681,"化学品、气体、烟雾和蒸气引起的肺水肿"
J682,"由化学物质、气体、烟雾和蒸气引起的上呼吸道炎症，未在其他地方分类"
J683,"由化学品、气体、烟雾和蒸气引起的其他急性和亚急性呼吸系统疾病"
J684,"由化学品、气体、烟雾和蒸气引起的慢性呼吸系统疾病"
J688,"由化学品、气体、烟雾和蒸气引起的其他呼吸系统疾病"
J689,"由化学品、气体、烟雾和蒸气引起的未指明的呼吸系统疾病"
J69,"固体和液体引起的肺炎"
J690,"吸入食物和呕吐物引起的肺炎"
J691,"吸入油类和香精引起的肺炎"
J698,"吸入其他固体和液体引起的肺炎"
J70,"其他外部因素引起的呼吸系统疾病"
J700,"辐射引起的急性肺部表现"
J701,"放疗引起的慢性和其他肺部表现"
J702,"急性药物诱发的间质性肺疾病"
J703,"慢性药物诱发的间质性肺疾病"
J704,"药物诱发的间质性肺疾病，未指定"
J705,"吸入烟雾引起的呼吸系统疾病"
J708,"由其他特定外部因素引起的呼吸系统疾病"
J709,"未指明的外部因素引起的呼吸系统疾病"
J80,"急性呼吸窘迫综合征"
J81,"肺水肿"
J810,"急性肺水肿"
J811,"慢性肺水肿"
J82,"肺嗜酸性粒细胞增多症，未分类"
J828,"肺嗜酸性粒细胞增多症，未分类"
J8281,"慢性嗜酸性粒细胞性肺炎"
J8282,"急性嗜酸性粒细胞性肺炎"
J8283,"嗜酸性粒细胞性哮喘"
J8289,"其他未分类的肺嗜酸性粒细胞增多症"
J84,"其他间质性肺疾病"
J840,"肺泡和顶叶-肺泡状况"
J8401,"肺泡蛋白沉积症"
J8402,"肺泡微石症"
J8403,"特发性肺含铁血黄素沉着症"
J8409,"其他肺泡和顶叶-肺泡疾病"
J841,"其他伴有纤维化的间质性肺疾病"
J8410,"肺纤维化，未指定"
J8411,"特发性间质性肺炎"
J84111,"特发性间质性肺炎，未另行说明"
J84112,"特发性肺纤维化"
J84113,"特发性非特异性间质性肺炎"
J84114,"急性间质性肺炎"
J84115,"呼吸性毛细支气管炎 间质性肺疾病"
J84116,"隐源性机化性肺炎"
J84117,"脱屑性间质性肺炎"
J8417,"其他分类疾病中纤维化的其他间质性肺疾病"
J84170,"在别处分类的疾病中具有进行性纤维化表型的间质性肺病"
J84178,"其他分类疾病中纤维化的其他间质性肺疾病"
J842,"淋巴样间质性肺炎"
J848,"其他特定的间质性肺疾病"
J8481,"淋巴管平滑肌瘤病"
J8482,"成人肺朗格汉斯细胞组织细胞增多症"
J8483,"肺表面活性剂突变"
J8484,"儿童其他间质性肺疾病"
J84841,"婴儿神经内分泌细胞增生"
J84842,"肺间质性糖原贮积症"
J84843,"肺泡毛细血管发育不良伴静脉错位"
J84848,"儿童其他间质性肺疾病"
J8489,"其他特定的间质性肺疾病"
J849,"间质性肺疾病，未指定"
J85,"肺和纵隔脓肿"
J850,"坏疽和肺坏死"
J851,"肺脓肿伴肺炎"
J852,"无肺炎的肺脓肿"
J853,"纵隔脓肿"
J86,"脓胸"
J860,"脓胸伴瘘管"
J869,"无瘘管的脓胸"
J90,"胸腔积液，未分类"
J91,"其他分类情况下的胸腔积液"
J910,"恶性胸腔积液"
J918,"其他分类情况下的胸腔积液"
J92,"胸膜斑块"
J920,"存在石棉的胸膜斑块"
J929,"无石棉的胸膜斑块"
J93,"气胸和漏气"
J930,"自发性张力性气胸"
J931,"其他自发性气胸"
J9311,"原发性自发性气胸"
J9312,"继发性自发性气胸"
J938,"其他气胸和漏气"
J9381,"慢性气胸"
J9382,"其他漏气"
J9383,"其他气胸"
J939,"气胸，未指定"
J94,"其他胸膜疾病"
J940,"乳糜性积液"
J941,"纤维胸"
J942,"血胸"
J948,"其他特定的胸膜疾病"
J949,"胸膜疾病，未指定"
J95,"术中和术后并发症和呼吸系统疾病，未在其他地方分类"
J950,"气管切开并发症"
J9500,"未指明的气管切开并发症"
J9501,"气管切开造口出血"
J9502,"气管切开造口感染"
J9503,"气管切开造口功能障碍"
J9504,"气管切开术后的气管食管瘘"
J9509,"其他气管切开并发症"
J951,"胸外科手术后的急性肺功能不全"
J952,"非胸外科手术后的急性肺功能不全"
J953,"手术后的慢性肺功能不全"
J954,"麻醉引起的化学性肺炎"
J955,"术后声门下狭窄"
J956,"术中出血和呼吸系统器官或结构的血肿使手术复杂化"
J9561,"术中出血和呼吸系统器官或结构的血肿使呼吸系统手术复杂化"
J9562,"术中出血和呼吸系统器官或结构的血肿使其他手术复杂化"
J957,"手术过程中呼吸系统器官或结构的意外穿刺和撕裂伤"
J9571,"呼吸系统手术过程中呼吸系统器官或结构的意外穿刺和撕裂伤"
J9572,"在其他手术过程中呼吸系统器官或结构的意外穿刺和撕裂伤"
J958,"其他术中和术后并发症和呼吸系统疾病，未在其他地方分类"
J9581,"术后气胸和漏气"
J95811,"术后气胸"
J95812,"术后漏气"
J9582,"术后呼吸衰竭"
J95821,"急性术后呼吸衰竭"
J95822,"急性和慢性术后呼吸衰竭"
J9583,"手术后呼吸系统器官或结构的术后出血"
J95830,"呼吸系统手术后呼吸系统器官或结构的术后出血"
J95831,"其他手术后呼吸系统器官或结构的术后出血"
J9584,"输血相关急性肺损伤 （TRALI）"
J9585,"呼吸器 [呼吸机] 并发症"
J95850,"呼吸器的机械并发症"
J95851,"呼吸机相关性肺炎"
J95859,"呼吸器 [呼吸机] 的其他并发症"
J9586,"手术后呼吸系统器官或结构的术后血肿和血清肿"
J95860,"呼吸系统手术后呼吸系统器官或结构的术后血肿"
J95861,"其他手术后呼吸系统器官或结构的术后血肿"
J95862,"呼吸系统手术后呼吸系统器官或结构的术后血清肿"
J95863,"其他手术后呼吸系统器官或结构的术后血清肿"
J9587,"输血相关呼吸困难 （TAD）"
J9588,"呼吸系统的其他术中并发症，未分类"
J9589,"其他术后并发症和呼吸系统疾病，未在其他地方分类"
J96,"呼吸衰竭，未分类"
J960,"急性呼吸衰竭"
J9600,"急性呼吸衰竭，未明确是否伴有缺氧或高碳酸血症"
J9601,"急性呼吸衰竭伴缺氧"
J9602,"急性呼吸衰竭伴高碳酸血症"
J961,"慢性呼吸衰竭"
J9610,"慢性呼吸衰竭，未明确是否伴有缺氧或高碳酸血症"
J9611,"慢性呼吸衰竭伴缺氧"
J9612,"慢性呼吸衰竭伴高碳酸血症"
J962,"急性和慢性呼吸衰竭"
J9620,"急性和慢性呼吸衰竭，未明确是否伴有缺氧或高碳酸血症"
J9621,"急性和慢性呼吸衰竭伴缺氧"
J9622,"急性和慢性呼吸衰竭伴高碳酸血症"
J969,"呼吸衰竭，未指定"
J9690,"呼吸衰竭，未指定，未指定是否伴有缺氧或高碳酸血症"
J9691,"呼吸衰竭，缺氧时未明确"
J9692,"呼吸衰竭，未明确表示高碳酸血症"
J98,"其他呼吸系统疾病"
J980,"未分类的支气管疾病"
J9801,"急性支气管痉挛"
J9809,"其他未分类的支气管疾病"
J981,"肺衰竭"
J9811,"肺"
J9819,"其他肺衰竭"
J982,"间质性肺气肿"
J983,"代偿性肺气肿"
J984,"其他肺部疾病"
J985,"纵隔疾病，未在其他地方分类"
J9851,"纵隔炎"
J9859,"其他纵隔疾病，未分类"
J986,"膈肌疾病"
J988,"其他特定的呼吸系统疾病"
J989,"呼吸系统疾病，未指定"
J99,"其他分类疾病中的呼吸系统疾病"
K00,"牙齿发育和萌出障碍"
K000,"无齿病"
K001,"多余牙齿"
K002,"牙齿大小和形状异常"
K003,"斑驳的牙齿"
K004,"牙齿形成障碍"
K005,"牙齿结构的遗传性紊乱，未在其他地方分类"
K006,"牙齿萌出紊乱"
K007,"出牙综合症"
K008,"牙齿发育的其他疾病"
K009,"牙齿发育障碍，未指定"
K01,"嵌入牙和阻生牙"
K010,"嵌入的牙齿"
K011,"阻生牙"
K02,"龋齿"
K023,"阻止的龋齿"
K025,"凹坑和裂隙表面的龋齿"
K0251,"凹坑和裂隙表面的龋齿仅限于牙釉质"
K0252,"凹坑和裂隙表面的龋齿渗透到牙本质中"
K0253,"凹坑和裂隙表面的龋齿渗透到牙髓中"
K026,"光滑表面上的龋齿"
K0261,"光滑表面上的龋齿仅限于牙釉质"
K0262,"光滑表面的龋齿渗透到牙本质中"
K0263,"光滑表面上的龋齿渗透到牙髓中"
K027,"牙根龋齿"
K029,"龋齿，未指定"
K03,"牙齿硬组织的其他疾病"
K030,"牙齿过度磨损"
K031,"牙齿磨损"
K032,"牙齿腐蚀"
K033,"牙齿病理吸收"
K034,"牙骨质增生"
K035,"牙齿强直"
K036,"牙齿上的沉积物 [增生]"
K037,"牙齿硬组织后部颜色变化"
K038,"牙齿硬组织的其他特定疾病"
K0381,"牙齿破裂"
K0389,"牙齿硬组织的其他特定疾病"
K039,"牙齿硬组织疾病，未指明"
K04,"牙髓和根尖周组织疾病"
K040,"牙髓 炎"
K0401,"可逆性牙髓炎"
K0402,"不可逆性牙髓炎"
K041,"牙髓坏死"
K042,"牙髓退化"
K043,"牙髓中硬组织形成异常"
K044,"牙髓起源的急性根尖周炎"
K045,"慢性根尖周炎"
K046,"根尖周脓肿伴鼻窦"
K047,"无鼻窦的根尖周脓肿"
K048,"神经根性囊肿"
K049,"牙髓和根尖周组织的其他和未指明的疾病"
K0490,"牙髓和根尖周组织未指定的疾病"
K0499,"牙髓和根尖周组织的其他疾病"
K05,"牙龈炎和牙周病"
K050,"急性牙龈炎"
K0500,"急性牙龈炎，牙菌斑诱发"
K0501,"急性牙龈炎，非牙菌斑诱发"
K051,"慢性牙龈炎"
K0510,"慢性牙龈炎，牙菌斑诱发"
K0511,"慢性牙龈炎，非牙菌斑诱发"
K052,"侵袭性牙周炎"
K0520,"侵袭性牙周炎，未指定"
K0521,"侵袭性牙周炎，局部"
K05211,"侵袭性牙周炎，局部，轻微"
K05212,"侵袭性牙周炎，局部，中度"
K05213,"侵袭性牙周炎，局部，重度"
K05219,"侵袭性牙周炎，局部，严重程度不明"
K0522,"侵袭性牙周炎，全身性"
K05221,"侵袭性牙周炎，全身性，轻微"
K05222,"侵袭性牙周炎，全身性，中度"
K05223,"侵袭性牙周炎，全身性，重度"
K05229,"侵袭性牙周炎，全身性，严重程度不明"
K053,"慢性牙周炎"
K0530,"慢性牙周炎，未指定"
K0531,"慢性牙周炎，局部"
K05311,"慢性牙周炎，局部，轻微"
K05312,"慢性牙周炎，局部，中度"
K05313,"慢性牙周炎，局部，重度"
K05319,"慢性牙周炎，局部，严重程度不明"
K0532,"慢性牙周炎，全身性"
K05321,"慢性牙周炎，全身性，轻微"
K05322,"慢性牙周炎，全身性，中度"
K05323,"慢性牙周炎，全身性，重度"
K05329,"慢性牙周炎，全身性，严重程度不明"
K054,"牙 周 炎"
K055,"其他牙周病"
K056,"牙周病，未指定"
K06,"牙龈和无牙牙槽嵴的其他疾病"
K060,"牙龈退缩"
K0601,"牙龈萎缩，局部"
K06010,"局限性牙龈萎缩，未指明"
K06011,"局部牙龈萎缩，轻微"
K06012,"局限性牙龈萎缩，中度"
K06013,"局部牙龈萎缩，严重"
K0602,"牙龈退缩，全身性"
K06020,"全身性牙龈萎缩，未指明"
K06021,"全身性牙龈萎缩，轻微"
K06022,"全身性牙龈退缩，中度"
K06023,"全身性牙龈萎缩，严重"
K061,"牙龈肿大"
K062,"与外伤相关的牙龈和无牙槽嵴病变"
K063,"水平牙槽骨丢失"
K068,"牙龈和无牙槽嵴的其他特定疾病"
K069,"牙龈和无牙槽嵴疾病，未指定"
K08,"牙齿和支撑结构的其他疾病"
K080,"由于全身性原因导致的牙齿脱落"
K081,"牙齿完全脱落"
K0810,"牙齿完全脱落，原因不明"
K08101,"牙齿完全脱落，原因不明，I 级"
K08102,"牙齿完全脱落，原因不明，II 级"
K08103,"牙齿完全脱落，原因不明，III 级"
K08104,"牙齿完全脱落，原因不明，IV 级"
K08109,"牙齿完全脱落，原因不明，类别不明"
K0811,"因外伤导致牙齿完全脱落"
K08111,"因外伤导致的牙齿完全脱落，I 级"
K08112,"因外伤导致的牙齿完全脱落，II 级"
K08113,"因外伤导致牙齿完全脱落，III 级"
K08114,"因外伤导致的牙齿完全脱落，IV 级"
K08119,"因外伤导致牙齿完全脱落，类别未定"
K0812,"牙周病导致牙齿完全脱落"
K08121,"牙周病导致的牙齿完全脱落，I 类"
K08122,"牙周病导致的牙齿完全脱落，II 级"
K08123,"牙周病导致的牙齿完全脱落，III 级"
K08124,"牙周病导致的牙齿完全脱落，IV 级"
K08129,"牙周病导致的牙齿完全脱落，类别未定"
K0813,"龋齿导致牙齿完全脱落"
K08131,"龋齿导致的牙齿完全脱落，I 级"
K08132,"因龋齿导致牙齿完全脱落，II 级"
K08133,"因龋齿导致牙齿完全脱落，III 级"
K08134,"因龋齿导致牙齿完全脱落，IV 级"
K08139,"因龋齿导致牙齿完全脱落，类别未定"
K0819,"由于其他特定原因导致的牙齿完全脱落"
K08191,"由于其他特定原因导致的牙齿完全脱落，I 类"
K08192,"由于其他特定原因导致的牙齿完全脱落，II 类"
K08193,"由于其他特定原因导致的牙齿完全脱落，III 类"
K08194,"由于其他特定原因导致的牙齿完全脱落，IV 级"
K08199,"由于其他指定原因导致的牙齿完全脱落，未指定类别"
K082,"无牙颌牙槽嵴萎缩"
K0820,"无牙颌牙槽嵴未分明的萎缩"
K0821,"下颌骨轻微萎缩"
K0822,"下颌骨中度萎缩"
K0823,"下颌骨严重萎缩"
K0824,"上颌骨轻微萎缩"
K0825,"上颌骨中度萎缩"
K0826,"上颌骨严重萎缩"
K083,"保留牙根"
K084,"牙齿部分脱落"
K0840,"牙齿部分脱落，原因不明"
K08401,"牙齿部分脱落，原因不明，I 级"
K08402,"牙齿部分脱落，原因不明，II 级"
K08403,"牙齿部分脱落，原因不明，III 级"
K08404,"牙齿部分脱落，原因不明，IV 级"
K08409,"牙齿部分脱落，原因不明，类别不明"
K0841,"外伤导致牙齿部分脱落"
K08411,"外伤导致牙齿部分脱落，I 级"
K08412,"外伤导致牙齿部分脱落，II 级"
K08413,"外伤导致牙齿部分脱落，III 级"
K08414,"外伤导致牙齿部分脱落，IV 级"
K08419,"外伤导致的部分牙齿脱落，类别未明确"
K0842,"牙周病导致牙齿部分脱落"
K08421,"牙周病导致的牙齿部分脱落，I 类"
K08422,"牙周病导致的牙齿部分脱落，II 类"
K08423,"牙周病导致牙齿部分脱落，III 级"
K08424,"牙周病导致的牙齿部分脱落，IV 级"
K08429,"牙周病导致牙齿部分脱落，类别未定"
K0843,"龋齿导致牙齿部分脱落"
K08431,"龋齿导致牙齿部分脱落，I 级"
K08432,"龋齿导致牙齿部分脱落，II 级"
K08433,"龋齿导致牙齿部分脱落，III 级"
K08434,"龋齿导致牙齿部分脱落，IV 级"
K08439,"龋齿导致的部分牙齿脱落，类别未指定"
K0849,"由于其他特定原因导致的部分牙齿脱落"
K08491,"由于其他特定原因导致的部分牙齿脱落，I 类"
K08492,"由于其他特定原因导致的部分牙齿脱落，II 类"
K08493,"由于其他特定原因导致的牙齿部分脱落，III 类"
K08494,"由于其他特定原因导致的部分牙齿脱落，IV 级"
K08499,"由于其他指定原因导致的部分牙齿脱落，未指定类别"
K085,"牙齿修复不满意"
K0850,"牙齿修复不满意，未指定"
K0851,"开放牙齿修复边缘"
K0852,"牙科修复材料无法修复的悬垂"
K0853,"骨折的牙科修复材料"
K08530,"无材料损失的断裂牙科修复材料"
K08531,"断裂的牙科修复材料伴材料损失"
K08539,"骨折的牙科修复材料，未指定"
K0854,"现有牙齿修复体的轮廓在生物学上与口腔健康不相容"
K0855,"对现有的牙科修复材料过敏"
K0856,"现有牙齿修复体的美观性差"
K0859,"其他牙齿修复不满意"
K088,"其他特定的牙齿和支撑结构疾病"
K0881,"原发性咬合创伤"
K0882,"继发性咬合创伤"
K0889,"其他特定的牙齿和支撑结构疾病"
K089,"牙齿和支撑结构疾病，未指定"
K09,"口腔区域囊肿，未在其他地方分类"
K090,"发育性牙源性囊肿"
K091,"口腔区域的发育性（非牙源性）囊肿"
K098,"口腔区域的其他囊肿，未在其他地方分类"
K099,"口腔区域囊肿，未指定"
K11,"唾液腺疾病"
K110,"唾液腺萎缩"
K111,"唾液腺肥大"
K112,"唾液炎"
K1120,"Sialoadenitis，未指定"
K1121,"急性唾液腺炎"
K1122,"急性复发性唾液腺炎"
K1123,"慢性 sialoadenitis"
K113,"唾液腺脓肿"
K114,"唾液腺瘘管"
K115,"流涎石"
K116,"唾液腺粘液囊肿"
K117,"唾液分泌紊乱"
K118,"唾液腺的其他疾病"
K119,"唾液腺疾病，未明确"
K12,"口腔炎和相关病变"
K120,"复发性口腔口疮"
K121,"其他形式的口腔炎"
K122,"蜂窝织炎和口腔脓肿"
K123,"口腔粘膜炎（溃疡性）"
K1230,"口腔黏膜炎（溃疡性），未指明"
K1231,"抗肿瘤治疗引起的口腔粘膜炎（溃疡性）"
K1232,"其他药物引起的口腔粘膜炎（溃疡性）"
K1233,"放疗引起的口腔粘膜炎（溃疡性）"
K1239,"其他口腔粘膜炎（溃疡性）"
K13,"唇部和口腔粘膜的其他疾病"
K130,"嘴唇疾病"
K131,"咬脸颊和嘴唇"
K132,"黏膜白斑和其他口腔上皮紊乱，包括舌头"
K1321,"口腔粘膜（包括舌头）黏膜白斑"
K1322,"最小角化残留嵴粘膜"
K1323,"过多的角化残留嵴粘膜"
K1324,"白斑 Nicotina palati"
K1329,"口腔上皮的其他功能障碍，包括舌头"
K133,"毛状白斑"
K134,"口腔粘膜肉芽肿和肉芽肿样病变"
K135,"口腔粘膜下纤维化"
K136,"口腔粘膜刺激性增生"
K137,"口腔粘膜的其他和未指明的病变"
K1370,"口腔粘膜的未指定病变"
K1379,"口腔粘膜的其他病变"
K14,"舌病"
K140,"舌炎"
K141,"地图舌"
K142,"正中菱形舌炎"
K143,"舌肥大"
K144,"舌萎缩"
K145,"舌片折叠"
K146,"舌痛"
K148,"舌的其他疾病"
K149,"舌病，未明确"
K20,"食管 炎"
K200,"嗜酸性粒细胞性食管炎"
K208,"其他食管炎"
K2080,"其他无出血的食管炎"
K2081,"其他伴有出血的食管炎"
K209,"食管炎，未指定"
K2090,"食管炎，未明确无出血"
K2091,"食管炎，未明确出血"
K21,"胃食管反流病"
K210,"胃食管反流病伴食管炎"
K2100,"胃食管反流病伴食管炎，无出血"
K2101,"胃食管反流病伴食管炎，伴有出血"
K219,"不伴食管炎的胃食管反流病"
K22,"食管的其他疾病"
K220,"贲门失弛缓症"
K221,"食管溃疡"
K2210,"无出血的食管溃疡"
K2211,"食管溃疡出血"
K222,"食管梗阻"
K223,"食管穿孔"
K224,"食管运动障碍"
K225,"食管憩室，获得性"
K226,"胃食管撕裂出血综合征"
K227,"Barrett 食管"
K2270,"无异型增生的 Barrett 食管"
K2271,"巴雷特食管伴异型增生"
K22710,"伴有轻度异型增生的 Barrett 食管"
K22711,"伴有高度异型增生的 Barrett 食管"
K22719,"巴雷特食管伴异型增生，未指明"
K228,"其他特定的食管疾病"
K2281,"食管息肉"
K2282,"食管胃交界处息肉"
K2289,"其他特定的食管疾病"
K229,"食管疾病，未指明"
K23,"其他分类疾病中的食管疾病"
K25,"胃溃疡"
K250,"急性胃溃疡伴出血"
K251,"急性胃溃疡伴穿孔"
K252,"急性胃溃疡，同时伴有出血和穿孔"
K253,"无出血或穿孔的急性胃溃疡"
K254,"伴有出血的慢性或未指明的胃溃疡"
K255,"慢性或未指明的胃溃疡伴穿孔"
K256,"慢性或未指明的胃溃疡，伴有出血和穿孔"
K257,"无出血或穿孔的慢性胃溃疡"
K259,"胃溃疡，未明确为急性或慢性，无出血或穿孔"
K26,"十二指肠溃疡"
K260,"急性十二指肠溃疡伴出血"
K261,"急性十二指肠溃疡伴穿孔"
K262,"急性十二指肠溃疡同时伴有出血和穿孔"
K263,"无出血或穿孔的急性十二指肠溃疡"
K264,"伴有出血的慢性或未指明的十二指肠溃疡"
K265,"慢性或未指明的十二指肠溃疡伴穿孔"
K266,"慢性或未指明的十二指肠溃疡，伴有出血和穿孔"
K267,"无出血或穿孔的慢性十二指肠溃疡"
K269,"十二指肠溃疡，未明确为急性或慢性，无出血或穿孔"
K27,"消化性溃疡，部位未指定"
K270,"急性消化性溃疡，部位不明，伴有出血"
K271,"急性消化性溃疡，部位不明，伴有穿孔"
K272,"急性消化性溃疡，部位不明，伴有出血和穿孔"
K273,"急性消化性溃疡，部位不明，无出血或穿孔"
K274,"慢性或未指明的消化性溃疡，部位不明，伴有出血"
K275,"慢性或未指明的消化性溃疡，部位不明，伴有穿孔"
K276,"慢性或未指明的消化性溃疡，部位不明，伴有出血和穿孔"
K277,"慢性消化性溃疡，部位不明，无出血或穿孔"
K279,"消化性溃疡，部位未明确，未明确为急性或慢性，无出血或穿孔"
K28,"胃空肠溃疡"
K280,"急性胃空肠溃疡伴出血"
K281,"急性胃空肠溃疡伴穿孔"
K282,"急性胃空肠溃疡同时伴有出血和穿孔"
K283,"无出血或穿孔的急性胃空肠溃疡"
K284,"慢性或未指明的胃空肠溃疡伴出血"
K285,"慢性或未指明的胃空肠溃疡伴穿孔"
K286,"慢性或未指明的胃空肠溃疡，伴有出血和穿孔"
K287,"无出血或穿孔的慢性胃空肠溃疡"
K289,"胃空肠溃疡，未明确为急性或慢性，无出血或穿孔"
K29,"胃炎和十二指肠炎"
K290,"急性胃炎"
K2900,"无出血的急性胃炎"
K2901,"急性胃炎伴出血"
K292,"酒精性胃炎"
K2920,"无出血的酒精性胃炎"
K2921,"酒精性胃炎伴出血"
K293,"慢性浅表性胃炎"
K2930,"无出血的慢性浅表性胃炎"
K2931,"伴有出血的慢性浅表性胃炎"
K294,"慢性萎缩性胃炎"
K2940,"无出血的慢性萎缩性胃炎"
K2941,"伴有出血的慢性萎缩性胃炎"
K295,"未分类的慢性胃炎"
K2950,"无出血的未分类慢性胃炎"
K2951,"未分类的慢性胃炎伴出血"
K296,"其他胃炎"
K2960,"其他无出血的胃炎"
K2961,"其他胃炎伴出血"
K297,"胃炎，未指定"
K2970,"胃炎，未指定，无出血"
K2971,"胃炎，未指定，伴有出血"
K298,"十二指肠炎"
K2980,"无出血的十二指肠炎"
K2981,"伴有出血的十二指肠炎"
K299,"胃十二指肠炎，未指定"
K2990,"胃十二指肠炎，未指定，无出血"
K2991,"胃十二指肠炎，未指定，伴有出血"
K30,"性 消化不良"
K31,"胃和十二指肠的其他疾病"
K310,"胃急性扩张"
K311,"成人肥厚性幽门狭窄"
K312,"沙漏型狭窄和胃狭窄"
K313,"幽门痉挛，未分类"
K314,"胃憩室"
K315,"十二指肠梗阻"
K316,"胃和十二指肠瘘管"
K317,"胃和十二指肠息肉"
K318,"胃和十二指肠的其他特定疾病"
K3181,"胃和十二指肠血管发育不良"
K31811,"胃和十二指肠血管发育不良伴出血"
K31819,"无出血的胃和十二指肠血管发育不良"
K3182,"胃和十二指肠的 dieulafoy 病变（出血性）"
K3183,"胃酸缺乏"
K3184,"胃轻瘫"
K3189,"胃和十二指肠的其他疾病"
K319,"胃和十二指肠疾病，未明确"
K31A,"胃肠上皮化生"
K31A0,"胃肠上皮化生，未指定"
K31A1,"无异型增生的胃肠上皮化生"
K31A11,"不伴异型增生的胃肠上皮化生，累及胃窦"
K31A12,"不伴异型增生的胃肠上皮化生，累及身体（胃体）"
K31A13,"不伴异型增生的胃肠上皮化生，累及胃底"
K31A14,"不伴异型增生的胃肠上皮化生，累及贲门"
K31A15,"无异型增生的胃肠上皮化生，涉及多个部位"
K31A19,"无异型增生的胃肠上皮化生，部位不明"
K31A2,"胃肠上皮化生伴异型增生"
K31A21,"胃肠上皮化生伴低度异型增生"
K31A22,"胃肠上皮化生伴高度异型增生"
K31A29,"胃肠上皮化生伴异型增生，未指定"
K35,"急性阑尾炎"
K352,"急性阑尾炎伴全身性腹膜炎"
K3520,"急性阑尾炎伴全身性腹膜炎，无脓肿"
K3521,"急性阑尾炎伴全身性腹膜炎，伴有脓肿"
K353,"急性阑尾炎伴局限性腹膜炎"
K3530,"急性阑尾炎伴局限性腹膜炎，无穿孔或坏疽"
K3531,"急性阑尾炎伴局限性腹膜炎和坏疽，无穿孔"
K3532,"急性阑尾炎伴穿孔、局限性腹膜炎和坏疽，无脓肿"
K3533,"急性阑尾炎伴穿孔、局限性腹膜炎、坏疽伴脓肿"
K358,"其他未指明的急性阑尾炎"
K3580,"未分类的急性阑尾炎"
K3589,"其他急性阑尾炎"
K35890,"其他无穿孔或坏疽的急性阑尾炎"
K35891,"其他无穿孔的急性阑尾炎，伴有坏疽"
K36,"其他阑尾炎"
K37,"未指明的阑尾炎"
K38,"阑尾的其他疾病"
K380,"阑尾增生"
K381,"附肢凝结物"
K382,"阑尾憩室"
K383,"阑尾瘘管"
K388,"阑尾的其他特定疾病"
K389,"阑尾疾病，未指定"
K40,"腹股沟疝"
K400,"双侧腹股沟疝，伴有梗阻，无坏疽"
K4000,"双侧腹股沟疝，伴有梗阻，无坏疽，未指明为复发性"
K4001,"双侧腹股沟疝，伴有梗阻，无坏疽，复发"
K401,"双侧腹股沟疝，伴有坏疽"
K4010,"双侧腹股沟疝，伴有坏疽，未指定为复发性"
K4011,"双侧腹股沟疝，伴有坏疽，复发"
K402,"双侧腹股沟疝，无梗阻或坏疽"
K4020,"双侧腹股沟疝，无梗阻或坏疽，未指定为复发性"
K4021,"双侧腹股沟疝，无梗阻或坏疽，复发"
K403,"单侧腹股沟疝，伴有梗阻，无坏疽"
K4030,"单侧腹股沟疝，伴有梗阻，无坏疽，未指定为复发性"
K4031,"单侧腹股沟疝，伴有梗阻，无坏疽，复发性"
K404,"单侧腹股沟疝，伴有坏疽"
K4040,"单侧腹股沟疝，伴有坏疽，未指定为复发性"
K4041,"单侧腹股沟疝，伴有坏疽，复发"
K409,"单侧腹股沟疝，无梗阻或坏疽"
K4090,"单侧腹股沟疝，无梗阻或坏疽，未指定为复发性"
K4091,"单侧腹股沟疝，无梗阻或坏疽，复发"
K41,"股疝"
K410,"双侧股疝，伴有梗阻，无坏疽"
K4100,"双侧股疝，伴有梗阻，无坏疽，未指定为复发性"
K4101,"双侧股疝，伴有梗阻，无坏疽，复发性"
K411,"双侧股疝，伴有坏疽"
K4110,"双侧股疝，伴有坏疽，未指定为复发性"
K4111,"双侧股疝，伴有坏疽，复发"
K412,"双侧股疝，无梗阻或坏疽"
K4120,"双侧股疝，无梗阻或坏疽，未指定为复发性"
K4121,"双侧股疝，无梗阻或坏疽，复发"
K413,"单侧股疝，伴有梗阻，无坏疽"
K4130,"单侧股疝，伴有梗阻，无坏疽，未指定为复发性"
K4131,"单侧股疝，伴有梗阻，无坏疽，复发性"
K414,"单侧股疝，伴有坏疽"
K4140,"单侧股疝，伴有坏疽，未指定为复发性"
K4141,"单侧股疝，伴有坏疽，复发"
K419,"单侧股疝，无梗阻或坏疽"
K4190,"单侧股疝，无梗阻或坏疽，未指定为复发性"
K4191,"单侧股疝，无梗阻或坏疽，复发"
K42,"脐疝"
K420,"脐疝伴梗阻，无坏疽"
K421,"脐疝伴坏疽"
K429,"无梗阻或坏疽的脐疝"
K43,"腹疝"
K430,"切口疝伴梗阻，无坏疽"
K431,"切口疝伴坏疽"
K432,"无梗阻或坏疽的切口疝"
K433,"造口旁疝伴梗阻，无坏疽"
K434,"造口旁疝伴坏疽"
K435,"造口旁疝，无梗阻或坏疽"
K436,"其他未指明的腹疝伴梗阻，无坏疽"
K437,"其他未指明的腹疝伴坏疽"
K439,"无梗阻或坏疽的腹疝"
K44,"膈疝"
K440,"膈疝伴梗阻，无坏疽"
K441,"膈疝伴坏疽"
K449,"无梗阻或坏疽的膈疝"
K45,"其他腹疝"
K450,"其他特定的腹疝伴梗阻，无坏疽"
K451,"其他特定的腹疝伴坏疽"
K458,"其他指定的无梗阻或坏疽的腹疝"
K46,"未分类的腹疝"
K460,"未分类的腹疝伴梗阻，无坏疽"
K461,"未分类的腹疝伴坏疽"
K469,"无梗阻或坏疽的未分类腹疝"
K50,"克罗恩病 [局部肠炎]"
K500,"小肠克罗恩病"
K5000,"无并发症的小肠克罗恩病"
K5001,"伴有并发症的小肠克罗恩病"
K50011,"小肠伴直肠出血的克罗恩病"
K50012,"小肠伴肠梗阻的克罗恩病"
K50013,"小肠伴瘘管的克罗恩病"
K50014,"小肠脓肿克罗恩病"
K50018,"伴有其他并发症的小肠克罗恩病"
K50019,"伴有未明确并发症的小肠克罗恩病"
K501,"大肠克罗恩病"
K5010,"无并发症的大肠克罗恩病"
K5011,"伴有并发症的大肠克罗恩病"
K50111,"大肠直肠出血的克罗恩病"
K50112,"大肠伴肠梗阻的克罗恩病"
K50113,"大肠伴瘘管的克罗恩病"
K50114,"大肠脓肿克罗恩病"
K50118,"伴有其他并发症的大肠克罗恩病"
K50119,"伴有未明确并发症的大肠克罗恩病"
K508,"小肠和大肠的克罗恩病"
K5080,"小肠和大肠克罗恩病，无并发症"
K5081,"小肠和大肠克罗恩病并伴有并发症"
K50811,"小肠和大肠克罗恩病伴直肠出血"
K50812,"小肠和大肠克罗恩病伴肠梗阻"
K50813,"小肠和大肠伴瘘管的克罗恩病"
K50814,"小肠和大肠伴脓肿的克罗恩病"
K50818,"小肠和大肠克罗恩病伴有其他并发症"
K50819,"小肠和大肠克罗恩病，伴有未指明的并发症"
K509,"克罗恩病，未指明"
K5090,"克罗恩病，未明确说明，无并发症"
K5091,"克罗恩病，未指明，伴有并发症"
K50911,"克罗恩病，未明确，伴有直肠出血"
K50912,"克罗恩病，未明确，伴有肠梗阻"
K50913,"克罗恩病，未指定，伴有瘘管"
K50914,"克罗恩病，未指定，伴有脓肿"
K50918,"克罗恩病，未指明，伴有其他并发症"
K50919,"克罗恩病，未明确，伴有未明确并发症"
K51,"溃疡性结肠炎"
K510,"溃疡性（慢性）全结肠炎"
K5100,"无并发症的溃疡性（慢性）全结肠炎"
K5101,"溃疡性（慢性）全结肠炎伴并发症"
K51011,"溃疡性（慢性）全结肠炎伴直肠出血"
K51012,"溃疡性（慢性）全结肠炎伴肠梗阻"
K51013,"溃疡性（慢性）全结肠炎伴瘘管"
K51014,"溃疡性（慢性）全结肠炎伴脓肿"
K51018,"溃疡性（慢性）全结肠炎伴其他并发症"
K51019,"溃疡性（慢性）全结肠炎伴有未明确并发症"
K512,"溃疡性（慢性）直肠炎"
K5120,"无并发症的溃疡性（慢性）直肠炎"
K5121,"溃疡性（慢性）直肠炎伴并发症"
K51211,"溃疡性（慢性）直肠炎伴直肠出血"
K51212,"溃疡性（慢性）直肠炎伴肠梗阻"
K51213,"溃疡性（慢性）直肠炎伴瘘管"
K51214,"溃疡性（慢性）直肠炎伴脓肿"
K51218,"溃疡性（慢性）直肠炎伴有其他并发症"
K51219,"溃疡性（慢性）直肠炎伴有未明确并发症"
K513,"溃疡性（慢性）直肠乙状结肠炎"
K5130,"无并发症的溃疡性（慢性）直肠乙状结肠炎"
K5131,"溃疡性（慢性）直肠乙状结肠炎伴并发症"
K51311,"溃疡性（慢性）直肠乙状结肠炎伴直肠出血"
K51312,"溃疡性（慢性）直肠乙状结肠炎伴肠梗阻"
K51313,"溃疡性（慢性）直肠乙状结肠炎伴瘘管"
K51314,"溃疡性（慢性）直肠乙状结肠炎伴脓肿"
K51318,"溃疡性（慢性）直肠乙状结肠炎伴其他并发症"
K51319,"溃疡性（慢性）直肠乙状结肠炎伴有未明确并发症"
K514,"结肠炎性息肉"
K5140,"无并发症的结肠炎性息肉"
K5141,"伴有并发症的结肠炎性息肉"
K51411,"结肠炎性息肉伴直肠出血"
K51412,"结肠炎性息肉伴肠梗阻"
K51413,"伴有瘘管的结肠炎性息肉"
K51414,"伴有脓肿的结肠炎性息肉"
K51418,"结肠炎性息肉伴有其他并发症"
K51419,"结肠炎性息肉伴有未明确并发症"
K515,"左侧结肠炎"
K5150,"无并发症的左侧结肠炎"
K5151,"伴有并发症的左侧结肠炎"
K51511,"左侧结肠炎伴直肠出血"
K51512,"左侧结肠炎伴肠梗阻"
K51513,"左侧结肠炎伴瘘管"
K51514,"左侧结肠炎伴脓肿"
K51518,"伴有其他并发症的左侧结肠炎"
K51519,"伴有未明确并发症的左侧结肠炎"
K518,"其他溃疡性结肠炎"
K5180,"其他无并发症的溃疡性结肠炎"
K5181,"其他伴有并发症的溃疡性结肠炎"
K51811,"其他溃疡性结肠炎伴直肠出血"
K51812,"其他溃疡性结肠炎伴肠梗阻"
K51813,"其他溃疡性结肠炎伴瘘管"
K51814,"其他溃疡性结肠炎伴脓肿"
K51818,"其他溃疡性结肠炎伴有其他并发症"
K51819,"其他伴有未明确并发症的溃疡性结肠炎"
K519,"溃疡性结肠炎，未指定"
K5190,"溃疡性结肠炎，未指定，无并发症"
K5191,"溃疡性结肠炎，未指定，伴有并发症"
K51911,"溃疡性结肠炎，未明确表现为直肠出血"
K51912,"溃疡性结肠炎，未明确说明肠梗阻"
K51913,"溃疡性结肠炎，未明确说明瘘管"
K51914,"溃疡性结肠炎，未明确说明脓肿"
K51918,"溃疡性结肠炎，未明确其他并发症"
K51919,"溃疡性结肠炎，未特指的并发症"
K52,"其他未指明的非感染性胃肠炎和结肠炎"
K520,"放疗引起的胃肠炎和结肠炎"
K521,"中毒性胃肠炎和结肠炎"
K522,"过敏性和饮食性胃肠炎和结肠炎"
K5221,"食物蛋白诱导的小肠结肠炎综合征"
K5222,"食物蛋白诱发的肠病"
K5229,"其他过敏性和饮食性胃肠炎和结肠炎"
K523,"不确定结肠炎"
K528,"其他特定的非感染性胃肠炎和结肠炎"
K5281,"嗜酸性粒细胞性胃炎或胃肠炎"
K5282,"嗜酸性粒细胞性结肠炎"
K5283,"显微镜下结肠炎"
K52831,"胶原性结肠炎"
K52832,"淋巴细胞性结肠炎"
K52838,"其他显微镜下结肠炎"
K52839,"显微镜下结肠炎，未指定"
K5289,"其他特定的非感染性胃肠炎和结肠炎"
K529,"非感染性胃肠炎和结肠炎，未指定"
K55,"肠道血管疾病"
K550,"急性肠道血管疾病"
K5501,"小肠急性（可逆性）缺血"
K55011,"小肠局灶性（节段性）急性（可逆性）缺血"
K55012,"小肠弥漫性急性（可逆性）缺血"
K55019,"小肠急性（可逆性）缺血，程度未明确"
K5502,"小肠急性梗死"
K55021,"局灶性（节段性）小肠急性梗死"
K55022,"弥漫性急性小肠梗死"
K55029,"小肠急性梗死，范围未定"
K5503,"大肠急性（可逆性）缺血"
K55031,"大肠局灶性（节段性）急性（可逆性）缺血"
K55032,"弥漫性急性（可逆性）大肠缺血"
K55039,"大肠急性（可逆性）缺血，程度未明确"
K5504,"大肠急性梗死"
K55041,"大肠局灶性（节段性）急性梗死"
K55042,"弥漫性急性大肠梗死"
K55049,"大肠急性梗死，范围未明确"
K5505,"急性（可逆性）肠道缺血，部分未指定"
K55051,"局灶性（节段性）急性（可逆性）肠道缺血，部分未指定"
K55052,"弥漫性急性（可逆性）肠道缺血，部分未明确"
K55059,"急性（可逆性）肠道缺血，部分和范围未明确"
K5506,"急性肠梗死，部分未明确"
K55061,"局灶性（节段性）急性肠梗死，部分未明确"
K55062,"弥漫性急性肠梗死，部分未指定"
K55069,"急性肠梗死，部分和范围未明确"
K551,"慢性肠道血管疾病"
K552,"结肠血管发育不良"
K5520,"无出血的结肠血管发育不良"
K5521,"结肠血管发育不良伴出血"
K553,"坏死性小肠结肠炎"
K5530,"坏死性小肠结肠炎，未指定"
K5531,"1 期坏死性小肠结肠炎"
K5532,"2 期坏死性小肠结肠炎"
K5533,"3 期坏死性小肠结肠炎"
K558,"其他肠道血管疾病"
K559,"未指明的肠道血管疾病"
K56,"麻痹性肠梗阻和肠梗阻，无疝"
K560,"麻痹性肠梗阻"
K561,"肠 套 叠"
K562,"扭转"
K563,"胆石性肠梗阻"
K564,"其他肠道嵌塞"
K5641,"粪便嵌塞"
K5649,"其他肠道嵌塞"
K565,"伴有梗阻的肠粘连 [带] （感染后）"
K5650,"肠粘连 [条带]，部分梗阻与完全梗阻的特异性不明"
K5651,"肠粘连 [带状]，伴有部分梗阻"
K5652,"肠粘连 [带] 伴完全梗阻"
K566,"其他未指明的肠梗阻"
K5660,"未指明的肠梗阻"
K56600,"部分肠梗阻，原因不明"
K56601,"完全性肠梗阻，原因不明"
K56609,"未指明的肠梗阻，未指明部分梗阻与完全梗阻"
K5669,"其他肠梗阻"
K56690,"其他部分性肠梗阻"
K56691,"其他完全性肠梗阻"
K56699,"其他未明确说明的部分性梗阻与完全性梗阻"
K567,"肠阻，未指明"
K57,"肠道憩室病"
K570,"小肠憩室炎伴穿孔和脓肿"
K5700,"小肠憩室炎伴穿孔和脓肿，无出血"
K5701,"小肠憩室炎伴穿孔和脓肿伴出血"
K571,"无穿孔或脓肿的小肠憩室病"
K5710,"小肠憩室病无穿孔或脓肿无出血"
K5711,"小肠憩室病，无穿孔或脓肿伴出血"
K5712,"无穿孔的小肠憩室炎或无出血的脓肿"
K5713,"小肠憩室炎，无穿孔或脓肿伴出血"
K572,"伴有穿孔和脓肿的大肠憩室炎"
K5720,"大肠憩室炎伴穿孔和脓肿，无出血"
K5721,"大肠憩室炎伴穿孔和脓肿伴出血"
K573,"无穿孔或脓肿的大肠憩室病"
K5730,"无穿孔的大肠憩室或无出血的脓肿"
K5731,"大肠憩室病，无穿孔或脓肿伴出血"
K5732,"无穿孔的大肠憩室炎或无出血的脓肿"
K5733,"无穿孔或脓肿伴出血的大肠憩室炎"
K574,"小肠和大肠憩室炎，伴有穿孔和脓肿"
K5740,"小肠和大肠憩室炎，伴有穿孔和脓肿，无出血"
K5741,"小肠和大肠憩室炎伴有穿孔和脓肿伴出血"
K575,"小肠和大肠憩室病，无穿孔或脓肿"
K5750,"小肠和大肠憩室无穿孔或脓肿无出血"
K5751,"小肠和大肠憩室病，无穿孔或脓肿伴出血"
K5752,"小肠和大肠憩室炎无穿孔或脓肿无出血"
K5753,"小肠和大肠憩室炎，无穿孔或脓肿伴出血"
K578,"肠憩室炎，部分不明，伴有穿孔和脓肿"
K5780,"肠憩室炎，部分不明确，伴有穿孔和脓肿，无出血"
K5781,"肠憩室炎，部分不明确，伴有穿孔和脓肿伴出血"
K579,"肠道憩室病，部分未明确，无穿孔或脓肿"
K5790,"肠憩室病，部分未指定，无穿孔或脓肿无出血"
K5791,"肠憩室病，部分未明确，无穿孔或脓肿伴出血"
K5792,"肠憩室炎，部分不明确，无穿孔或脓肿无出血"
K5793,"肠憩室炎，部分不明确，无穿孔或脓肿伴出血"
K58,"肠易激综合征"
K580,"肠易激综合征伴腹泻"
K581,"肠易激综合征伴便秘"
K582,"混合性肠易激综合征"
K588,"其他肠易激综合征"
K589,"不伴腹泻的肠易激综合征"
K59,"其他功能性肠道疾病"
K590,"便秘"
K5900,"便秘，未指定"
K5901,"慢传输型便秘"
K5902,"出口功能障碍便秘"
K5903,"药物诱发的便秘"
K5904,"慢性特发性便秘"
K5909,"其他便秘"
K591,"功能性腹泻"
K592,"神经源性肠道，未分类"
K593,"巨结肠，未分类"
K5931,"中毒性巨结肠"
K5939,"其他巨结肠"
K594,"肛门痉挛"
K598,"其他特定的功能性肠道疾病"
K5981,"奥格尔维综合症"
K5989,"其他特定的功能性肠道疾病"
K599,"功能性肠道疾病，未指定"
K60,"肛门和直肠区域的裂隙和瘘管"
K600,"急性肛裂"
K601,"慢性肛裂"
K602,"肛裂，未指定"
K603,"肛瘘"
K604,"直肠瘘"
K605,"肛门直肠瘘"
K61,"肛门和直肠区域脓肿"
K610,"肛门脓肿"
K611,"直肠脓肿"
K612,"肛门直肠脓肿"
K613,"坐骨直肠脓肿"
K6131,"马蹄形脓肿"
K6139,"其他坐骨直肠脓肿"
K614,"括约肌内脓肿"
K615,"提肌上脓肿"
K62,"肛门和直肠的其他疾病"
K620,"肛门息肉"
K621,"直肠息肉"
K622,"肛门脱垂"
K623,"直肠脱垂"
K624,"肛门和直肠狭窄"
K625,"肛门和直肠出血"
K626,"肛门和直肠溃疡"
K627,"放射性直肠炎"
K628,"肛门和直肠的其他特定疾病"
K6281,"肛门括约肌撕裂（已愈合）（非创伤性）（旧）"
K6282,"肛门发育不良"
K6289,"肛门和直肠的其他特定疾病"
K629,"肛门和直肠疾病，未明确"
K63,"其他肠道疾病"
K630,"肠脓肿"
K631,"肠穿孔（非创伤性）"
K632,"肠瘘"
K633,"肠溃疡"
K634,"肠细胞??亡"
K635,"结肠息肉"
K638,"其他特定的肠道疾病"
K6381,"肠 Dieulafoy 病变"
K6389,"其他特定的肠道疾病"
K639,"未指明的肠道疾病"
K64,"痔疮和肛周静脉血栓形成"
K640,"一级痔疮"
K641,"二度痔疮"
K642,"三度痔疮"
K643,"四度痔疮"
K644,"残留痔疮皮赘"
K645,"肛周静脉血栓形成"
K648,"其他痔疮"
K649,"未分类的痔疮"
K65,"腹膜炎"
K650,"全身性（急性）腹膜炎"
K651,"腹膜脓肿"
K652,"自发性细菌性腹膜炎"
K653,"胆腹膜炎"
K654,"硬化性肠系膜炎"
K658,"其他腹膜炎"
K659,"腹膜炎，未指定"
K66,"其他腹膜疾病"
K660,"腹膜粘连（术后）（感染后）"
K661,"腹腔积血"
K668,"其他特定的腹膜疾病"
K669,"未指明的腹膜疾病"
K67,"其他分类的传染病中的腹膜疾病"
K68,"腹膜后疾病"
K681,"腹膜后脓肿"
K6811,"术后腹膜后脓肿"
K6812,"腰大肌脓肿"
K6819,"其他腹膜后脓肿"
K689,"腹膜后的其他疾病"
K70,"酒精性肝病"
K700,"酒精性脂肪肝"
K701,"酒精性肝炎"
K7010,"无腹水的酒精性肝炎"
K7011,"酒精性肝炎伴腹水"
K702,"酒精性纤维化和肝脏硬化"
K703,"酒精性肝硬化"
K7030,"无腹水的酒精性肝硬化"
K7031,"酒精性肝硬化伴腹水"
K704,"酒精性肝功能衰竭"
K7040,"不伴昏迷的酒精性肝功能衰竭"
K7041,"酒精性肝功能衰竭伴昏迷"
K709,"酒精性肝病，未指定"
K71,"中毒性肝病"
K710,"中毒性肝病伴胆汁淤积"
K711,"中毒性肝病伴肝坏死"
K7110,"中毒性肝病伴肝坏死，无昏迷"
K7111,"中毒性肝病伴肝坏死，昏迷"
K712,"急性肝炎中毒性肝病"
K713,"伴有慢性持续性肝炎的中毒性肝病"
K714,"中毒性肝病伴慢性小叶性肝炎"
K715,"伴有慢性活动性肝炎的中毒性肝病"
K7150,"中毒性肝病伴慢性活动性肝炎，无腹水"
K7151,"中毒性肝病伴慢性活动性肝炎伴腹水"
K716,"中毒性肝病伴肝炎，未在其他部位分类"
K717,"伴有肝纤维化和肝硬化的中毒性肝病"
K718,"中毒性肝病伴其他肝脏疾病"
K719,"中毒性肝病，未明确"
K72,"肝功能衰竭，未分类"
K720,"急性和亚急性肝衰竭"
K7200,"无昏迷的急性和亚急性肝衰竭"
K7201,"急性和亚急性肝衰竭伴昏迷"
K721,"慢性肝功能衰竭"
K7210,"无昏迷的慢性肝功能衰竭"
K7211,"慢性肝功能衰竭伴昏迷"
K729,"肝功能衰竭，未指定"
K7290,"肝功能衰竭，未明确无昏迷"
K7291,"肝功能衰竭，未明确提示昏迷"
K73,"慢性肝炎，未在其他部位分类"
K730,"慢性持续性肝炎，未在其他部位分类"
K731,"慢性小叶性肝炎，未在其他部位分类"
K732,"慢性活动性肝炎，未分类"
K738,"其他未分类的其他慢性肝炎"
K739,"慢性肝炎，未指定"
K74,"肝纤维化和肝硬化"
K740,"肝纤维化"
K7400,"肝纤维化，未指定"
K7401,"肝纤维化、早期纤维化"
K7402,"肝纤维化、晚期纤维化"
K741,"肝硬化症"
K742,"肝纤维化伴肝硬化"
K743,"原发性胆汁性肝硬化"
K744,"继发性胆汁性肝硬化"
K745,"胆汁性肝硬化，未指定"
K746,"其他未指明的肝硬化"
K7460,"未指明的肝硬化"
K7469,"其他肝硬化"
K75,"其他炎症性肝病"
K750,"肝脏脓肿"
K751,"门静脉静脉炎"
K752,"非特异性反应性肝炎"
K753,"肉芽肿性肝炎，未在其他部位分类"
K754,"自身免疫性肝炎"
K758,"其他特定的炎症性肝病"
K7581,"非酒精性脂肪性肝炎 （NASH）"
K7589,"其他特定的炎症性肝病"
K759,"炎症性肝病，未明确"
K76,"肝脏的其他疾病"
K760,"脂肪（变化）肝脏，未在其他地方分类"
K761,"肝脏慢性被动充血"
K762,"肝脏中央出血性坏死"
K763,"肝梗塞"
K764,"肝紫癜"
K765,"肝静脉闭塞性疾病"
K766,"门静脉高压症"
K767,"肝肾综合征"
K768,"其他特定的肝脏疾病"
K7681,"肝肺综合征"
K7682,"肝性脑病"
K7689,"其他特定的肝脏疾病"
K769,"肝病，未明确"
K77,"其他分类疾病中的肝脏疾病"
K80,"胆石病"
K800,"急性胆囊炎胆囊结石"
K8000,"无梗阻的急性胆囊炎胆囊结石"
K8001,"胆结石伴急性胆囊炎伴梗阻"
K801,"胆囊结石伴其他胆囊炎"
K8010,"无梗阻的慢性胆囊炎胆囊结石"
K8011,"胆囊结石伴慢性胆囊炎伴梗阻"
K8012,"无梗阻的急性和慢性胆囊炎胆囊结石"
K8013,"伴有急性和慢性胆囊炎伴梗阻的胆囊结石"
K8018,"胆结石伴其他胆囊炎，无梗阻"
K8019,"胆结石伴其他胆囊炎伴梗阻"
K802,"不伴胆囊炎的胆囊结石"
K8020,"胆结石无胆囊炎无梗阻"
K8021,"胆结石不伴胆囊炎伴梗阻"
K803,"胆管结石伴胆管炎"
K8030,"胆管结石伴胆管炎，未明确，无梗阻"
K8031,"胆管结石伴胆管炎，未明确，伴有梗阻"
K8032,"胆管结石伴无梗阻的急性胆管炎"
K8033,"胆管结石伴急性胆管炎伴梗阻"
K8034,"胆管结石伴无梗阻的慢性胆管炎"
K8035,"胆管结石伴慢性胆管炎伴梗阻"
K8036,"无梗阻的急性和慢性胆管炎胆管结石"
K8037,"伴有急性和慢性胆管炎伴梗阻的胆管结石"
K804,"胆管结石伴胆囊炎"
K8040,"胆管结石伴胆囊炎，未明确，无梗阻"
K8041,"胆管结石伴胆囊炎，未明确，伴有梗阻"
K8042,"无梗阻急性胆囊炎的胆管结石"
K8043,"胆管结石伴急性胆囊炎伴梗阻"
K8044,"胆管结石伴无梗阻的慢性胆囊炎"
K8045,"胆管结石伴慢性胆囊炎伴梗阻"
K8046,"胆管结石伴无梗阻的急性和慢性胆囊炎"
K8047,"伴有急性和慢性胆囊炎伴梗阻的胆管结石"
K805,"无胆管炎或胆囊炎的胆管结石"
K8050,"无胆管炎的胆管结石或无梗阻的胆囊炎"
K8051,"无胆管炎或胆囊炎伴梗阻的胆管结石"
K806,"胆囊和胆管结石伴胆囊炎"
K8060,"胆囊和胆管结石伴胆囊炎，未明确，无梗阻"
K8061,"胆囊和胆管结石伴胆囊炎，未明确，伴有梗阻"
K8062,"胆囊和胆管结石伴无梗阻的急性胆囊炎"
K8063,"胆囊和胆管结石伴急性胆囊炎伴梗阻"
K8064,"胆囊和胆管结石伴无梗阻的慢性胆囊炎"
K8065,"胆囊和胆管结石伴慢性胆囊炎伴梗阻"
K8066,"胆囊和胆管结石伴无梗阻的急性和慢性胆囊炎"
K8067,"胆囊和胆管结石伴急性和慢性胆囊炎伴梗阻"
K807,"无胆囊炎的胆囊和胆管结石"
K8070,"胆囊和胆管结石无胆囊炎无梗阻"
K8071,"胆囊和胆管结石，无胆囊炎伴梗阻"
K808,"其他 胆石症"
K8080,"其他无梗阻的胆石症"
K8081,"其他伴有梗阻的胆石症"
K81,"胆囊炎"
K810,"急性胆囊炎"
K811,"慢性胆囊炎"
K812,"急性胆囊炎伴慢性胆囊炎"
K819,"胆囊炎，未指定"
K82,"胆囊的其他疾病"
K820,"胆囊阻塞"
K821,"胆囊水滴"
K822,"胆囊穿孔"
K823,"胆囊瘘管"
K824,"胆囊胆固醇病"
K828,"其他特定的胆囊疾病"
K829,"胆囊疾病，未指定"
K82A,"其他分类疾病中的胆囊疾病"
K82A1,"胆囊炎中的胆囊坏疽"
K82A2,"胆囊炎中的胆囊穿孔"
K83,"胆道的其他疾病"
K830,"胆管炎"
K8301,"原发性硬化性胆管炎"
K8309,"其他胆管炎"
K831,"胆管阻塞"
K832,"胆管穿孔"
K833,"胆管瘘管"
K834,"Oddi 括约肌痉挛"
K835,"胆囊囊肿"
K838,"其他特定的胆道疾病"
K839,"胆道疾病，未明确"
K85,"急性胰腺炎"
K850,"特发性急性胰腺炎"
K8500,"无坏死或感染的特发性急性胰腺炎"
K8501,"特发性急性胰腺炎伴未感染坏死"
K8502,"特发性急性胰腺炎伴感染性坏死"
K851,"胆道急性胰腺炎"
K8510,"无坏死或感染的急性胆道胰腺炎"
K8511,"伴有未感染坏死的急性胆道胰腺炎"
K8512,"伴有感染性坏死的急性胆道胰腺炎"
K852,"酒精诱发的急性胰腺炎"
K8520,"酒精诱发的急性胰腺炎，无坏死或感染"
K8521,"酒精诱发的急性胰腺炎伴未感染坏死"
K8522,"酒精诱发的急性胰腺炎伴感染性坏死"
K853,"药物性急性胰腺炎"
K8530,"无坏死或感染的药物性急性胰腺炎"
K8531,"药物诱发的急性胰腺炎伴未感染坏死"
K8532,"药物诱发的急性胰腺炎伴感染性坏死"
K858,"其他急性胰腺炎"
K8580,"其他无坏死或感染的急性胰腺炎"
K8581,"其他伴有未感染坏死的急性胰腺炎"
K8582,"其他急性胰腺炎伴感染性坏死"
K859,"急性胰腺炎，未指定"
K8590,"无坏死或感染的急性胰腺炎，未明确"
K8591,"急性胰腺炎伴未感染坏死，未指定"
K8592,"急性胰腺炎伴感染性坏死，未明确"
K86,"胰腺的其他疾病"
K860,"酒精诱发的慢性胰腺炎"
K861,"其他慢性胰腺炎"
K862,"胰腺囊肿"
K863,"胰腺假性囊肿"
K868,"胰腺的其他特定疾病"
K8681,"胰腺外分泌功能不全"
K8689,"胰腺的其他特定疾病"
K869,"胰腺疾病，未明确"
K87,"其他分类疾病中的胆囊、胆道和胰腺疾病"
K90,"肠道吸收不良"
K900,"乳糜泻"
K901,"热带浇口"
K902,"盲环综合征，未分类"
K903,"胰腺脂肪泻"
K904,"不耐受引起的其他吸收不良"
K9041,"非乳糜泻麸质敏感"
K9049,"不耐受引起的吸收不良，未分类"
K908,"其他肠道吸收不良"
K9081,"惠普尔病"
K9089,"其他肠道吸收不良"
K909,"肠道吸收不良，未明确"
K91,"术中和术后并发症和消化系统疾病，未在其他地方分类"
K910,"胃肠道手术后呕吐"
K911,"胃手术后综合征"
K912,"术后吸收不良，未分类"
K913,"术后肠梗阻"
K9130,"术后肠梗阻，部分与完全不明确"
K9131,"术后部分性肠梗阻"
K9132,"术后完全性肠梗阻"
K915,"胆囊切除术后综合征"
K916,"术中出血和消化系统器官或结构血肿使手术复杂化"
K9161,"消化系统器官或结构的术中出血和血肿使消化系统手术复杂化"
K9162,"消化系统器官或结构的术中出血和血肿使其他手术复杂化"
K917,"手术过程中消化系统器官或结构的意外穿刺和撕裂伤"
K9171,"在消化系统手术过程中，消化系统器官或结构意外穿刺和撕裂伤"
K9172,"在其他手术过程中消化系统器官或结构意外穿刺和撕裂伤"
K918,"其他术中和术后并发症和消化系统疾病"
K9181,"消化系统的其他术中并发症"
K9182,"术后肝功能衰竭"
K9183,"术后肝肾综合征"
K9184,"手术后消化系统器官或结构的术后出血"
K91840,"消化系统手术后消化系统器官或结构的术后出血"
K91841,"其他手术后消化系统器官或结构的术后出血"
K9185,"肠袋的并发症"
K91850,"贮袋炎"
K91858,"肠袋的其他并发症"
K9186,"胆囊切除术后滞留的胆石症"
K9187,"手术后消化系统器官或结构的术后血肿和血清肿"
K91870,"消化系统手术后消化系统器官或结构的术后血肿"
K91871,"其他手术后消化系统器官或结构的术后血肿"
K91872,"消化系统手术后消化系统器官或结构的术后血清肿"
K91873,"其他手术后消化系统器官或结构的术后血清肿"
K9189,"其他术后并发症和消化系统疾病"
K92,"消化系统的其他疾病"
K920,"呕血"
K921,"黑莲"
K922,"胃肠道出血，未指定"
K928,"消化系统的其他特定疾病"
K9281,"胃肠道粘膜炎（溃疡性）"
K9289,"消化系统的其他特定疾病"
K929,"消化系统疾病，未指定"
K94,"消化系统人工开口的并发症"
K940,"结肠造口术并发症"
K9400,"结肠造口术并发症，未指定"
K9401,"结肠造口术出血"
K9402,"结肠造口术感染"
K9403,"结肠造口功能障碍"
K9409,"结肠造口术的其他并发症"
K941,"肠造口术并发症"
K9410,"肠造口术并发症，未指定"
K9411,"肠造口术出血"
K9412,"肠造口感染"
K9413,"肠造口功能障碍"
K9419,"小肠造口术的其他并发症"
K942,"胃造口术并发症"
K9420,"胃造口术并发症，未指定"
K9421,"胃造瘘出血"
K9422,"胃造口感染"
K9423,"胃造口功能障碍"
K9429,"胃造瘘术的其他并发症"
K943,"食管造口术并发症"
K9430,"食管造口术并发症，未指定"
K9431,"食管造口术出血"
K9432,"食管造口感染"
K9433,"食管造口功能障碍"
K9439,"食管造口术的其他并发症"
K95,"减重手术的并发症"
K950,"胃束带手术的并发症"
K9501,"胃束带手术引起的感染"
K9509,"胃束带手术的其他并发症"
K958,"其他减重手术的并发症"
K9581,"其他减重手术引起的感染"
K9589,"其他减重手术的其他并发症"
L00,"葡萄球菌性烫伤样皮肤综合征"
L01,"脓疱病"
L010,"脓疱病"
L0100,"脓疱病，未指明"
L0101,"非大疱性脓疱病"
L0102,"博克哈特脓疱病"
L0103,"大疱性脓疱病"
L0109,"其他脓疱病"
L011,"其他皮肤病的脓疱病"
L02,"皮肤脓肿、疖和痈"
L020,"面部皮肤脓肿、疖和痈"
L0201,"面部皮肤脓肿"
L0202,"面部疖"
L0203,"面部痈"
L021,"颈部皮肤脓肿、疖和痈"
L0211,"颈部皮肤脓肿"
L0212,"颈部疖"
L0213,"颈部痈"
L022,"躯干皮肤脓肿、疖和痈"
L0221,"躯干皮肤脓肿"
L02211,"腹壁皮肤脓肿"
L02212,"背部皮肤脓肿 [任何部位，臀部除外]"
L02213,"胸壁皮肤脓肿"
L02214,"腹股沟皮肤脓肿"
L02215,"会阴皮肤脓肿"
L02216,"脐部皮肤脓肿"
L02219,"躯干皮肤脓肿，未指明"
L0222,"躯干疖"
L02221,"腹壁疖"
L02222,"背部疖 [任何部分，臀部除外]"
L02223,"胸壁疖"
L02224,"腹股沟疖"
L02225,"会阴疖"
L02226,"脐疖"
L02229,"躯干疖，未指定"
L0223,"躯干痈"
L02231,"腹壁痈"
L02232,"背部痈 [任何部位，臀部除外]"
L02233,"胸壁痈"
L02234,"腹股沟痈"
L02235,"会阴痈"
L02236,"脐痈"
L02239,"躯干痈，未指定"
L023,"臀部皮肤脓肿、疖和痈"
L0231,"臀部皮肤脓肿"
L0232,"臀部疖"
L0233,"臀部痈"
L024,"肢体皮肤脓肿、疖和痈"
L0241,"肢体皮肤脓肿"
L02411,"右腋窝皮肤脓肿"
L02412,"左腋窝皮肤脓肿"
L02413,"右上肢皮肤脓肿"
L02414,"左上肢皮肤脓肿"
L02415,"右下肢皮肤脓肿"
L02416,"左下肢皮肤脓肿"
L02419,"肢体皮肤脓肿，未指明"
L0242,"肢体疖"
L02421,"右腋窝疖"
L02422,"左腋窝疖"
L02423,"右上肢疖"
L02424,"左上肢疖"
L02425,"右下肢疖"
L02426,"左下肢疖"
L02429,"肢体疖，未指定"
L0243,"肢体痈"
L02431,"右腋窝痈"
L02432,"左腋窝痈"
L02433,"右上肢痈"
L02434,"左上肢痈"
L02435,"右下肢痈"
L02436,"左下肢痈"
L02439,"肢体痈，未指定"
L025,"手部皮肤脓肿、疖和痈"
L0251,"手部皮肤脓肿"
L02511,"右手皮肤脓肿"
L02512,"左手皮肤脓肿"
L02519,"未指明手部的皮肤脓肿"
L0252,"疖手"
L02521,"右手疖"
L02522,"左手疖"
L02529,"疖未指定的手"
L0253,"手痈"
L02531,"右手痈"
L02532,"左手痈"
L02539,"未指定手的痈"
L026,"足部皮肤脓肿、疖和痈"
L0261,"足部皮肤脓肿"
L02611,"右足皮肤脓肿"
L02612,"左脚皮肤脓肿"
L02619,"未指明的足部皮肤脓肿"
L0262,"足疖"
L02621,"右足疖"
L02622,"左足疖"
L02629,"未指明足的疖"
L0263,"足痈"
L02631,"右脚痈"
L02632,"左脚痈"
L02639,"未指明的足痈"
L028,"皮肤脓肿、疖和其他部位的痈"
L0281,"其他部位的皮肤脓肿"
L02811,"头部皮肤脓肿 [任何部位，面部除外]"
L02818,"其他部位的皮肤脓肿"
L0282,"其他部位的疖"
L02821,"头部疖 [任何部位，面部除外]"
L02828,"其他部位的疖"
L0283,"其他部位的痈"
L02831,"头部痈 [任何部位，面部除外]"
L02838,"其他部位的痈"
L029,"皮肤脓肿、疖和痈，未指定"
L0291,"皮肤脓肿，未指定"
L0292,"疖，未指定"
L0293,"痈，未指定"
L03,"蜂窝织炎和急性淋巴管炎"
L030,"手指和脚趾的蜂窝织炎和急性淋巴管炎"
L0301,"手指蜂窝织炎"
L03011,"右指蜂窝织炎"
L03012,"左手指蜂窝织炎"
L03019,"不明指蜂窝织炎"
L0302,"手指急性淋巴管炎"
L03021,"右手指急性淋巴管炎"
L03022,"左手指急性淋巴管炎"
L03029,"未指明手指的急性淋巴管炎"
L0303,"脚趾蜂窝织炎"
L03031,"右脚趾蜂窝织炎"
L03032,"左脚趾蜂窝织炎"
L03039,"不明脚趾蜂窝织炎"
L0304,"脚趾急性淋巴管炎"
L03041,"右脚趾急性淋巴管炎"
L03042,"左脚趾急性淋巴管炎"
L03049,"未指定脚趾的急性淋巴管炎"
L031,"肢体其他部位的蜂窝织炎和急性淋巴管炎"
L0311,"肢体其他部位的蜂窝织炎"
L03111,"右腋窝蜂窝织炎"
L03112,"左腋窝蜂窝织炎"
L03113,"右上肢蜂窝织炎"
L03114,"左上肢蜂窝织炎"
L03115,"右下肢蜂窝织炎"
L03116,"左下肢蜂窝织炎"
L03119,"肢体未指定部位的蜂窝织炎"
L0312,"肢体其他部位的急性淋巴管炎"
L03121,"右腋窝急性淋巴管炎"
L03122,"左腋窝急性淋巴管炎"
L03123,"右上肢急性淋巴管炎"
L03124,"左上肢急性淋巴管炎"
L03125,"右下肢急性淋巴管炎"
L03126,"左下肢急性淋巴管炎"
L03129,"肢体未指定部位的急性淋巴管炎"
L032,"面部和颈部蜂窝织炎和急性淋巴管炎"
L0321,"面部蜂窝织炎和急性淋巴管炎"
L03211,"面部蜂窝织炎"
L03212,"面部急性淋巴管炎"
L03213,"眶周蜂窝织炎"
L0322,"颈部蜂窝织炎和急性淋巴管炎"
L03221,"颈部蜂窝织炎"
L03222,"急性颈部淋巴管炎"
L033,"躯干蜂窝织炎和急性淋巴管炎"
L0331,"躯干蜂窝织炎"
L03311,"腹壁蜂窝织炎"
L03312,"背部蜂窝织炎 [臀部以外的任何部位]"
L03313,"胸壁蜂窝织炎"
L03314,"腹股沟蜂窝织炎"
L03315,"会阴蜂窝织炎"
L03316,"脐部蜂窝织炎"
L03317,"臀部蜂窝织炎"
L03319,"躯干蜂窝织炎，未指定"
L0332,"躯干急性淋巴管炎"
L03321,"腹壁急性淋巴管炎"
L03322,"背部急性淋巴管炎 [除臀部以外的任何部位]"
L03323,"胸壁急性淋巴管炎"
L03324,"腹股沟急性淋巴管炎"
L03325,"会阴急性淋巴管炎"
L03326,"急性脐部淋巴管炎"
L03327,"臀部急性淋巴管炎"
L03329,"急性躯干淋巴管炎，未明确"
L038,"其他部位的蜂窝织炎和急性淋巴管炎"
L0381,"其他部位的蜂窝织炎"
L03811,"头部蜂窝织炎 [任何部位，面部除外]"
L03818,"其他部位的蜂窝织炎"
L0389,"其他部位的急性淋巴管炎"
L03891,"头部急性淋巴管炎 [任何部位，面部除外]"
L03898,"其他部位的急性淋巴管炎"
L039,"蜂窝织炎和急性淋巴管炎，未指定"
L0390,"蜂窝织炎，未指定"
L0391,"急性淋巴管炎，未指定"
L04,"急性淋巴结炎"
L040,"面部、头部和颈部急性淋巴结炎"
L041,"躯干急性淋巴结炎"
L042,"上肢急性淋巴结炎"
L043,"下肢急性淋巴结炎"
L048,"其他部位的急性淋巴结炎"
L049,"急性淋巴结炎，未指定"
L05,"藏毛囊肿和窦"
L050,"藏毛囊肿和鼻窦伴脓肿"
L0501,"藏毛囊肿伴脓肿"
L0502,"藏毛窦伴脓肿"
L059,"无脓肿的藏毛囊肿和窦"
L0591,"无脓肿的藏毛囊肿"
L0592,"无脓肿的藏毛窦"
L08,"皮肤和皮下组织的其他局部感染"
L080,"脓皮病"
L081,"赤蝉"
L088,"皮肤和皮下组织的其他特定局部感染"
L0881,"植物脓皮病"
L0882,"非新生儿脐炎"
L0889,"皮肤和皮下组织的其他特定局部感染"
L089,"皮肤和皮下组织的局部感染，未明确"
L10,"天疱疮"
L100,"寻常型天疱疮"
L101,"天疱疮"
L102,"天疱疮 叶状"
L103,"巴西天疱疮 [fogo selvagem]"
L104,"红斑天疱疮"
L105,"药物诱发的天疱疮"
L108,"其他天疱疮"
L1081,"副肿瘤性天疱疮"
L1089,"其他天疱疮"
L109,"天疱疮，未指定"
L11,"其他棘层松解性疾病"
L110,"获得性毛囊角化病"
L111,"短暂性棘层松解性皮肤病 [Grover]"
L118,"其他特定的棘层松解性疾病"
L119,"棘层松解症，未指定"
L12,"类天疱疮"
L120,"大疱性类天疱疮"
L121,"瘢痕性类天疱疮"
L122,"儿童慢性大疱病"
L123,"获得性大疱性表皮松解症"
L1230,"获得性大疱性表皮松解症，未指定"
L1231,"药物引起的大疱性表皮松解症"
L1235,"其他获得性大疱性表皮松解症"
L128,"其他类天疱疮"
L129,"类天疱疮，未指定"
L13,"其他大疱性疾病"
L130,"疱疹样皮炎"
L131,"角膜下脓疱性皮炎"
L138,"其他特定的大疱性疾病"
L139,"大疱性疾病，未指定"
L14,"其他分类疾病中的大疱性疾病"
L20,"特应性皮炎"
L200,"Besnier 瘙痒症"
L208,"其他特应性皮炎"
L2081,"特应性神经性皮炎"
L2082,"弯曲性湿疹"
L2083,"婴儿（急性）（慢性）湿疹"
L2084,"内源性（过敏性）湿疹"
L2089,"其他特应性皮炎"
L209,"特应性皮炎，未指定"
L21,"脂溢性皮炎"
L210,"头皮脂溢"
L211,"婴儿脂溢性皮炎"
L218,"其他脂溢性皮炎"
L219,"脂溢性皮炎，未指定"
L22,"尿布皮炎"
L23,"过敏性接触性皮炎"
L230,"金属引起的过敏性接触性皮炎"
L231,"胶粘剂引起的过敏性接触性皮炎"
L232,"化妆品引起的过敏性接触性皮炎"
L233,"药物与皮肤接触引起的过敏性接触性皮炎"
L234,"染料引起的过敏性接触性皮炎"
L235,"其他化学产品引起的过敏性接触性皮炎"
L236,"食物与皮肤接触引起的过敏性接触性皮炎"
L237,"植物引起的过敏性接触性皮炎，食物除外"
L238,"其他药物引起的过敏性接触性皮炎"
L2381,"动物（猫）（狗）皮屑引起的过敏性接触性皮炎"
L2389,"其他药物引起的过敏性接触性皮炎"
L239,"过敏性接触性皮炎，原因不明"
L24,"刺激性接触性皮炎"
L240,"洗涤剂引起的刺激性接触性皮炎"
L241,"油和油脂引起的刺激性接触性皮炎"
L242,"溶剂引起的刺激性接触性皮炎"
L243,"化妆品引起的刺激性接触性皮炎"
L244,"药物与皮肤接触引起的刺激性接触性皮炎"
L245,"其他化学产品引起的刺激性接触性皮炎"
L246,"食物与皮肤接触引起的刺激性接触性皮炎"
L247,"植物引起的刺激性接触性皮炎，食物除外"
L248,"其他药物引起的刺激性接触性皮炎"
L2481,"金属引起的刺激性接触性皮炎"
L2489,"其他药物引起的刺激性接触性皮炎"
L249,"刺激性接触性皮炎，原因不明"
L24A,"由于摩擦或接触体液引起的刺激性接触性皮炎"
L24A0,"由于摩擦或接触体液引起的刺激性接触性皮炎，未指定"
L24A1,"唾液引起的刺激性接触性皮炎"
L24A2,"由大便、尿失禁或双重失禁引起的刺激性接触性皮炎"
L24A9,"由于摩擦或接触其他特定体液引起的刺激性接触性皮炎"
L24B,"与造口或瘘管相关的刺激性接触性皮炎"
L24B0,"与未指明的造口或瘘管相关的刺激性接触性皮炎"
L24B1,"与消化道造口或瘘管相关的刺激性接触性皮炎"
L24B2,"与呼吸道造口或瘘管相关的刺激性接触性皮炎"
L24B3,"与粪便或尿路造口或瘘管有关的刺激性接触性皮炎"
L25,"未分类的接触性皮炎"
L250,"化妆品引起的未分类接触性皮炎"
L251,"药物与皮肤接触引起的未分类接触性皮炎"
L252,"染料引起的未分类接触性皮炎"
L253,"其他化学产品引起的未分类接触性皮炎"
L254,"由于食物与皮肤接触引起的未分类接触性皮炎"
L255,"植物引起的未分类接触性皮炎，食物除外"
L258,"其他药物引起的未分类接触性皮炎"
L259,"未指明的接触性皮炎，不明原因"
L26,"剥脱性皮炎"
L27,"内服物质引起的皮炎"
L270,"由于内部服用的药物和药物引起的全身性皮疹"
L271,"由于内部服用药物和药物而导致的局部皮疹"
L272,"因摄入食物引起的皮炎"
L278,"由内服其他物质引起的皮炎"
L279,"由内服未指定物质引起的皮炎"
L28,"慢性单纯性苔藓和瘙痒症"
L280,"慢性单纯性苔藓"
L281,"结节性痒疹"
L282,"其他瘙痒症"
L29,"瘙痒"
L290,"Pruritus ani （阿尼瘙痒症）"
L291,"瘙痒症"
L292,"外阴瘙痒"
L293,"肛门生殖器瘙痒，未指明"
L298,"其他瘙痒"
L299,"瘙痒症，未指明"
L30,"其他未指明的皮炎"
L300,"钱币状皮炎"
L301,"汗疱症 [pompholyx]"
L302,"皮肤自敏"
L303,"感染性皮炎"
L304,"擦伤性红斑"
L305,"白色糠疹"
L308,"其他特定的皮炎"
L309,"皮炎，未指定"
L40,"牛皮癣"
L400,"寻常型银屑病"
L401,"泛发性脓疱型银屑病"
L402,"持续性肢端皮炎"
L403,"Pustulosis palmaris et plantaris"
L404,"点滴状银屑病"
L405,"关节病性银屑病"
L4050,"关节病性银屑病，未分类"
L4051,"远端指间银屑病关节病"
L4052,"银屑病关节炎 mutilans"
L4053,"银屑病性脊柱炎"
L4054,"银屑病性青少年关节病"
L4059,"其他银屑病性关节病"
L408,"其他 银屑病"
L409,"银屑病，未指定"
L41,"副银屑病"
L410,"睑糠疹 （Pityriasis lichenoides et varioliformis acuta）"
L411,"慢性苔藓糠疹"
L413,"小斑块状副银屑病"
L414,"大斑块副银屑病"
L415,"网状副银屑病"
L418,"其他 副银屑病"
L419,"副银屑病，未指定"
L42,"玫瑰糠疹"
L43,"扁平苔藓"
L430,"肥厚性扁平苔藓"
L431,"大疱性扁平苔藓"
L432,"类苔藓药物反应"
L433,"亚急性（活动性）扁平苔藓"
L438,"其他扁平苔藓"
L439,"扁平苔藓，未指定"
L44,"其他丘疹鳞屑性疾病"
L440,"毛发红糠疹"
L441,"尼特斯地衣"
L442,"纹状地衣"
L443,"地衣 ruber moniliformis"
L444,"婴儿丘疹性顶皮炎 [Gianotti-Crosti]"
L448,"其他特定的丘疹鳞屑性疾病"
L449,"丘疹鳞屑性疾病，未指明"
L45,"其他分类疾病中的丘疹鳞屑性疾病"
L49,"根据受累体表的程度，因红斑情况而剥脱"
L490,"由于红斑状况导致的剥脱，涉及不到 10% 的体表"
L491,"因红斑状况导致的剥落，涉及 10-19% 的体表"
L492,"因红斑状况导致的剥落，涉及 20-29% 的体表"
L493,"因红斑状况导致的剥落，涉及 30-39% 的体表"
L494,"因红斑状况导致的剥落，涉及 40-49% 的体表面积"
L495,"因红斑状况导致的剥落，涉及 50-59% 的体表"
L496,"因红斑状况导致的剥落，涉及 60-69% 的体表面积"
L497,"因红斑状况导致的剥落，涉及 70-79% 的体表"
L498,"由于红斑状况导致的剥落，涉及 80-89% 的体表。"
L499,"由于红斑状况导致剥落，涉及 90% 或更多体表的"
L50,"荨麻疹"
L500,"过敏性荨麻疹"
L501,"特发性荨麻疹"
L502,"冷热引起的荨麻疹"
L503,"皮肤病学荨麻疹"
L504,"振动性荨麻疹"
L505,"胆碱能性荨麻疹"
L506,"接触性荨麻疹"
L508,"其他 荨麻疹"
L509,"荨麻疹，未指定"
L51,"多形红斑"
L510,"非大疱性多形性红斑"
L511,"Stevens-Johnson 综合征"
L512,"中毒性表皮坏死松解症 [Lyell]"
L513,"Stevens-Johnson 综合征-中毒性表皮坏死松解症重叠综合征"
L518,"其他 多形性红斑"
L519,"多形性红斑，未指定"
L52,"结节性红斑"
L53,"其他红斑情况"
L530,"中毒性红斑"
L531,"离心环状红斑"
L532,"边缘红斑"
L533,"其他慢性比花纹红斑"
L538,"其他特定的红斑情况"
L539,"红斑病症，未指定"
L54,"其他分类疾病中的红斑"
L55,"晒斑"
L550,"一级晒伤"
L551,"二度晒伤"
L552,"三度晒伤"
L559,"晒伤，未指定"
L56,"紫外线照射引起的其他急性皮肤变化"
L560,"药物 光毒性反应"
L561,"药物 光过敏反应"
L562,"光接触性皮炎 [berloque 皮炎]"
L563,"日光性荨麻疹"
L564,"多形性日光疹"
L565,"播散性浅表光化性汗孔角化病 （DSAP）"
L568,"紫外线照射引起的其他特定急性皮肤变化"
L569,"紫外线辐射引起的急性皮肤变化，未指定"
L57,"长期暴露于非电离辐射引起的皮肤变化"
L570,"光化性角化病"
L571,"光化性网状物"
L572,"Cutis rhomboidalis nuchae"
L573,"Civatte 的 Poikiloderma"
L574,"Cutis laxa senilis 老年"
L575,"光化性肉芽肿"
L578,"长期暴露于非电离辐射引起的其他皮肤变化"
L579,"长期暴露于非电离辐射引起的皮肤变化，未指明"
L58,"放射性皮炎"
L580,"急性放射性皮炎"
L581,"慢性放射性皮炎"
L589,"放射性皮炎，未指定"
L59,"与辐射相关的其他皮肤和皮下组织疾病"
L590,"Erythema ab igne [igne 皮炎]"
L598,"与辐射相关的其他特定皮肤和皮下组织疾病"
L599,"与辐射相关的皮肤和皮下组织疾病，未指定"
L60,"指甲疾病"
L600,"向内生长的指甲"
L601,"甲剥离"
L602,"甲癣"
L603,"指甲营养不良"
L604,"Beau 的线条"
L605,"黄甲综合征"
L608,"其他指甲疾病"
L609,"指甲疾病，未指定"
L62,"其他分类疾病中的指甲疾病"
L63,"斑秃"
L630,"全秃（头炎）"
L631,"普秃"
L632,"蛇皮病"
L638,"其他 斑秃"
L639,"斑秃，未指定"
L64,"雄激素性脱发"
L640,"药物诱导的雄激素性脱发"
L648,"其他雄激素性脱发"
L649,"雄激素性脱发，未指定"
L65,"其他非瘢痕性脱发"
L650,"休止期脱发"
L651,"生长期脱发"
L652,"粘液脱发"
L658,"其他特定的非瘢痕性脱发"
L659,"非瘢痕性脱发，未指定"
L66,"瘢痕性脱发 [瘢痕性脱发]"
L660,"假鲈"
L661,"扁平苔藓"
L662,"decalvan 毛囊炎"
L663,"头毛囊炎脓肿"
L664,"网状毛囊炎"
L668,"其他瘢痕性脱发"
L669,"瘢痕性脱发，未指定"
L67,"头发颜色和毛干异常"
L670,"结节毛虫"
L671,"头发颜色的变化"
L678,"其他发色和毛干异常"
L679,"头发颜色和毛干异常，未指定"
L68,"多毛症"
L680,"多毛症"
L681,"获得性疏棉状多毛症"
L682,"局限性多毛症"
L683,"Polytrichia 多毛虫"
L688,"其他 多毛症"
L689,"多毛症，未指定"
L70,"粉刺"
L700,"寻常痤疮"
L701,"聚合性痤疮"
L702,"水花痤疮"
L703,"热带痤疮"
L704,"婴儿痤疮"
L705,"痤疮"
L708,"其他痤疮"
L709,"痤疮，未指定"
L71,"酒渣鼻"
L710,"口周皮炎"
L711,"鼻赘瘤"
L718,"其他酒渣鼻"
L719,"玫瑰痤疮，未指定"
L72,"皮肤和皮下组织的毛囊囊肿"
L720,"表皮囊肿"
L721,"毛囊和毛皮囊肿"
L7211,"毛囊囊肿"
L7212,"木霉皮囊肿"
L722,"多发性脂肪囊肿"
L723,"皮脂腺囊肿"
L728,"皮肤和皮下组织的其他滤泡囊肿"
L729,"皮肤和皮下组织的滤泡囊肿，未指定"
L73,"其他滤泡疾病"
L730,"痤疮瘢痕疙瘩"
L731,"须部假性毛囊炎"
L732,"化脓性汗腺炎"
L738,"其他特定的滤泡疾病"
L739,"毛囊疾病，未指定"
L74,"小汗腺汗液疾病"
L740,"红粟粒疹"
L741,"晶状粟粒疹"
L742,"深粟粒疹"
L743,"粟粒疹，未指定"
L744,"无汗症"
L745,"局灶性多汗症"
L7451,"原发性局灶性多汗症"
L74510,"原发性局灶性多汗症，腋窝"
L74511,"原发性局灶性多汗症，面部"
L74512,"原发性局灶性多汗症，手掌"
L74513,"原发性局灶性多汗症、足底"
L74519,"原发性局灶性多汗症，未明确"
L7452,"继发性局灶性多汗症"
L748,"其他小汗腺汗液疾病"
L749,"小汗腺汗液障碍，未指定"
L75,"大汗腺汗液疾病"
L750,"腼臭"
L751,"发黑汗症"
L752,"大汗腺粟粒疹"
L758,"其他大汗腺汗液疾病"
L759,"大汗腺汗液障碍，未指定"
L76,"皮肤和皮下组织的术中和术后并发症"
L760,"术中出血和皮肤和皮下组织血肿使手术复杂化"
L7601,"皮肤和皮下组织的术中出血和血肿使皮肤科手术复杂化"
L7602,"术中出血和皮肤和皮下组织血肿使其他手术复杂化"
L761,"手术过程中皮肤和皮下组织意外穿刺和撕裂伤"
L7611,"皮肤科手术期间皮肤和皮下组织的意外穿刺和撕裂伤"
L7612,"在其他手术中皮肤和皮下组织意外穿刺和撕裂伤"
L762,"手术后皮肤和皮下组织术后出血"
L7621,"皮肤科手术后皮肤和皮下组织出血"
L7622,"其他手术后皮肤和皮下组织术后出血"
L763,"手术后皮肤和皮下组织的术后血肿和血清肿"
L7631,"皮肤科手术后皮肤和皮下组织的术后血肿"
L7632,"其他手术后皮肤和皮下组织术后血肿"
L7633,"皮肤科手术后皮肤和皮下组织的术后血清肿"
L7634,"其他手术后皮肤和皮下组织的术后血清肿"
L768,"皮肤和皮下组织的其他术中和术后并发症"
L7681,"皮肤和皮下组织的其他术中并发症"
L7682,"皮肤和皮下组织的其他术后并发症"
L80,"白癜风"
L81,"其他色素沉着疾病"
L810,"炎症后色素沉着过度"
L811,"黄褐斑"
L812,"雀斑"
L813,"咖啡牛奶点"
L814,"其他黑色素色素沉着过度"
L815,"白皮病，未分类"
L816,"黑色素形成减少的其他疾病"
L817,"色素性紫癜性皮肤病"
L818,"其他特定的色素沉着疾病"
L819,"色素沉着障碍，未指定"
L82,"脂溢性角化病"
L820,"发炎的脂溢性角化病"
L821,"其他脂溢性角化病"
L83,"黑棘皮症"
L84,"鸡眼和老茧"
L85,"其他表皮增厚"
L850,"获得性鱼鳞病"
L851,"获得性角化病 [keratoderma] palmaris et plantaris"
L852,"点状角化病 （palmaris et plantaris）"
L853,"皮肤干燥症"
L858,"其他特定的表皮增厚"
L859,"表皮增厚，未明确"
L86,"其他分类疾病中的角化病"
L87,"经表皮消除障碍"
L870,"毛囊角化病和毛囊旁角化症"
L871,"反应性穿孔胶原病"
L872,"穿孔弹性体 （Elastosis perforans serpiginosa）"
L878,"其他经表皮消除障碍"
L879,"经表皮消除障碍，未指定"
L88,"坏疽性脓皮病"
L89,"褥疮"
L890,"肘部压疮"
L8900,"未指明的肘部压疮"
L89000,"未指明的肘部压疮，无法分期"
L89001,"未指明的肘部压疮，1 期"
L89002,"未指明的肘部压疮，2 期"
L89003,"未指明的肘部压疮，第 3 期"
L89004,"未指明的肘部压疮，4 期"
L89006,"压力诱发的未指定肘部深部组织损伤"
L89009,"未指定肘部压疮，未指定分期"
L8901,"右肘压疮"
L89010,"右肘压疮，无法分期"
L89011,"右肘压疮，1 期"
L89012,"右肘压疮，2 期"
L89013,"右肘压疮，3 期"
L89014,"右肘压疮，4 期"
L89016,"压力诱发的右肘深部组织损伤"
L89019,"右肘压疮，分期不详"
L8902,"左肘压疮"
L89020,"左肘压疮，无法分期"
L89021,"左肘压疮，1 期"
L89022,"左肘压疮，2 期"
L89023,"左肘压疮，3 期"
L89024,"左肘压疮，4 期"
L89026,"压力诱发的左肘深部组织损伤"
L89029,"左肘压疮，分期不明"
L891,"背部压疮"
L8910,"背部未指定部位的压力性溃疡"
L89100,"背部未指定部位的压疮，无法分期"
L89101,"背部未指定部位的压力性溃疡，1 期"
L89102,"背部未指定部位的压疮，2 期"
L89103,"背部未指定部位的压疮，第 3 期"
L89104,"背部未指定部位的压力性溃疡，第 4 期"
L89106,"压力诱发的背部未指定部位的深部组织损伤"
L89109,"背部未指定部位的压疮，未指定分期"
L8911,"右上背部压疮"
L89110,"右上背部压疮，无法分期"
L89111,"右上背部压疮，1 期"
L89112,"右上背部压疮，2 期"
L89113,"右上背部压疮，第 3 期"
L89114,"右上背部压疮，第 4 期"
L89116,"压力诱发的右上背部深部组织损伤"
L89119,"右上背部压疮，分期未定"
L8912,"左上背部压疮"
L89120,"左上背部压疮，无法分期"
L89121,"左上背部压疮，1 期"
L89122,"左上背部压疮，2 期"
L89123,"左上背部压疮，第 3 期"
L89124,"左上背部压疮，第 4 期"
L89126,"压力诱发的左上背部深部组织损伤"
L89129,"左上背部压疮，分期未定"
L8913,"右下背部压疮"
L89130,"右下背部压疮，无法分期"
L89131,"右下背部压疮，1 期"
L89132,"右下背部压疮，2 期"
L89133,"右下背部压疮，第 3 期"
L89134,"右下背部压疮，第 4 期"
L89136,"压力诱发的右下背部深部组织损伤"
L89139,"右下背部压疮，分期不明"
L8914,"左下背部压疮"
L89140,"左下背部压疮，无法分期"
L89141,"左下背部压疮，1 期"
L89142,"左下背部压疮，2 期"
L89143,"左下背部压疮，第 3 期"
L89144,"左下背部压疮，第 4 期"
L89146,"压力诱发的左下背部深部组织损伤"
L89149,"左下背部压疮，分期不明"
L8915,"骶部压疮"
L89150,"骶部压疮，无法分期"
L89151,"骶部压疮，1 期"
L89152,"骶部压疮，2 期"
L89153,"骶部压疮，第 3 阶段"
L89154,"骶部压疮，4 期"
L89156,"压力诱发的骶骨深部组织损伤"
L89159,"骶部压疮，分期不明"
L892,"髋关节压疮"
L8920,"未指明的髋关节压疮"
L89200,"未指明的髋关节压疮，无法分期"
L89201,"未指明的髋关节压疮，1 期"
L89202,"未指明的髋关节压疮，2 期"
L89203,"未指定髋关节压疮，3 期"
L89204,"未指明的髋关节压疮，第 4 期"
L89206,"压力诱发的未指定髋关节深部组织损伤"
L89209,"未指定髋关节压疮，未指定分期"
L8921,"右髋关节压疮"
L89210,"右髋部压疮，无法分期"
L89211,"右髋部压疮，1 期"
L89212,"右髋关节压疮，2 期"
L89213,"右髋部压疮，3 期"
L89214,"右髋部压疮，4 期"
L89216,"压力诱发的右髋深部组织损伤"
L89219,"右髋部压疮，分期不明"
L8922,"左髋关节压疮"
L89220,"左髋部压疮，无法分期"
L89221,"左髋关节压疮，1 期"
L89222,"左髋关节压疮，2 期"
L89223,"左髋关节压疮，3 期"
L89224,"左髋关节压疮，4 期"
L89226,"压力诱发的左髋深部组织损伤"
L89229,"左髋关节压疮，分期不明"
L893,"臀部压疮"
L8930,"未指定臀部压疮"
L89300,"未指明的臀部压疮，无法分期"
L89301,"未指定臀部压疮，1 期"
L89302,"未指定臀部压疮，2 期"
L89303,"未指明的臀部压疮，3 期"
L89304,"未指明的臀部压疮，4 期"
L89306,"压力诱发的未指定臀部深部组织损伤"
L89309,"未指定臀部压疮，未指定分期"
L8931,"右臀部压疮"
L89310,"右臀部压疮，无法分期"
L89311,"右臀部压疮，1 期"
L89312,"右臀部压疮，2 期"
L89313,"右臀部压疮，3 期"
L89314,"右臀部压疮，4 期"
L89316,"压力诱发的右臀深部组织损伤"
L89319,"右臀部压疮，分期不明"
L8932,"左臀部压疮"
L89320,"左臀部压疮，无法分期"
L89321,"左臀部压疮，1 期"
L89322,"左臀部压疮，2 期"
L89323,"左臀部压疮，3 期"
L89324,"左臀部压疮，第 4 期"
L89326,"压力诱发的左臀部深部组织损伤"
L89329,"左臀部压疮，分期未定"
L894,"背部、臀部和臀部邻近部位的压力性溃疡"
L8940,"背部、臀部和髋部相邻部位的压疮，分期不明"
L8941,"背部、臀部和臀部相邻部位的压力性溃疡，1 期"
L8942,"背部、臀部和臀部相邻部位的压力性溃疡，第 2 期"
L8943,"背部、臀部和臀部相邻部位的压力性溃疡，第 3 期"
L8944,"背部、臀部和臀部相邻部位的压力性溃疡，第 4 期"
L8945,"背部、臀部和髋部相邻部位的压力性溃疡，无法分期"
L8946,"压力诱发的背部、臀部和臀部相邻部位深部组织损伤"
L895,"踝关节压疮"
L8950,"未指明的踝关节压疮"
L89500,"未指明的踝关节压疮，无法分期"
L89501,"未指明的踝关节压疮，1 期"
L89502,"未指明的踝关节压疮，2 期"
L89503,"未指定踝关节压疮，3 期"
L89504,"未指明踝关节压疮，4 期"
L89506,"压力诱发的未指定踝关节深部组织损伤"
L89509,"未指定踝关节压疮，未指定分期"
L8951,"右踝压疮"
L89510,"右踝压疮，无法分期"
L89511,"右踝压疮，1 期"
L89512,"右踝压疮，2 期"
L89513,"右踝压疮，3 期"
L89514,"右踝压疮，4 期"
L89516,"压力诱发的右踝深部组织损伤"
L89519,"右踝压疮，分期未定"
L8952,"左踝压疮"
L89520,"左踝压疮，无法分期"
L89521,"左踝压疮，1 期"
L89522,"左踝压疮，2 期"
L89523,"左踝压疮，第 3 期"
L89524,"左踝压疮，4 期"
L89526,"压力诱发的左踝深部组织损伤"
L89529,"左踝压疮，分期未定"
L896,"足跟压疮"
L8960,"未指明的足跟压疮"
L89600,"未指明的足跟压疮，无法分期"
L89601,"未指明的足跟压疮，1 期"
L89602,"未指明的足跟压疮，2 期"
L89603,"未指明的足跟压疮，第 3 期"
L89604,"未指明的足跟压疮，第 4 期"
L89606,"压力诱发的未指明足跟深部组织损伤"
L89609,"未指明的足跟压疮，未指明的阶段"
L8961,"右脚跟压疮"
L89610,"右脚跟压疮，无法分期"
L89611,"右脚跟压疮，1 期"
L89612,"右脚跟压疮，2 期"
L89613,"右脚跟压疮，第 3 期"
L89614,"右脚跟压疮，4 期"
L89616,"压力诱发的右足跟深部组织损伤"
L89619,"右足跟压疮，分期不明"
L8962,"左脚跟压疮"
L89620,"左脚跟压疮，无法分期"
L89621,"左足跟压疮，1 期"
L89622,"左脚跟压疮，2 期"
L89623,"左脚跟压疮，第 3 期"
L89624,"左脚跟压疮，4 期"
L89626,"压力诱发的左脚跟深部组织损伤"
L89629,"左足跟压疮，分期未定"
L898,"其他部位压疮"
L8981,"头部压疮"
L89810,"头部压疮，无法分期"
L89811,"头部压疮，1 期"
L89812,"头部压疮，2 期"
L89813,"头部压疮，3 期"
L89814,"头部压疮，4 期"
L89816,"压力诱发的头部深部组织损伤"
L89819,"头部压疮，分期不详"
L8989,"其他部位压疮"
L89890,"其他部位的压力性溃疡，无法分期"
L89891,"其他部位压疮，1 期"
L89892,"其他部位压疮，2 期"
L89893,"其他部位压疮，第 3 期"
L89894,"其他部位压疮，第 4 期"
L89896,"压力诱发的其他部位深部组织损伤"
L89899,"其他部位压疮，分期不明"
L899,"不明部位的压力性溃疡"
L8990,"不明部位、不明分期的压疮"
L8991,"未指定部位的压力性溃疡，1 期"
L8992,"未指定部位的压力性溃疡，2 期"
L8993,"不明部位的压力性溃疡，3 期"
L8994,"未指定部位的压力性溃疡，第 4 期"
L8995,"未指定部位的压力性溃疡，无法分期"
L8996,"未指定部位的压力性深部组织损伤"
L90,"皮肤萎缩性疾病"
L900,"硬化性苔藓 et atrophicus"
L901,"Schweninger-Buzzi 的 Anetoderma"
L902,"Jadassohn-Pellizzari 的 Anetoderma"
L903,"Pasini 和 Pierini 萎缩皮病"
L904,"慢性萎缩性肢端皮炎"
L905,"疤痕状况和皮肤纤维化"
L906,"萎缩纹"
L908,"其他皮肤萎缩性疾病"
L909,"皮肤萎缩性疾病，未指定"
L91,"皮肤肥厚性疾病"
L910,"增生性瘢痕"
L918,"其他皮肤肥厚性疾病"
L919,"皮肤肥厚性疾病，未指定"
L92,"皮肤和皮下组织肉芽肿性疾病"
L920,"环状肉芽肿"
L921,"Necrobiosis lipoidica，未分类"
L922,"面部肉芽肿 [皮肤嗜酸性肉芽肿]"
L923,"皮肤和皮下组织的异物肉芽肿"
L928,"皮肤和皮下组织的其他肉芽肿性疾病"
L929,"皮肤和皮下组织肉芽肿性疾病，未指定"
L93,"红斑狼疮"
L930,"盘状红斑狼疮"
L931,"亚急性皮肤红斑狼疮"
L932,"其他局部红斑狼疮"
L94,"其他局限性结缔组织病"
L940,"局限性硬皮病 [硬皮病]"
L941,"线状硬皮病"
L942,"皮肤钙质沉着症"
L943,"指端硬化"
L944,"Gottron 丘疹"
L945,"Poikiloderma vasculare atrophicans （血管萎缩皮肤）"
L946,"阿因胡姆"
L948,"其他特定的局限性结缔组织病"
L949,"局限性结缔组织病，未指定"
L95,"血管炎仅限于皮肤，未分类"
L950,"青斑样血管炎"
L951,"Erythema elevatum diutinum （小红斑）"
L958,"局限于皮肤的其他血管炎"
L959,"血管炎局限于皮肤，未指定"
L97,"非压迫性慢性下肢溃疡，未分类"
L971,"非压力性慢性大腿溃疡"
L9710,"未指明的大腿非压性慢性溃疡"
L97101,"未指明的大腿非压性慢性溃疡，局限于皮肤破损"
L97102,"未指明的大腿脂肪层暴露的非压力性慢性溃疡"
L97103,"未指明的大腿非压性慢性溃疡伴肌肉坏死"
L97104,"未指明的大腿非压力性慢性溃疡伴骨坏死"
L97105,"未指明的大腿非压性慢性溃疡，伴有肌肉受累，无坏死证据"
L97106,"未指明的大腿非压迫性慢性溃疡，伴有骨骼受累，无坏死证据"
L97108,"具有其他特定严重程度的未指定大腿的非压迫性慢性溃疡"
L97109,"严重程度不明的大腿非压迫性慢性溃疡"
L9711,"右大腿非压力性慢性溃疡"
L97111,"非压迫性右大腿慢性溃疡局限于皮肤破损"
L97112,"脂肪层暴露的右大腿非压力性慢性溃疡"
L97113,"右大腿非压性慢性溃疡伴肌肉坏死"
L97114,"右大腿非压力性慢性溃疡伴骨坏死"
L97115,"右大腿非压迫性慢性溃疡，伴有肌肉受累，无坏死证据"
L97116,"右大腿非压迫性慢性溃疡，伴有骨骼受累，无坏死证据"
L97118,"其他特定严重程度的右大腿非压力性慢性溃疡"
L97119,"严重程度不明的右大腿非压性慢性溃疡"
L9712,"左大腿非压力性慢性溃疡"
L97121,"非压力性左大腿慢性溃疡，局限于皮肤破损"
L97122,"脂肪层暴露的左大腿非压力性慢性溃疡"
L97123,"左大腿非压性慢性溃疡伴肌肉坏死"
L97124,"左大腿非压力性慢性溃疡伴骨坏死"
L97125,"左大腿非压迫性慢性溃疡，伴有肌肉受累，无坏死证据"
L97126,"左大腿非压迫性慢性溃疡，伴有骨骼受累，无坏死证据"
L97128,"其他特定严重程度的左大腿非压力性慢性溃疡"
L97129,"严重程度不明的左大腿非压力性慢性溃疡"
L972,"小腿非压力性慢性溃疡"
L9720,"未指明小腿的非压力性慢性溃疡"
L97201,"未指明小腿的非压迫性慢性溃疡，局限于皮肤破损"
L97202,"未指明小腿脂肪层暴露的非压力性慢性溃疡"
L97203,"未指明小腿的非压力性慢性溃疡伴肌肉坏死"
L97204,"未指明小腿的非压力性慢性溃疡伴骨坏死"
L97205,"未指明小腿的非压迫性慢性溃疡，伴有肌肉受累，无坏死证据"
L97206,"未指明小腿的非压力性慢性溃疡，伴有骨骼受累，无坏死证据"
L97208,"具有其他特定严重程度的未指定小腿的非压力性慢性溃疡"
L97209,"严重程度不明的未指定小腿的非压迫性慢性溃疡"
L9721,"右小腿非压力性慢性溃疡"
L97211,"非压力性右小腿慢性溃疡，局限于皮肤破损"
L97212,"脂肪层外露的右小腿非压力性慢性溃疡"
L97213,"右小腿非压性慢性溃疡伴肌肉坏死"
L97214,"右小腿非压力性慢性溃疡伴骨坏死"
L97215,"右小腿非压性慢性溃疡，伴有肌肉受累，无坏死证据"
L97216,"右小腿非压力性慢性溃疡，伴有骨骼受累，无坏死证据"
L97218,"具有其他特定严重程度的右小腿非压力性慢性溃疡"
L97219,"严重程度不明的右小腿非压力性慢性溃疡"
L9722,"左小腿非压力性慢性溃疡"
L97221,"非压力性左小腿慢性溃疡，局限于皮肤破损"
L97222,"左小腿非压力性慢性溃疡，脂肪层暴露"
L97223,"左小腿非压力性慢性溃疡伴肌肉坏死"
L97224,"左小腿非压力性慢性溃疡伴骨坏死"
L97225,"左小腿非压迫性慢性溃疡，伴有肌肉受累，无坏死证据"
L97226,"左小腿非压力性慢性溃疡，伴有骨骼受累，无坏死证据"
L97228,"其他指定严重程度的左小腿非压力性慢性溃疡"
L97229,"严重程度不明的左小腿非压力性慢性溃疡"
L973,"非压力性慢性踝关节溃疡"
L9730,"未指明踝关节的非压迫性慢性溃疡"
L97301,"仅限于皮肤破损的未指定踝关节的非压力性慢性溃疡"
L97302,"未指明踝关节脂肪层暴露的非压性慢性溃疡"
L97303,"未指明踝关节的非压迫性慢性溃疡伴肌肉坏死"
L97304,"未指定踝关节的非压性慢性溃疡伴骨坏死"
L97305,"未指明踝关节的非压迫性慢性溃疡，伴有肌肉受累，无坏死证据"
L97306,"未指明踝关节的非压迫性慢性溃疡，伴有骨骼受累，无坏死证据"
L97308,"具有其他特定严重程度的未指定踝关节的非压力性慢性溃疡"
L97309,"严重程度不明的未指定踝关节的非压性慢性溃疡"
L9731,"右踝非压力性慢性溃疡"
L97311,"局限于皮肤破损的右踝非压力性慢性溃疡"
L97312,"脂肪层暴露的右踝非压力性慢性溃疡"
L97313,"右踝非压性慢性溃疡伴肌肉坏死"
L97314,"右踝非压力性慢性溃疡伴骨坏死"
L97315,"右踝非压迫性慢性溃疡，伴有肌肉受累，无坏死证据"
L97316,"右踝非压迫性慢性溃疡，伴有骨骼受累，无坏死证据"
L97318,"其他特定严重程度的右踝非压性慢性溃疡"
L97319,"严重程度不明的右踝非压迫性慢性溃疡"
L9732,"左踝非压力性慢性溃疡"
L97321,"局限于皮肤破损的左踝非压力性慢性溃疡"
L97322,"脂肪层暴露的左踝非压力性慢性溃疡"
L97323,"左踝非压力性慢性溃疡伴肌肉坏死"
L97324,"左踝非压力性慢性溃疡伴骨坏死"
L97325,"无坏死证据的左踝关节非压力性慢性溃疡，伴有肌肉受累"
L97326,"无坏死证据的左踝非压性慢性溃疡伴骨骼受累"
L97328,"其他特定严重程度的左踝非压力性慢性溃疡"
L97329,"严重程度不明的左踝非压力性慢性溃疡"
L974,"足跟和中足非压力性慢性溃疡"
L9740,"未指明的足跟和中足的非压力性慢性溃疡"
L97401,"未指明的足跟和中足的非压迫性慢性溃疡，局限于皮肤破损"
L97402,"未指明的足跟和中足的非压迫性慢性溃疡，脂肪层暴露"
L97403,"未指明的足跟和中足的非压迫性慢性溃疡伴肌肉坏死"
L97404,"未指明的足跟和中足的非压性慢性溃疡伴骨坏死"
L97405,"未指明的足跟和中足的非压迫性慢性溃疡，伴有肌肉受累，无坏死证据"
L97406,"未指明的足跟和中足的非压迫性慢性溃疡，伴有骨骼受累，无坏死证据"
L97408,"未指定足跟和中足的非压迫性慢性溃疡，伴有其他指定严重程度"
L97409,"严重程度不明的不明足跟和中足的非压迫性慢性溃疡"
L9741,"右脚跟和中足的非压力性慢性溃疡"
L97411,"右脚跟和中足的非压力性慢性溃疡，局限于皮肤破损"
L97412,"右脚跟和中足非压迫性慢性溃疡，脂肪层暴露"
L97413,"右足跟和中足非压迫性慢性溃疡伴肌肉坏死"
L97414,"右脚跟和中足非压力性慢性溃疡伴骨坏死"
L97415,"右足跟和中足非压迫性慢性溃疡，伴有肌肉受累，无坏死证据"
L97416,"右足跟和中足非压迫性慢性溃疡，伴有骨骼受累，无坏死证据"
L97418,"其他特定严重程度的右脚跟和中足非压力性慢性溃疡"
L97419,"严重程度不明的右脚跟和中足非压力性慢性溃疡"
L9742,"左脚跟和中足的非压力性慢性溃疡"
L97421,"左脚跟和中足的非压力性慢性溃疡局限于皮肤破损"
L97422,"左脚跟和中足非压迫性慢性溃疡，脂肪层暴露"
L97423,"左脚跟和中足非压力性慢性溃疡伴肌肉坏死"
L97424,"左脚跟和中足非压力性慢性溃疡伴骨坏死"
L97425,"左足跟和中足非压迫性慢性溃疡，伴有肌肉受累，无坏死证据"
L97426,"左足跟和中足非压迫性慢性溃疡，伴有骨骼受累，无坏死证据"
L97428,"其他特定严重程度的左脚跟和中足非压力性慢性溃疡"
L97429,"严重程度不明的左脚跟和中足非压力性慢性溃疡"
L975,"足部其他部位的非压力性慢性溃疡"
L9750,"未指定足部其他部位的非压力性慢性溃疡"
L97501,"未指定足部其他部位的非压力性慢性溃疡，局限于皮肤破损"
L97502,"未指明的足部其他部位的非压迫性慢性溃疡，脂肪层暴露"
L97503,"未指定足部其他部位的非压力性慢性溃疡伴肌肉坏死"
L97504,"未指定足部其他部位的非压力性慢性溃疡伴骨坏死"
L97505,"未指明的足部其他部位的非压迫性慢性溃疡，伴有肌肉受累，无坏死证据"
L97506,"未指明足部其他部位的非压迫性慢性溃疡，伴有骨骼受累，无坏死证据"
L97508,"未指定足部其他部分具有其他指定严重程度的非压力性慢性溃疡"
L97509,"严重程度不明的未指定足部其他部位的非压力性慢性溃疡"
L9751,"右足其他部位的非压力性慢性溃疡"
L97511,"右足其他部位的非压力性慢性溃疡仅限于皮肤破裂"
L97512,"右足其他部位非压力性慢性溃疡，脂肪层暴露"
L97513,"右足其他部位非压力性慢性溃疡伴肌肉坏死"
L97514,"右足其他部位非压迫性慢性溃疡伴骨坏死"
L97515,"右足其他部位的非压迫性慢性溃疡，伴有肌肉受累，无坏死证据"
L97516,"右足其他部位的非压迫性慢性溃疡，伴有骨骼受累，无坏死证据"
L97518,"具有其他特定严重程度的右足其他部位的非压力性慢性溃疡"
L97519,"严重程度不明的右足其他部位非压力性慢性溃疡"
L9752,"左足其他部位的非压力性慢性溃疡"
L97521,"左足其他部位的非压力性慢性溃疡仅限于皮肤破裂"
L97522,"左足其他部位非压迫性慢性溃疡，脂肪层暴露"
L97523,"左足其他部位非压力性慢性溃疡伴肌肉坏死"
L97524,"左足其他部位非压力性慢性溃疡伴骨坏死"
L97525,"左足其他部位的非压迫性慢性溃疡，伴有肌肉受累，无坏死证据"
L97526,"左足其他部位的非压性慢性溃疡，伴有骨骼受累，无坏死证据"
L97528,"左脚其他部位具有其他特定严重程度的非压力性慢性溃疡"
L97529,"严重程度不明的左足其他部位非压迫性慢性溃疡"
L978,"小腿其他部位的非压力性慢性溃疡"
L9780,"未指定小腿其他部位的非压力性慢性溃疡"
L97801,"未指明的小腿其他部位的非压力性慢性溃疡，仅限于皮肤破损"
L97802,"未指明的小腿其他部位的非压力性慢性溃疡，脂肪层暴露"
L97803,"未指明的小腿其他部位的非压迫性慢性溃疡伴肌肉坏死"
L97804,"未指明的小腿其他部位的非压力性慢性溃疡伴骨坏死"
L97805,"未指明的小腿其他部位的非压力性慢性溃疡，伴有肌肉受累，无坏死证据"
L97806,"未指明的小腿其他部位的非压迫性慢性溃疡，伴有骨骼受累，无坏死证据"
L97808,"未指定小腿其他部位的非压迫性慢性溃疡，具有其他指定的严重程度"
L97809,"未指定小腿其他部位的非压力性慢性溃疡，严重程度未指定"
L9781,"右小腿其他部位的非压力性慢性溃疡"
L97811,"右小腿其他部位的非压力性慢性溃疡，局限于皮肤破损"
L97812,"右小腿其他部位的非压力性慢性溃疡，脂肪层暴露"
L97813,"右小腿其他部位的非压力性慢性溃疡伴有肌肉坏死"
L97814,"右小腿其他部位非压力性慢性溃疡伴骨坏死"
L97815,"右小腿其他部位的非压力性慢性溃疡，伴有肌肉受累，无坏死证据"
L97816,"右小腿其他部位的非压力性慢性溃疡，伴有骨骼受累，无坏死证据"
L97818,"右小腿其他部位具有其他指定严重程度的非压力性慢性溃疡"
L97819,"右小腿其他部位的非压力性慢性溃疡，严重程度不明"
L9782,"左小腿其他部位的非压力性慢性溃疡"
L97821,"左小腿其他部位的非压力性慢性溃疡局限于皮肤破损"
L97822,"左小腿其他部位的非压力性慢性溃疡，脂肪层暴露"
L97823,"左小腿其他部位的非压力性慢性溃疡伴肌肉坏死"
L97824,"左小腿其他部位的非压力性慢性溃疡伴骨坏死"
L97825,"左小腿其他部位的非压力性慢性溃疡，伴有肌肉受累，无坏死证据"
L97826,"左小腿其他部位的非压力性慢性溃疡，伴有骨骼受累，无坏死证据"
L97828,"左小腿其他部位具有其他指定严重程度的非压力性慢性溃疡"
L97829,"左小腿其他部位的非压力性慢性溃疡，严重程度不明"
L979,"小腿未指定部位的非压力性慢性溃疡"
L9790,"未指定小腿未指定部位的非压力性慢性溃疡"
L97901,"未指定小腿未指定部分的非压力性慢性溃疡，仅限于皮肤破损"
L97902,"未指定小腿未指定部位的非压迫性慢性溃疡，脂肪层暴露"
L97903,"未指定小腿未指定部位的非压迫性慢性溃疡伴肌肉坏死"
L97904,"未指定小腿未指定部位的非压迫性慢性溃疡伴骨坏死"
L97905,"未指定小腿未指定部位的非压迫性慢性溃疡，伴有肌肉受累，无坏死证据"
L97906,"未指定小腿未指定部位的非压迫性慢性溃疡，伴有骨骼受累，无坏死证据"
L97908,"具有其他指定严重程度的未指定小腿未指定部位的非压力性慢性溃疡"
L97909,"严重程度不明的小腿未指定部位的非压力性慢性溃疡"
L9791,"右小腿未指定部位的非压力性慢性溃疡"
L97911,"右小腿未指定部分的非压力性慢性溃疡，局限于皮肤破损"
L97912,"右小腿未指定部位的非压迫性慢性溃疡，脂肪层暴露"
L97913,"右小腿未指定部位的非压力性慢性溃疡伴肌肉坏死"
L97914,"右小腿未指定部位的非压力性慢性溃疡伴骨坏死"
L97915,"右小腿未指定部位的非压迫性慢性溃疡，伴有肌肉受累，无坏死证据"
L97916,"右小腿未指定部位的非压迫性慢性溃疡，伴有骨骼受累，无坏死证据"
L97918,"右小腿未指定部位的非压力性慢性溃疡，具有其他指定的严重程度"
L97919,"右小腿未指定部位的非压力性慢性溃疡，严重程度未定"
L9792,"左小腿未指定部位的非压力性慢性溃疡"
L97921,"左小腿未指定部位的非压力性慢性溃疡，局限于皮肤破损"
L97922,"左小腿未指定部位的非压迫性慢性溃疡，脂肪层暴露"
L97923,"左小腿未指定部位的非压力性慢性溃疡伴肌肉坏死"
L97924,"左小腿未指定部位的非压力性慢性溃疡伴骨坏死"
L97925,"左小腿未指定部位的非压迫性慢性溃疡，伴有肌肉受累，无坏死证据"
L97926,"左小腿未指定部位的非压力性慢性溃疡，伴有骨骼受累，无坏死证据"
L97928,"左小腿未指定部位的非压力性慢性溃疡，具有其他指定的严重程度"
L97929,"左小腿未指定部位的非压力性慢性溃疡，严重程度未定"
L98,"其他未分类的皮肤和皮下组织疾病"
L980,"化脓性肉芽肿"
L981,"人为性皮炎"
L982,"发热性中性粒细胞性皮肤病 [Sweet]"
L983,"嗜酸性粒细胞性蜂窝织炎 [Wells]"
L984,"非压性慢性皮肤溃疡，未分类"
L9841,"非压性慢性臀部溃疡"
L98411,"局限于皮肤破损的非压力性慢性臀部溃疡"
L98412,"非压性慢性臀部溃疡，脂肪层暴露"
L98413,"非压迫性慢性臀部溃疡伴肌肉坏死"
L98414,"非压性慢性臀部溃疡伴骨坏死"
L98415,"非压迫性慢性臀部溃疡，伴有肌肉受累，无坏死证据"
L98416,"非压性慢性臀部溃疡伴骨骼受累，无坏死证据"
L98418,"其他特定严重程度的非压迫性慢性臀部溃疡"
L98419,"严重程度不明的非压性慢性臀部溃疡"
L9842,"非压性慢性背部溃疡"
L98421,"非压性慢性背部溃疡局限于皮肤破损"
L98422,"脂肪层外露的背部非压力性慢性溃疡"
L98423,"非压力性慢性背部溃疡伴肌肉坏死"
L98424,"非压力性慢性背部溃疡伴骨坏死"
L98425,"无坏死证据的背部非压迫性慢性溃疡伴肌肉受累"
L98426,"无坏死证据的背部非压力性慢性溃疡伴骨骼受累"
L98428,"其他指定严重程度的非压性慢性背部溃疡"
L98429,"严重程度不明的非压迫性慢性背部溃疡"
L9849,"其他部位皮肤的非压力性慢性溃疡"
L98491,"其他部位皮肤的非压性慢性溃疡，仅限于皮肤破损"
L98492,"脂肪层暴露的其他部位皮肤的非压迫性慢性溃疡"
L98493,"其他部位皮肤非压迫性慢性溃疡伴肌肉坏死"
L98494,"其他部位皮肤非压迫性慢性溃疡伴骨坏死"
L98495,"其他部位皮肤的非压迫性慢性溃疡，伴有肌肉受累，无坏死证据"
L98496,"其他部位皮肤的非压迫性慢性溃疡，伴有骨骼受累，无坏死证据"
L98498,"具有其他特定严重程度的其他部位皮肤的非压迫性慢性溃疡"
L98499,"严重程度不明的其他部位皮肤的非压迫性慢性溃疡"
L985,"皮肤粘液病"
L986,"皮肤和皮下组织的其他浸润性疾病"
L987,"过多和多余的皮肤和皮下组织"
L988,"皮肤和皮下组织的其他特定疾病"
L989,"皮肤和皮下组织疾病，未指定"
L99,"其他分类疾病中的皮肤和皮下组织疾病"
N00,"急性肾炎综合征"
N000,"急性肾炎综合征伴轻微肾小球异常"
N001,"急性肾炎综合征伴局灶性和节段性肾小球病变"
N002,"急性肾炎综合征伴弥漫性膜性肾小球肾炎"
N003,"急性肾炎综合征伴弥漫性系膜增生性肾小球肾炎"
N004,"急性肾炎综合征伴弥漫性毛细血管内增生性肾小球肾炎"
N005,"急性肾炎综合征伴弥漫性毛细血管肾小球肾炎"
N006,"急性肾炎综合征伴致密沉积物病"
N007,"急性肾炎综合征伴弥漫性新月体性肾小球肾炎"
N008,"伴有其他形态学改变的急性肾炎综合征"
N009,"伴有未明确形态学改变的急性肾炎综合征"
N00A,"急性肾炎综合征伴 C3 肾小球肾炎"
N01,"急进性肾炎综合征"
N010,"伴有轻微肾小球异常的快速进展性肾炎综合征"
N011,"快速进展性肾炎综合征，伴有局灶性和节段性肾小球病变"
N012,"急进性肾炎综合征伴弥漫性膜性肾小球肾炎"
N013,"急进性肾炎综合征伴弥漫性系膜增生性肾小球肾炎"
N014,"急进性肾炎综合征伴弥漫性毛细血管内增生性肾小球肾炎"
N015,"急进性肾炎综合征伴弥漫性毛细血管肾小球肾炎"
N016,"快速进展性肾炎综合征伴致密沉积物病"
N017,"急进性肾炎综合征伴弥漫性新月体性肾小球肾炎"
N018,"伴有其他形态学改变的快速进展性肾炎综合征"
N019,"快速进展性肾炎综合征伴未指明的形态学改变"
N01A,"急进性肾炎综合征伴 C3 肾小球肾炎"
N02,"复发性和持续性血尿"
N020,"复发性和持续性血尿，伴有轻微肾小球异常"
N021,"复发性和持续性血尿，伴有局灶性和节段性肾小球病变"
N022,"复发性和持续性血尿伴弥漫性膜性肾小球肾炎"
N023,"复发性和持续性血尿伴弥漫性系膜增生性肾小球肾炎"
N024,"复发性和持续性血尿伴弥漫性毛细血管内增生性肾小球肾炎"
N025,"复发性和持续性血尿伴弥漫性血管毛细血管肾小球肾炎"
N026,"复发性和持续性血尿伴致密沉积物病"
N027,"复发性和持续性血尿伴弥漫性新月体性肾小球肾炎"
N028,"复发性和持续性血尿伴其他形态学改变"
N029,"复发性和持续性血尿，伴有不明形态学改变"
N02A,"复发性和持续性血尿伴 C3 肾小球肾炎"
N03,"慢性肾炎综合征"
N030,"慢性肾炎综合征伴轻微肾小球异常"
N031,"慢性肾炎综合征伴局灶性和节段性肾小球病变"
N032,"慢性肾炎综合征伴弥漫性膜性肾小球肾炎"
N033,"慢性肾炎综合征伴弥漫性系膜增生性肾小球肾炎"
N034,"慢性肾炎综合征伴弥漫性毛细血管内增生性肾小球肾炎"
N035,"慢性肾炎综合征伴弥漫性血管系膜肾小球肾炎"
N036,"慢性肾炎综合征伴致密沉积物病"
N037,"慢性肾炎综合征伴弥漫性新月体性肾小球肾炎"
N038,"伴有其他形态学改变的慢性肾炎综合征"
N039,"伴有不明形态学改变的慢性肾炎综合征"
N03A,"慢性肾炎综合征伴 C3 肾小球肾炎"
N04,"肾病综合征"
N040,"肾病综合征伴轻微肾小球异常"
N041,"肾病综合征伴局灶性和节段性肾小球病变"
N042,"肾病综合征伴弥漫性膜性肾小球肾炎"
N043,"肾病综合征伴弥漫性系膜增生性肾小球肾炎"
N044,"肾病综合征伴弥漫性毛细血管内增生性肾小球肾炎"
N045,"肾病综合征伴弥漫性毛细血管肾小球肾炎"
N046,"肾病综合征伴致密沉积物病"
N047,"肾病综合征伴弥漫性新月体性肾小球肾炎"
N048,"肾病综合征伴其他形态学改变"
N049,"肾病综合征伴未指明的形态学改变"
N04A,"肾病综合征伴 C3 肾小球肾炎"
N05,"未指明的肾炎综合征"
N050,"未分类的肾炎综合征伴轻微肾小球异常"
N051,"未指明的肾炎综合征，伴有局灶性和节段性肾小球病变"
N052,"未指明的肾炎综合征伴弥漫性膜性肾小球肾炎"
N053,"未分类的肾炎综合征伴弥漫性系膜增生性肾小球肾炎"
N054,"未分类的肾病综合征伴弥漫性毛细血管内增生性肾小球肾炎"
N055,"未分类的肾炎综合征伴弥漫性血管系膜肾小球肾炎"
N056,"未指明的肾炎综合征伴致密沉积病"
N057,"未分类的肾炎综合征伴弥漫性新月体性肾小球肾炎"
N058,"未指明的肾炎综合征伴其他形态学改变"
N059,"未指明的肾炎综合征伴未指明的形态学改变"
N05A,"未分类的肾炎综合征伴 C3 肾小球肾炎"
N06,"孤立性蛋白尿伴有特定形态学病变"
N060,"孤立性蛋白尿伴轻微肾小球异常"
N061,"孤立性蛋白尿伴局灶性和节段性肾小球病变"
N062,"孤立性蛋白尿伴弥漫性膜性肾小球肾炎"
N063,"孤立性蛋白尿伴弥漫性系膜增生性肾小球肾炎"
N064,"孤立性蛋白尿伴弥漫性毛细血管内增生性肾小球肾炎"
N065,"孤立性蛋白尿伴弥漫性毛细血管肾小球肾炎"
N066,"孤立性蛋白尿伴致密沉积物病"
N067,"孤立性蛋白尿伴弥漫性新月体性肾小球肾炎"
N068,"孤立性蛋白尿伴其他形态学病变"
N069,"孤立性蛋白尿伴未指明的形态学病变"
N06A,"孤立性蛋白尿伴 C3 肾小球肾炎"
N07,"遗传性肾病，未在其他地方分类"
N070,"遗传性肾病，未在其他地方归类为轻微肾小球异常"
N071,"遗传性肾病，未在其他地方分类为局灶性和节段性肾小球病变"
N072,"遗传性肾病，未在其他地方归类为弥漫性膜性肾小球肾炎"
N073,"遗传性肾病，未在其他地方归类为弥漫性系膜增生性肾小球肾炎"
N074,"遗传性肾病，未在其他地方归类为弥漫性毛细血管内增生性肾小球肾炎"
N075,"遗传性肾病，未在其他地方归类为弥漫性毛细血管系膜肾小球肾炎"
N076,"遗传性肾病，未在其他地方归类为致密沉积物病"
N077,"遗传性肾病，未在其他地方归类为弥漫性新月体性肾小球肾炎"
N078,"遗传性肾病，未与其他形态学病变分类"
N079,"遗传性肾病，未在其他地方归类为未指明的形态学病变"
N07A,"遗传性肾病，未在其他地方归类为 C3 肾小球肾炎"
N08,"其他分类疾病中的肾小球疾病"
N10,"急性肾盂肾炎"
N11,"慢性肾小管间质性肾炎"
N110,"非阻塞性反流相关性慢性肾盂肾炎"
N111,"慢性阻塞性肾盂肾炎"
N118,"其他慢性肾小管间质性肾炎"
N119,"慢性肾小管间质性肾炎，未指定"
N12,"肾小管间质性肾炎，未指定为急性或慢性"
N13,"梗阻性和反流性尿路病"
N130,"肾盂积水伴肾盂输尿管交界处梗阻"
N131,"肾盂积水伴输尿管狭窄，未在其他部位分类"
N132,"肾盂积水伴肾和输尿管结石梗阻"
N133,"其他和未分类的肾盂积水"
N1330,"未指明的肾积水"
N1339,"其他 肾积水"
N134,"输尿管积液"
N135,"不伴肾积水的横过血管和输尿管狭窄"
N136,"肾积脓"
N137,"膀胱输尿管反流"
N1370,"膀胱输尿管反流，未指定"
N1371,"不伴反流肾病的膀胱输尿管反流"
N1372,"膀胱输尿管反流伴无输尿管积液的反流肾病"
N13721,"膀胱输尿管反流伴无输尿管积液的反流性肾病，单侧"
N13722,"膀胱输尿管反流伴无输尿管积液的反流肾病，双侧"
N13729,"膀胱输尿管反流伴无输尿管积水的反流性肾病，未指定"
N1373,"膀胱输尿管反流伴输尿管积液肾病"
N13731,"膀胱输尿管反流伴反流肾病伴输尿管积液，单侧"
N13732,"膀胱输尿管反流伴输尿管积液肾病，双侧"
N13739,"膀胱输尿管反流伴输尿管积水肾病，未指定"
N138,"其他梗阻性和反流性尿路病"
N139,"梗阻性和反流性尿路病，未明确"
N14,"药物和重金属诱导的肾小管间质和肾小管疾病"
N140,"镇痛药肾病"
N141,"其他药物、药物和生物物质诱发的肾病"
N1411,"造影剂肾病"
N1419,"其他药物、药物和生物物质诱发的肾病"
N142,"由未指定的药物、药物或生物物质诱发的肾病"
N143,"重金属诱发的肾病"
N144,"中毒性肾病，未分类"
N15,"其他肾小管间质疾病"
N150,"巴尔干半岛肾病"
N151,"肾脓肿和肾周脓肿"
N158,"其他特定的肾小管间质疾病"
N159,"肾小管间质疾病，未指定"
N16,"其他分类疾病中的肾小管间质疾病"
N17,"急性肾衰竭"
N170,"急性肾衰竭伴肾小管坏死"
N171,"急性肾衰竭伴急性皮质坏死"
N172,"急性肾衰竭伴髓样坏死"
N178,"其他急性肾衰竭"
N179,"急性肾衰竭，未指定"
N18,"慢性肾脏病 （CKD）"
N181,"慢性肾病，1 期"
N182,"慢性肾病，2 期（轻度）"
N183,"慢性肾病，3 期（中度）"
N1830,"慢性肾病，3 期未指定"
N1831,"慢性肾病，3a 期"
N1832,"慢性肾病，3b 期"
N184,"慢性肾病，4 期（严重）"
N185,"慢性肾病，第 5 期"
N186,"终末期肾病"
N189,"慢性肾病，未指定"
N19,"未指明的肾衰竭"
N20,"肾结石和输尿管结石"
N200,"肾结石"
N201,"输尿管结石"
N202,"肾结石与输尿管结石"
N209,"尿路结石，未指定"
N21,"下尿路结石"
N210,"膀胱结石"
N211,"尿道结石"
N218,"其他下尿路结石"
N219,"下尿路结石，未指定"
N22,"尿路结石在别处分类的疾病"
N23,"未指明的肾绞痛"
N25,"肾小管功能受损引起的疾病"
N250,"肾骨营养不良"
N251,"肾源性尿崩症"
N258,"肾小管功能受损引起的其他疾病"
N2581,"肾源性继发性甲状旁腺功能亢进症"
N2589,"肾小管功能受损引起的其他疾病"
N259,"肾小管功能受损引起的疾病，未明确"
N26,"未指明的收缩肾"
N261,"肾萎缩（终末）"
N262,"Page kidney"
N269,"肾硬化，未指定"
N27,"原因不明的小肾"
N270,"小肾，单侧"
N271,"小肾，双侧"
N279,"小肾，未指定"
N28,"其他未分类的肾脏和输尿管疾病"
N280,"缺血和肾梗死"
N281,"获得性肾囊肿"
N288,"其他特定的肾脏和输尿管疾病"
N2881,"肾脏肥大"
N2882,"Megaloureter"
N2883,"肾死亡"
N2884,"囊性肾盂炎"
N2885,"囊性肾盂输尿管炎"
N2886,"膀胱性输尿管炎"
N2889,"其他特定的肾脏和输尿管疾病"
N289,"肾脏和输尿管疾病，未指定"
N29,"其他分类疾病中的肾脏和输尿管疾病"
N30,"膀胱炎"
N300,"急性膀胱炎"
N3000,"无血尿的急性膀胱炎"
N3001,"急性膀胱炎伴血尿"
N301,"间质性膀胱炎（慢性）"
N3010,"无血尿的间质性膀胱炎（慢性）"
N3011,"间质性膀胱炎（慢性）伴血尿"
N302,"其他慢性膀胱炎"
N3020,"其他无血尿的慢性膀胱炎"
N3021,"其他慢性膀胱炎伴血尿"
N303,"三角炎"
N3030,"无血尿的三角炎"
N3031,"三角炎伴血尿"
N304,"照射性膀胱炎"
N3040,"无血尿的放射性膀胱炎"
N3041,"放射性膀胱炎伴血尿"
N308,"其他膀胱炎"
N3080,"其他无血尿的膀胱炎"
N3081,"其他膀胱炎伴血尿"
N309,"膀胱炎，未指定"
N3090,"膀胱炎，未明确无血尿"
N3091,"膀胱炎，未分类血尿"
N31,"膀胱神经肌肉功能障碍，未分类"
N310,"未受抑制的神经性膀胱，未分类"
N311,"反射性神经性膀胱，未分类"
N312,"松弛性神经性膀胱，未分类"
N318,"膀胱的其他神经肌肉功能障碍"
N319,"膀胱神经肌肉功能障碍，未指定"
N32,"膀胱的其他疾病"
N320,"膀胱颈梗阻"
N321,"Vesicointestinal 瘘"
N322,"膀胱瘘，未在其他位置分类"
N323,"膀胱憩室"
N328,"其他特定的膀胱疾病"
N3281,"膀胱过度活动症"
N3289,"其他特定的膀胱疾病"
N329,"膀胱疾病，未指定"
N33,"其他分类疾病中的膀胱疾病"
N34,"尿道炎和尿道综合征"
N340,"尿道脓肿"
N341,"非特异性尿道炎"
N342,"其他尿道炎"
N343,"尿道综合征，未指定"
N35,"尿道狭窄"
N350,"创伤后尿道狭窄"
N3501,"创伤后尿道狭窄，男性"
N35010,"创伤后尿道狭窄，男性，尿道口"
N35011,"创伤后球状尿道狭窄"
N35012,"创伤后膜性尿道狭窄"
N35013,"创伤后尿道前部狭窄"
N35014,"创伤后尿道狭窄，男性，未指定"
N35016,"创伤后尿道狭窄，男性，重叠部位"
N3502,"创伤后尿道狭窄，女性"
N35021,"分娩引起的尿道狭窄"
N35028,"其他创伤后尿道狭窄，女性"
N351,"感染后尿道狭窄，未分类"
N3511,"感染后尿道狭窄，未分类，男性"
N35111,"感染后尿道狭窄，未分类，男性，尿道口"
N35112,"感染后球状尿道狭窄，未分类，男性"
N35113,"感染后膜性尿道狭窄，未分类，男性"
N35114,"感染后尿道前部狭窄，未分类，男性"
N35116,"感染后尿道狭窄，未分类，男性，重叠部位"
N35119,"感染后尿道狭窄，未分类，男性，未指定"
N3512,"感染后尿道狭窄，未分类，女性"
N358,"其他尿道狭窄"
N3581,"其他尿道狭窄，男性"
N35811,"其他尿道狭窄，男性，尿道口"
N35812,"其他尿道球茎性狭窄，男性"
N35813,"其他膜性尿道狭窄，男性"
N35814,"其他尿道前部狭窄，男性"
N35816,"其他尿道狭窄，男性，重叠部位"
N35819,"其他尿道狭窄，男性，未指定部位"
N3582,"其他尿道狭窄，女性"
N359,"尿道狭窄，未指定"
N3591,"尿道狭窄，未指定，男性"
N35911,"未指明的尿道狭窄，男性，尿道口"
N35912,"未指明的球状尿道狭窄，男性"
N35913,"未指明的膜性尿道狭窄，男性"
N35914,"未指明的尿道前部狭窄，男性"
N35916,"未指明的尿道狭窄，男性，重叠部位"
N35919,"未指明的尿道狭窄，男性，不明部位"
N3592,"未指明的尿道狭窄，女性"
N36,"尿道的其他疾病"
N360,"尿道瘘"
N361,"尿道憩室"
N362,"尿道肉阜"
N364,"尿道功能和肌肉疾病"
N3641,"尿道过度活动"
N3642,"内源性括约肌缺陷 （ISD）"
N3643,"尿道过度活动和内括约肌功能障碍联合"
N3644,"尿道肌肉疾病"
N365,"尿道假通道"
N368,"其他特定的尿道疾病"
N369,"尿道疾病，未指明"
N37,"其他分类疾病中的尿道疾病"
N39,"泌尿系统的其他疾病"
N390,"尿路感染，部位未指定"
N393,"压力性尿失禁 （女性） （男性）"
N394,"其他特定的尿失禁"
N3941,"急迫性尿失禁"
N3942,"无感觉意识的尿失禁"
N3943,"排尿后运球"
N3944,"夜间遗尿症"
N3945,"持续泄漏"
N3946,"混合性尿失禁"
N3949,"其他特定的尿失禁"
N39490,"充溢性尿失禁"
N39491,"失禁"
N39492,"体位性（泌尿）失禁"
N39498,"其他特定的尿失禁"
N398,"泌尿系统的其他特定疾病"
N399,"泌尿系统疾病，未指明"
N40,"良性前列腺增生"
N400,"无下尿路症状的良性前列腺增生"
N401,"伴有下尿路症状的良性前列腺增生"
N402,"无下尿路症状的结节性前列腺"
N403,"伴有下尿路症状的结节性前列腺"
N41,"前列腺炎症性疾病"
N410,"急性前列腺炎"
N411,"慢性前列腺炎"
N412,"前列腺脓肿"
N413,"前鼻囊炎"
N414,"肉芽肿性前列腺炎"
N418,"前列腺的其他炎症性疾病"
N419,"前列腺炎症性疾病，未指定"
N42,"其他和未指明的前列腺疾病"
N420,"前列腺结石"
N421,"前列腺充血和出血"
N423,"前列腺发育不良"
N4230,"未指明的前列腺发育不良"
N4231,"前列腺上皮内瘤变"
N4232,"前列腺的非典型小腺泡增生"
N4239,"其他前列腺发育不良"
N428,"其他特定的前列腺疾病"
N4281,"前列腺痛综合征"
N4282,"前列腺病综合征"
N4283,"前列腺囊肿"
N4289,"其他特定的前列腺疾病"
N429,"未指明的前列腺疾病"
N43,"鞘膜积液和精原囊肿"
N430,"包囊性鞘膜积液"
N431,"感染性鞘膜积液"
N432,"其他鞘膜积液"
N433,"鞘膜积液，未指定"
N434,"附睾囊肿"
N4340,"附睾囊，未指定"
N4341,"附睾囊肿，单"
N4342,"附睾囊肿，多发"
N44,"睾丸非炎症性疾病"
N440,"睾丸扭转"
N4400,"睾丸扭转，未指定"
N4401,"精索阴道外扭转"
N4402,"精索阴道内扭转"
N4403,"阑尾睾丸扭转"
N4404,"附睾阑尾扭转"
N441,"睾丸白膜囊肿"
N442,"睾丸良性囊肿"
N448,"睾丸的其他非炎症性疾病"
N45,"睾丸炎和附睾炎"
N451,"附睾炎"
N452,"睾丸炎"
N453,"附睾\-睾丸炎"
N454,"附睾或睾丸脓肿"
N46,"男性不育症"
N460,"无精子症"
N4601,"器质性无精子症"
N4602,"睾丸外原因引起的无精子症"
N46021,"药物治疗引起的无精子症"
N46022,"感染引起的无精子症"
N46023,"由于传出管阻塞引起的无精子症"
N46024,"辐射引起的无精子症"
N46025,"全身性疾病引起的无精子症"
N46029,"其他睾丸外原因引起的无精子症"
N461,"少精症"
N4611,"器质性少精症"
N4612,"睾丸外原因引起的少精症"
N46121,"药物治疗引起的少精症"
N46122,"感染引起的少精症"
N46123,"由于传出管阻塞引起的少精症"
N46124,"辐射引起的少精症"
N46125,"全身性疾病引起的少精症"
N46129,"其他睾丸外原因引起的少精症"
N468,"其他男性不育症"
N469,"男性不育症，未指定"
N47,"包皮疾病"
N470,"粘连包皮，新生儿"
N471,"包茎"
N472,"嵌顿包茎"
N473,"包皮缺陷"
N474,"包皮良性囊肿"
N475,"包皮和龟头粘连"
N476,"包皮炎"
N477,"包皮的其他炎症性疾病"
N478,"其他包皮疾病"
N48,"其他阴茎疾病"
N480,"阴茎黏膜白斑"
N481,"炎"
N482,"阴茎的其他炎症性疾病"
N4821,"海绵体和阴茎脓肿"
N4822,"海绵体和阴茎蜂窝织炎"
N4829,"阴茎的其他炎症性疾病"
N483,"异常勃起"
N4830,"异常勃起，未指定"
N4831,"外伤引起的异常勃起"
N4832,"由其他分类疾病引起的异常勃起"
N4833,"异常勃起，药物诱发"
N4839,"其他异常勃起"
N485,"阴茎溃疡"
N486,"硬结阴茎 plastica"
N488,"其他特定的阴茎疾病"
N4881,"阴茎浅静脉血栓形成"
N4882,"阴茎获得性扭转"
N4883,"获得性埋藏阴茎"
N4889,"其他特定的阴茎疾病"
N489,"阴茎疾病，未指明"
N49,"男性生殖器官的炎症性疾病，未在其他地方分类"
N490,"精囊炎症性疾病"
N491,"精索、鞘膜和输精管的炎症性疾病"
N492,"阴囊炎症性疾病"
N493,"Fournier 坏疽"
N498,"其他特定男性生殖器官的炎症性疾病"
N499,"未指明的男性生殖器官炎症性疾病"
N50,"男性生殖器官的其他和未指明的疾病"
N500,"睾丸萎缩"
N501,"男性生殖器官的血管疾病"
N503,"附睾囊肿"
N508,"男性生殖器官的其他特定疾病"
N5081,"睾丸疼痛"
N50811,"右侧睾丸疼痛"
N50812,"左睾丸疼痛"
N50819,"睾丸疼痛，未明确"
N5082,"阴囊疼痛"
N5089,"男性生殖器官的其他特定疾病"
N509,"男性生殖器官疾病，未指明"
N51,"在别处分类的疾病中男性生殖器官的疾病"
N52,"男性勃起功能障碍"
N520,"血管源性勃起功能障碍"
N5201,"动脉功能不全引起的勃起功能障碍"
N5202,"体静脉闭塞性勃起功能障碍"
N5203,"动脉功能不全和体静脉闭塞性勃起功能障碍"
N521,"由其他分类疾病引起的勃起功能障碍"
N522,"药物性勃起功能障碍"
N523,"术后勃起功能障碍"
N5231,"根治性前列腺切除术后的勃起功能障碍"
N5232,"根治性膀胱切除术后的勃起功能障碍"
N5233,"尿道手术后的勃起功能障碍"
N5234,"简单前列腺切除术后的勃起功能障碍"
N5235,"放疗后的勃起功能障碍"
N5236,"间质种子疗法后的勃起功能障碍"
N5237,"前列腺消融治疗后的勃起功能障碍"
N5239,"其他和未指明的术后勃起功能障碍"
N528,"其他男性勃起功能障碍"
N529,"男性勃起功能障碍，未指明"
N53,"其他男性性功能障碍"
N531,"射精功能障碍"
N5311,"射精迟缓"
N5312,"射精疼痛"
N5313,"射精性高潮"
N5314,"逆行射精"
N5319,"其他射精功能障碍"
N538,"其他男性性功能障碍"
N539,"未指明的男性性功能障碍"
N60,"良性乳腺发育不良"
N600,"孤立性乳腺囊肿"
N6001,"右乳孤立性囊肿"
N6002,"左乳孤立性囊肿"
N6009,"未指明的乳房孤立性囊肿"
N601,"弥漫性囊性乳腺病"
N6011,"右乳弥漫性囊性乳腺病"
N6012,"左乳弥漫性囊性乳腺病"
N6019,"未指定乳房的弥漫性囊性乳腺病"
N602,"乳腺纤维腺病"
N6021,"右乳纤维腺病"
N6022,"左乳纤维腺病"
N6029,"未指明的乳腺纤维腺病"
N603,"乳腺纤维硬化"
N6031,"右乳纤维硬化"
N6032,"左乳纤维硬化"
N6039,"未指明的乳腺纤维硬化"
N604,"乳腺导管扩张症"
N6041,"右乳乳腺导管扩张"
N6042,"左乳乳腺导管扩张"
N6049,"未指定乳房的乳腺导管扩张症"
N608,"其他良性乳腺发育不良"
N6081,"其他右乳良性乳腺发育不良"
N6082,"左乳其他良性乳腺发育不良"
N6089,"其他未指明乳腺的良性乳腺发育不良"
N609,"未分类的良性乳腺发育不良"
N6091,"未分类的右乳良性乳腺发育不良"
N6092,"未分类的左乳良性乳腺发育不良"
N6099,"未指明的乳房良性乳腺发育不良"
N61,"乳腺炎症性疾病"
N610,"无脓肿的乳腺炎"
N611,"乳房和脓肿"
N612,"肉芽肿性乳腺炎"
N6120,"肉芽肿性乳腺炎，未指明的乳房"
N6121,"肉芽肿性乳腺炎，右乳"
N6122,"肉芽肿性乳腺炎，左乳"
N6123,"肉芽肿性乳腺炎，双侧乳房"
N62,"乳房肥大"
N63,"乳房中未指定的肿块"
N630,"未指定乳房中未指定肿块"
N631,"右乳房未指定的肿块"
N6310,"右乳房未指定的肿块，未指定的象限"
N6311,"右乳房上外象限未指明的肿块"
N6312,"右乳房上内象限未指明的肿块"
N6313,"右乳房下外象限不明肿块"
N6314,"右乳房下内象限未指明的肿块"
N6315,"右乳房未指定的肿块，重叠的象限"
N632,"左乳房有不明肿块"
N6320,"左乳房未指定的肿块，未指定的象限"
N6321,"左乳房上外象限未指明的肿块"
N6322,"左乳房上内象限未指明的肿块"
N6323,"左乳房下外象限未指明的肿块"
N6324,"左乳房下内象限未指明的肿块"
N6325,"左乳房未指定的肿块，重叠的象限"
N633,"腋尾未指定的肿块"
N6331,"右乳房腋尾不明肿块"
N6332,"左乳房腋尾未指定肿块"
N634,"乳房、乳晕下不明肿块"
N6341,"右乳房、乳晕下未指定肿块"
N6342,"左乳房、乳晕下不明肿块"
N64,"其他乳腺疾病"
N640,"裂和瘘管"
N641,"乳房脂肪坏死"
N642,"乳房萎缩"
N643,"与分娩无关的溢乳"
N644,"乳痛"
N645,"乳房的其他体征和症状"
N6451,"乳房硬结"
N6452,"溢液"
N6453,"回缩"
N6459,"乳房的其他体征和症状"
N648,"其他特定的乳腺疾病"
N6481,"乳房上睑下垂"
N6482,"乳房发育不全"
N6489,"其他特定的乳腺疾病"
N649,"乳房疾病，未指定"
N65,"重建乳房的畸形和不成比例"
N650,"重建乳房畸形"
N651,"重建乳房比例失调"
N70,"输卵管炎和卵巢炎"
N700,"急性输卵管炎和卵巢炎"
N7001,"急性输卵管炎"
N7002,"急性卵巢炎"
N7003,"急性输卵管炎和卵巢炎"
N701,"慢性输卵管炎和卵巢炎"
N7011,"慢性输卵管炎"
N7012,"慢性卵巢炎"
N7013,"慢性输卵管炎和卵巢炎"
N709,"输卵管炎和卵巢炎，未指定"
N7091,"输卵管炎，未指定"
N7092,"卵巢炎，未指定"
N7093,"输卵管炎和卵巢炎，未指定"
N71,"子宫炎症性疾病，宫颈除外"
N710,"子宫急性炎症性疾病"
N711,"子宫慢性炎症性疾病"
N719,"子宫炎症性疾病，未指定"
N72,"宫颈炎性疾病"
N73,"其他女性盆腔炎性疾病"
N730,"急性子宫旁炎和盆腔蜂窝织炎"
N731,"慢性子宫旁炎和盆腔蜂窝织炎"
N732,"未分类的子宫旁炎和盆腔蜂窝织炎"
N733,"女性急性盆腔腹膜炎"
N734,"女性慢性盆腔腹膜炎"
N735,"女性盆腔腹膜炎，未指定"
N736,"女性盆腔腹膜粘连（感染后）"
N738,"其他特定的女性盆腔炎性疾病"
N739,"女性盆腔炎，未明确"
N74,"其他分类疾病中的女性盆腔炎性疾病"
N75,"前庭大腺疾病"
N750,"前庭大腺囊肿"
N751,"前庭大腺脓肿"
N758,"前庭大腺的其他疾病"
N759,"前庭大腺疾病，未明确"
N76,"阴道和外阴的其他炎症"
N760,"急性阴道炎"
N761,"亚急性和慢性阴道炎"
N762,"急性外阴炎"
N763,"亚急性和慢性外阴炎"
N764,"外阴脓肿"
N765,"阴道溃疡"
N766,"外阴溃疡"
N768,"阴道和外阴的其他特定炎症"
N7681,"阴道和外阴粘膜炎（溃疡性）"
N7682,"阴道和外阴 Fournier 病"
N7689,"阴道和外阴的其他特定炎症"
N77,"外阴阴道溃疡和炎症在别处分类的疾病"
N770,"其他分类疾病中的外阴溃疡"
N771,"其他分类疾病中的阴道炎、外阴炎和外阴阴道炎"
N80,"子宫内膜异位"
N800,"子宫内膜异位症"
N8000,"子宫内膜异位症，未指定"
N8001,"子宫浅表子宫内膜异位症"
N8002,"子宫深部子宫内膜异位症"
N8003,"子宫子宫腺肌病"
N801,"卵巢子宫内膜异位症"
N8010,"卵巢子宫内膜异位症，深度不明"
N80101,"右侧卵巢子宫内膜异位症，深度不明"
N80102,"左侧卵巢子宫内膜异位症，深度不明"
N80103,"双侧卵巢子宫内膜异位症，深度不明"
N80109,"卵巢子宫内膜异位症，未指定一侧，未指定深度"
N8011,"卵巢浅表子宫内膜异位症"
N80111,"右侧卵巢浅表子宫内膜异位症"
N80112,"左卵巢浅表子宫内膜异位症"
N80113,"双侧卵巢浅表子宫内膜异位症"
N80119,"卵巢浅表子宫内膜异位症，未指明的卵巢"
N8012,"卵巢深部子宫内膜异位症"
N80121,"右侧卵巢深部子宫内膜异位症"
N80122,"左卵巢深部子宫内膜异位症"
N80123,"双侧卵巢深部子宫内膜异位症"
N80129,"卵巢深部子宫内膜异位症，未指定卵巢"
N802,"输卵管子宫内膜异位症"
N8020,"输卵管子宫内膜异位症，深度不明"
N80201,"右侧输卵管子宫内膜异位症，深度不明"
N80202,"左输卵管子宫内膜异位症，深度不明"
N80203,"双侧输卵管子宫内膜异位症，深度不明"
N80209,"未指定输卵管子宫内膜异位症，深度未指定"
N8021,"输卵管浅表子宫内膜异位症"
N80211,"右侧输卵管浅表子宫内膜异位症"
N80212,"左输卵管浅表子宫内膜异位症"
N80213,"双侧输卵管浅表子宫内膜异位症"
N80219,"未指明的输卵管浅表子宫内膜异位症"
N8022,"输卵管深部子宫内膜异位症"
N80221,"右侧输卵管深部子宫内膜异位症"
N80222,"左输卵管深部子宫内膜异位症"
N80223,"双侧输卵管深部子宫内膜异位症"
N80229,"未指明的输卵管深部子宫内膜异位症"
N803,"盆腔腹膜子宫内膜异位症"
N8030,"盆腔腹膜子宫内膜异位症，未指定"
N8031,"前凹子宫内膜异位症"
N80311,"前凹浅表子宫内膜异位症"
N80312,"前凹深部子宫内膜异位症"
N80319,"前死胡同子宫内膜异位症，深度不明"
N8032,"后死胡同子宫内膜异位症"
N80321,"后凹浅表子宫内膜异位症"
N80322,"后凹深部子宫内膜异位症"
N80329,"后死胡同子宫内膜异位症，深度不明"
N8033,"盆腔侧壁浅表子宫内膜异位症"
N80331,"右盆侧壁浅表子宫内膜异位症"
N80332,"左盆侧壁浅表子宫内膜异位症"
N80333,"双侧盆腔侧壁浅表子宫内膜异位症"
N80339,"盆腔侧壁浅表子宫内膜异位症，未指定侧"
N8034,"盆腔侧壁深部子宫内膜异位症"
N80341,"右侧盆腔侧壁深部子宫内膜异位症"
N80342,"左盆侧壁深部子宫内膜异位症"
N80343,"双侧盆腔侧壁深部子宫内膜异位症"
N80349,"盆腔侧壁深部子宫内膜异位症，未指定的一侧"
N8035,"盆腔侧壁子宫内膜异位症，深度不明"
N80351,"右侧盆腔侧壁子宫内膜异位症，深度不明"
N80352,"左骨盆侧壁子宫内膜异位症，深度不明"
N80353,"双侧盆腔侧壁子宫内膜异位症，深度不明"
N80359,"盆腔侧壁子宫内膜异位症，未指定侧面，未指定深度"
N8036,"盆腔边缘浅表子宫内膜异位症"
N80361,"右盆腔边缘浅表子宫内膜异位症"
N80362,"左盆腔边缘浅表子宫内膜异位症"
N80363,"双侧盆腔边缘浅表子宫内膜异位症"
N80369,"盆腔边缘浅表子宫内膜异位症，未指定一侧"
N8037,"盆腔边缘深部子宫内膜异位症"
N80371,"右盆腔边缘深部子宫内膜异位症"
N80372,"左盆腔边缘深部子宫内膜异位症"
N80373,"双侧盆腔边缘深部子宫内膜异位症"
N80379,"盆腔边缘深部子宫内膜异位症，未指定一侧"
N8038,"盆腔边缘子宫内膜异位症，深度不明"
N80381,"右盆腔边缘子宫内膜异位症，深度不明"
N80382,"左盆腔边缘子宫内膜异位症，深度不明"
N80383,"双侧盆腔边缘子宫内膜异位症，深度不明"
N80389,"盆腔边缘子宫内膜异位症，未指定侧面，未指定深度"
N8039,"其他盆腔腹膜异位症"
N80391,"盆腔腹膜浅表子宫内膜异位症，其他特定部位"
N80392,"盆腔腹膜深部子宫内膜异位症，其他特定部位"
N80399,"盆腔腹膜子宫内膜异位症，其他指定部位，未指定深度"
N803A,"子宫骶韧带浅表子宫内膜异位症"
N803A1,"右子宫骶韧带浅表子宫内膜异位症"
N803A2,"左子宫骶韧带浅表子宫内膜异位症"
N803A3,"双侧子宫骶韧带浅表子宫内膜异位症"
N803A9,"子宫骶韧带浅表子宫内膜异位症，未指定一侧"
N803B,"子宫骶韧带深部子宫内膜异位症"
N803B1,"右子宫骶韧带深部子宫内膜异位症"
N803B2,"左子宫骶韧带深部子宫内膜异位症"
N803B3,"双侧子宫骶韧带深部子宫内膜异位症"
N803B9,"子宫骶韧带深部子宫内膜异位症，未指定侧"
N803C,"子宫骶韧带子宫内膜异位症，深度未定"
N803C1,"右子宫骶韧带子宫内膜异位症，深度未定"
N803C2,"左子宫骶韧带子宫内膜异位症，深度不明"
N803C3,"双侧子宫骶韧带子宫内膜异位症，深度未定"
N803C9,"子宫骶韧带子宫内膜异位症，未指定一侧，未指定深度"
N804,"直肠阴道隔和阴道子宫内膜异位症"
N8040,"直肠阴道隔子宫内膜异位症，未明确涉及阴道"
N8041,"直肠阴道隔子宫内膜异位症，不累及阴道"
N8042,"直肠阴道隔子宫内膜异位症伴阴道受累"
N805,"肠子宫内膜异位症"
N8050,"肠子宫内膜异位症，未指定"
N8051,"直肠子宫内膜异位症"
N80511,"直肠浅表子宫内膜异位症"
N80512,"直肠深部子宫内膜异位症"
N80519,"直肠子宫内膜异位症，深度不详"
N8052,"乙状结肠子宫内膜异位症"
N80521,"乙状结肠浅表子宫内膜异位症"
N80522,"乙状结肠深部子宫内膜异位症"
N80529,"乙状结肠子宫内膜异位症，深度不明"
N8053,"盲肠子宫内膜异位症"
N80531,"盲肠浅表子宫内膜异位症"
N80532,"盲肠深部子宫内膜异位症"
N80539,"盲肠子宫内膜异位症，深度不详"
N8054,"阑尾子宫内膜异位症"
N80541,"阑尾浅表子宫内膜异位症"
N80542,"阑尾深部子宫内膜异位症"
N80549,"阑尾子宫内膜异位症，深度未定"
N8055,"结肠其他部位的子宫内膜异位症"
N80551,"结肠其他部位的浅表子宫内膜异位症"
N80552,"结肠其他部位的深部子宫内膜异位症"
N80559,"结肠其他部分的子宫内膜异位症，深度不明"
N8056,"小肠子宫内膜异位症"
N80561,"小肠浅表子宫内膜异位症"
N80562,"小肠深部子宫内膜异位症"
N80569,"小肠子宫内膜异位症，深度不明"
N806,"皮肤瘢痕中的子宫内膜异位症"
N808,"其他子宫内膜异位症"
N809,"子宫内膜异位症，未指定"
N80A,"膀胱和输尿管子宫内膜异位症"
N80A0,"膀胱子宫内膜异位症，深度不明"
N80A1,"膀胱浅表子宫内膜异位症"
N80A2,"膀胱深部子宫内膜异位症"
N80A4,"输尿管浅表子宫内膜异位症"
N80A41,"右侧输尿管浅表子宫内膜异位症"
N80A42,"左输尿管浅表子宫内膜异位症"
N80A43,"双侧输尿管浅表子宫内膜异位症"
N80A49,"未指明输尿管的浅表子宫内膜异位症"
N80A5,"输尿管深部子宫内膜异位症"
N80A51,"右输尿管深部子宫内膜异位症"
N80A52,"左输尿管深部子宫内膜异位症"
N80A53,"双侧输尿管深部子宫内膜异位症"
N80A59,"未指明输尿管的深部子宫内膜异位症"
N80A6,"输尿管子宫内膜异位症，深度不明"
N80A61,"右输尿管子宫内膜异位症，深度不明"
N80A62,"左输尿管子宫内膜异位症，深度不明"
N80A63,"双侧输尿管子宫内膜异位症，深度未定"
N80A69,"未指定输尿管子宫内膜异位症，未指定深度"
N80B,"心胸腔子宫内膜异位症"
N80B1,"胸膜子宫内膜异位症"
N80B2,"肺子宫内膜异位症"
N80B3,"膈肌子宫内膜异位症"
N80B31,"膈肌浅表子宫内膜异位症"
N80B32,"膈肌深部子宫内膜异位症"
N80B39,"膈肌子宫内膜异位症，深度不明"
N80B4,"心包腔子宫内膜异位症"
N80B5,"纵隔间隙子宫内膜异位症"
N80B6,"心胸腔子宫内膜异位症"
N80C,"腹部子宫内膜异位症"
N80C0,"腹部子宫内膜异位症，未指定"
N80C1,"前腹壁子宫内膜异位症"
N80C10,"前腹壁、皮下组织子宫内膜异位症"
N80C11,"前腹壁、筋膜和肌肉层的子宫内膜异位症"
N80C19,"前腹壁子宫内膜异位症，深度不明"
N80C2,"脐内膜异位症"
N80C3,"腹股沟管子宫内膜异位症"
N80C4,"盆腔外腹膜异位症"
N80C9,"腹部其他部位的子宫内膜异位症"
N80D,"盆腔神经子宫内膜异位症"
N80D0,"盆腔神经子宫内膜异位症，未指定"
N80D1,"骶内脏神经子宫内膜异位症"
N80D2,"骶神经根子宫内膜异位症"
N80D3,"闭孔神经子宫内膜异位症"
N80D4,"坐骨神经子宫内膜异位症"
N80D5,"神经子宫内膜异位症"
N80D6,"股神经子宫内膜异位症"
N80D9,"其他盆腔神经子宫内膜异位症"
N81,"女性生殖器脱垂"
N810,"尿道膨出"
N811,"膀胱膨出"
N8110,"膀胱膨出，未指定"
N8111,"膀胱膨出，中线"
N8112,"膀胱膨出，外侧"
N812,"不完全性子宫阴道脱垂"
N813,"完全性子宫阴道脱垂"
N814,"子宫阴道脱垂，未指定"
N815,"阴道小肠膨出"
N816,"直肠膨出"
N818,"其他女性生殖器脱垂"
N8181,"新囊肿"
N8182,"耻骨宫颈组织功能不全或变弱"
N8183,"直肠阴道组织功能不全或变弱"
N8184,"盆腔肌肉萎缩"
N8185,"宫颈残端脱垂"
N8189,"其他女性生殖器脱垂"
N819,"女性生殖器脱垂，未指明"
N82,"累及女性生殖道的瘘管"
N820,"膀胱阴道瘘"
N821,"其他女性泌尿生殖道瘘"
N822,"阴道瘘管至小肠"
N823,"阴道瘘管至大肠"
N824,"其他女性肠生殖道瘘"
N825,"女性生殖道皮肤瘘"
N828,"其他女性生殖道瘘"
N829,"女性生殖道瘘，未指定"
N83,"卵巢、输卵管和阔韧带的非炎症性疾病"
N830,"卵巢滤泡囊肿"
N8300,"卵巢滤泡囊肿，未指定侧"
N8301,"右卵巢滤泡囊肿"
N8302,"左卵巢滤泡囊肿"
N831,"黄体囊肿"
N8310,"卵巢黄体囊肿，未指定侧"
N8311,"右卵巢黄体囊肿"
N8312,"左卵巢黄体囊肿"
N832,"其他未指明的卵巢囊肿"
N8320,"未指明的卵巢囊肿"
N83201,"未指明的卵巢囊肿，右侧"
N83202,"未指明的卵巢囊肿，左侧"
N83209,"未指定的卵巢囊肿，未指定的一侧"
N8329,"其他卵巢囊肿"
N83291,"其他卵巢囊肿，右侧"
N83292,"其他卵巢囊肿，左侧"
N83299,"其他卵巢囊肿，未指定侧"
N833,"获得性卵巢和输卵管萎缩"
N8331,"获得性卵巢萎缩"
N83311,"右侧卵巢获得性萎缩"
N83312,"左卵巢获得性萎缩"
N83319,"获得性卵巢萎缩，未指定侧"
N8332,"获得性输卵管萎缩"
N83321,"获得性右输卵管萎缩"
N83322,"获得性左输卵管萎缩"
N83329,"输卵管获得性萎缩，未指定侧"
N8333,"获得性卵巢和输卵管萎缩"
N83331,"右侧卵巢和输卵管获得性萎缩"
N83332,"左卵巢和输卵管获得性萎缩"
N83339,"卵巢和输卵管获得性萎缩，未指定侧"
N834,"卵巢和输卵管脱垂和疝"
N8340,"卵巢和输卵管脱垂和疝，未指定侧"
N8341,"右侧卵巢和输卵管脱垂和疝"
N8342,"左卵巢和输卵管脱垂和疝"
N835,"卵巢、卵巢蒂和输卵管扭转"
N8351,"卵巢和卵巢蒂扭转"
N83511,"右卵巢和卵巢蒂扭转"
N83512,"左卵巢和卵巢蒂扭转"
N83519,"卵巢和卵巢蒂扭转，未指定侧"
N8352,"输卵管扭转"
N83521,"右输卵管扭转"
N83522,"左输卵管扭转"
N83529,"输卵管扭转，未指定侧"
N8353,"卵巢、卵巢蒂和输卵管扭转"
N836,"输卵管红"
N837,"宽韧带血肿"
N838,"卵巢、输卵管和阔韧带的其他非炎症性疾病"
N839,"卵巢、输卵管和阔韧带的非炎症性疾病，未指定"
N84,"女性生殖道息肉"
N840,"子宫体息肉"
N841,"宫颈息肉"
N842,"阴道息肉"
N843,"外阴息肉"
N848,"女性生殖道其他部位的息肉"
N849,"女性生殖道息肉，未指定"
N85,"除宫颈外的其他子宫非炎症性疾病"
N850,"子宫内膜增生"
N8500,"子宫内膜增生，未指定"
N8501,"良性子宫内膜增生"
N8502,"子宫内膜上皮内瘤变 \[EIN\]"
N852,"子宫肥大"
N853,"子宫下退化"
N854,"子宫位置不正"
N855,"子宫内翻"
N856,"宫内粘连"
N857,"Hematometra （血粒）"
N858,"其他特定的子宫非炎症性疾病"
N859,"子宫非炎症性疾病，未指定"
N85A,"峡部膨出"
N86,"宫颈糜烂和睑外翻"
N87,"宫颈发育不良"
N870,"轻度宫颈发育不良"
N871,"中度宫颈发育不良"
N879,"宫颈发育不良，未指明"
N88,"宫颈的其他非炎症性疾病"
N880,"子宫颈黏膜白斑"
N881,"宫颈陈旧性撕裂伤"
N882,"宫颈狭窄和狭窄"
N883,"宫颈功能不全"
N884,"宫颈肥大性伸长"
N888,"宫颈其他特定的非炎症性疾病"
N889,"宫颈非炎症性疾病，未指定"
N89,"阴道的其他非炎症性疾病"
N890,"轻度阴道发育不良"
N891,"中度阴道发育不良"
N893,"阴道发育不良，未指定"
N894,"阴道黏膜白斑"
N895,"阴道狭窄和闭锁"
N896,"处女膜环紧绷"
N897,"阴道积血"
N898,"其他特定的非炎症性阴道疾病"
N899,"非炎症性阴道疾病，未指定"
N90,"外阴和会阴的其他非炎症性疾病"
N900,"轻度外阴发育不良"
N901,"中度外阴发育不良"
N903,"外阴发育不良，未指明"
N904,"外阴黏膜白斑"
N905,"外阴萎缩"
N906,"外阴肥大"
N9060,"未指明的外阴肥大"
N9061,"儿童期不对称性阴唇肿大"
N9069,"其他特定的外阴肥大"
N907,"外阴囊肿"
N908,"其他特定的外阴和会阴非炎症性疾病"
N9081,"女性生殖器切割状况"
N90810,"女性生殖器切割状况，未指明"
N90811,"女性生殖器切割 I 型状态"
N90812,"女性生殖器切割 II 型状态"
N90813,"女性生殖器切割 III 型状态"
N90818,"其他女性生殖器切割状况"
N9089,"其他特定的外阴和会阴非炎症性疾病"
N909,"外阴和会阴的非炎症性疾病，未指定"
N91,"月经缺发、月经稀少和罕见"
N910,"原发性闭经"
N911,"继发性闭经"
N912,"闭经，未指明"
N913,"原发性月经稀发"
N914,"继发性月经稀发"
N915,"月经稀发，未指定"
N92,"月经过多、频繁和不规律"
N920,"月经过多和频繁，月经周期规律"
N921,"月经过多和频繁，周期不规律"
N922,"青春期月经过多"
N923,"排卵出血"
N924,"绝经前出血过多"
N925,"其他特定的月经不调"
N926,"月经不调，未指明"
N93,"其他异常子宫和阴道出血"
N930,"后出血和接触性出血"
N931,"青春期前阴道出血"
N938,"其他指定的异常子宫和阴道出血"
N939,"异常子宫和阴道出血，未指定"
N94,"与女性生殖器官和月经周期相关的疼痛和其他状况"
N940,"Mittelschmerz"
N941,"痛"
N9410,"未指明的痛"
N9411,"浅表（口内）困难"
N9412,"深部痛"
N9419,"其他特定的痛"
N942,"阴道痉挛"
N943,"经前紧张综合征"
N944,"原发性痛经"
N945,"继发性痛经"
N946,"痛经，未指明"
N948,"与女性生殖器官和月经周期相关的其他特定情况"
N9481,"外阴痛"
N94810,"外阴前庭炎"
N94818,"其他外阴痛"
N94819,"外阴痛，未指定"
N9489,"与女性生殖器官和月经周期相关的其他特定情况"
N949,"与女性生殖器官和月经周期相关的未指定情况"
N95,"绝经期和其他围绝经期疾病"
N950,"绝经后出血"
N951,"更年期和女性更年期状态"
N952,"绝经后萎缩性阴道炎"
N958,"其他特定的绝经期和围绝经期疾病"
N959,"未分类的绝经期和围绝经期疾病"
N96,"复发性流产"
N97,"女性不孕症"
N970,"与无排卵相关的女性不孕症"
N971,"输卵管来源的女性不孕症"
N972,"子宫源性女性不孕症"
N978,"其他来源的女性不孕症"
N979,"女性不孕症，未指定"
N98,"与人工受精相关的并发症"
N980,"与人工授精相关的感染"
N981,"卵巢过度刺激"
N982,"体外受精后尝试引入受精卵的并发症"
N983,"胚胎移植中尝试引入胚胎的并发症"
N988,"与人工受精相关的其他并发症"
N989,"人工受精相关并发症，未指明"
N99,"术中和术后并发症以及泌尿生殖系统疾病，未分类"
N990,"术后（急性）（慢性）肾衰竭"
N991,"术后尿道狭窄"
N9911,"术后尿道狭窄，男性"
N99110,"术后尿道狭窄，男性，尿道口"
N99111,"术后球状尿道狭窄，男性"
N99112,"术后膜性尿道狭窄，男性"
N99113,"术后前球状尿道狭窄，男性"
N99114,"术后尿道狭窄，男性，未指定"
N99115,"术后舟状窝尿道狭窄"
N99116,"术后尿道狭窄，男性，重叠部位"
N9912,"术后尿道狭窄，女性"
N992,"阴道术后粘连"
N993,"子宫切除术后阴道穹窿脱垂"
N994,"术后盆腔腹膜粘连"
N995,"尿路造口的并发症"
N9951,"膀胱造口术的并发症"
N99510,"膀胱造口术出血"
N99511,"膀胱造口感染"
N99512,"膀胱造口功能障碍"
N99518,"其他膀胱造口并发症"
N9952,"尿路外造口失禁的并发症"
N99520,"尿路造口外造口出血"
N99521,"尿路造口外造口失禁感染"
N99522,"尿路失禁外造口功能障碍"
N99523,"尿路失禁造口疝"
N99524,"尿路造口失禁狭窄"
N99528,"尿路外造口失禁的其他并发症"
N9953,"尿路大陆造口并发症"
N99530,"尿路大陆造口出血"
N99531,"尿路大陆造口感染"
N99532,"尿路大陆造口功能障碍"
N99533,"尿路大陆造口突出"
N99534,"尿路大陆造口狭窄"
N99538,"尿路大陆造口的其他并发症"
N996,"泌尿生殖系统器官或结构的术中出血和血肿使手术复杂化"
N9961,"泌尿生殖系统器官或结构的术中出血和血肿使泌尿生殖系统手术复杂化"
N9962,"泌尿生殖系统器官或结构的术中出血和血肿使其他手术复杂化"
N997,"手术过程中泌尿生殖系统器官或结构的意外穿刺和撕裂伤"
N9971,"泌尿生殖系统手术过程中泌尿生殖系统器官或结构的意外穿刺和撕裂伤"
N9972,"在其他手术中泌尿生殖系统器官或结构的意外穿刺和撕裂伤"
N998,"其他术中和术后并发症和泌尿生殖系统疾病"
N9981,"泌尿生殖系统的其他术中并发症"
N9982,"手术后泌尿生殖系统器官或结构的术后出血"
N99820,"泌尿生殖系统手术后泌尿生殖系统器官或结构的术后出血"
N99821,"其他手术后泌尿生殖系统器官或结构术后出血"
N9983,"残余卵巢综合征"
N9984,"手术后泌尿生殖系统器官或结构的术后血肿和血清肿"
N99840,"泌尿生殖系统手术后泌尿生殖系统器官或结构的术后血肿"
N99841,"其他手术后泌尿生殖系统器官或结构的术后血肿"
N99842,"泌尿生殖系统手术后泌尿生殖系统器官或结构的术后血清肿"
N99843,"其他手术后泌尿生殖系统器官或结构的术后血清肿"
N9985,"子宫内膜消融后综合征"
N9989,"泌尿生殖系统的其他术后并发症和疾病"
O00,"子宫外孕"
O000,"腹孕"
O0000,"无宫内妊娠的腹妊娠"
O0001,"腹妊娠伴宫内妊娠"
O001,"输卵管妊娠"
O0010,"无宫内妊娠的输卵管妊娠"
O00101,"无宫内妊娠的右侧输卵管妊娠"
O00102,"无宫内妊娠的左输卵管妊娠"
O00109,"无宫内妊娠的未指明输卵管妊娠"
O0011,"输卵管妊娠伴宫内妊娠"
O00111,"右输卵管妊娠伴宫内妊娠"
O00112,"左输卵管妊娠伴宫内妊娠"
O00119,"未指明的输卵管妊娠伴宫内妊娠"
O002,"卵巢妊娠"
O0020,"无宫内妊娠的卵巢妊娠"
O00201,"无宫内妊娠的右卵巢妊娠"
O00202,"无宫内妊娠的左卵巢妊娠"
O00209,"无宫内妊娠的未指定卵巢妊娠"
O0021,"卵巢妊娠伴宫内妊娠"
O00211,"右卵巢妊娠伴宫内妊娠"
O00212,"左卵巢妊娠伴宫内妊娠"
O00219,"未分明的卵巢妊娠伴宫内妊娠"
O008,"其他异位妊娠"
O0080,"其他无宫内妊娠的异位妊娠"
O0081,"宫内妊娠的其他异位妊娠"
O009,"异位妊娠，未指定"
O0090,"无宫内妊娠的未分异位妊娠"
O0091,"未分之别的宫内妊娠异位妊娠"
O01,"葡萄胎"
O010,"经典葡萄胎"
O011,"不完整和部分葡萄胎"
O019,"葡萄胎，未指定"
O02,"其他异常受孕产物"
O020,"枯萎卵和非葡萄胎"
O021,"稽留流产"
O028,"其他指定的异常受孕产物"
O0281,"妊娠早期人绒毛膜促性腺激素 （hCG） 定量的不适当变化"
O0289,"其他异常受孕产物"
O029,"受孕产物异常，未指定"
O03,"自然流产"
O030,"不全自然流产后的生殖道和盆腔感染"
O031,"不完全自然流产后延迟或过度出血"
O032,"不全自然流产后的栓塞"
O033,"不全自然流产后的其他和未指明的并发症"
O0330,"不全自然流产后不明并发症"
O0331,"不全自然流产后的休克"
O0332,"不完全自然流产后的肾功能衰竭"
O0333,"不全自然流产后的代谢紊乱"
O0334,"不全自然流产后盆腔器官的损伤"
O0335,"不全自然流产后的其他静脉并发症"
O0336,"不全自然流产后心脏骤停"
O0337,"不完全自然流产后脓毒症"
O0338,"不全自然流产后的尿路感染"
O0339,"不完全自然流产伴有其他并发症"
O034,"无并发症的不完全自然流产"
O035,"完全或未特异性自然流产后的生殖道和盆腔感染"
O036,"完全或未特异性自然流产后延迟或过度出血"
O037,"完全流产或未指定自然流产后的栓塞"
O038,"完全或未指定自然流产后的其他和未指定的并发症"
O0380,"完全流产或未特明自然流产后未明并发症"
O0381,"完全或未特异性自然流产后的休克"
O0382,"完全或未特指的自然流产后肾功能衰竭"
O0383,"完全或未特异性自然流产后的代谢紊乱"
O0384,"完全或未指定自然流产后盆腔器官损伤"
O0385,"完全或未指明自然流产后的其他静脉并发症"
O0386,"完全或未指定自然流产后心脏骤停"
O0387,"完全或未特异性自然流产后的脓毒症"
O0388,"完全或未特异性自然流产后的尿路感染"
O0389,"伴有其他并发症的完全或未指明的自然流产"
O039,"无并发症的完全或未指定自然流产"
O04,"（诱导）终止妊娠后的并发症"
O045,"（诱导）终止妊娠后的生殖道和盆腔感染"
O046,"（诱导）终止妊娠后延迟或过度出血"
O047,"（诱导）终止妊娠后的栓塞"
O048,"伴有其他和未指明并发症的（诱导的）终止妊娠"
O0480,"（诱导的）终止妊娠并伴有未指明的并发症"
O0481,"（诱导）终止妊娠后的休克"
O0482,"（诱导）终止妊娠后的肾功能衰竭"
O0483,"（诱导的）终止妊娠后的代谢紊乱"
O0484,"（诱导）终止妊娠后盆腔器官损伤"
O0485,"（诱导的）终止妊娠后的其他静脉并发症"
O0486,"（诱导）终止妊娠后心脏骤停"
O0487,"（诱导）终止妊娠后脓毒症"
O0488,"（诱导）终止妊娠后的尿路感染"
O0489,"（诱导的）终止妊娠并伴有其他并发症"
O07,"尝试终止妊娠失败"
O070,"尝试终止妊娠失败后的生殖道和盆腔感染"
O071,"尝试终止妊娠失败后延迟或出血过多"
O072,"未遂终止妊娠后的栓塞"
O073,"伴有其他和未指明并发症的终止妊娠尝试失败"
O0730,"未遂终止妊娠并伴有未指明的并发症"
O0731,"尝试终止妊娠失败后的休克"
O0732,"尝试终止妊娠失败后的肾功能衰竭"
O0733,"尝试终止妊娠失败后的代谢紊乱"
O0734,"尝试终止妊娠失败后盆腔器官损伤"
O0735,"尝试终止妊娠失败后的其他静脉并发症"
O0736,"尝试终止妊娠失败后心脏骤停"
O0737,"尝试终止妊娠失败后出现败血症"
O0738,"尝试终止妊娠失败后的尿路感染"
O0739,"尝试终止妊娠并伴有其他并发症"
O074,"无并发症的终止妊娠尝试失败"
O08,"异位妊娠和葡萄胎后的并发症"
O080,"异位妊娠和葡萄胎后的生殖道和盆腔感染"
O081,"异位妊娠和葡萄胎后延迟或过度出血"
O082,"异位妊娠和葡萄胎后的栓塞"
O083,"异位妊娠和葡萄胎后休克"
O084,"异位妊娠和葡萄胎后的肾功能衰竭"
O085,"异位妊娠和葡萄胎后的代谢紊乱"
O086,"异位妊娠和葡萄胎后盆腔器官和组织的损伤"
O087,"异位妊娠和葡萄胎后的其他静脉并发症"
O088,"异位妊娠和葡萄胎后的其他并发症"
O0881,"异位妊娠和葡萄胎后心脏骤停"
O0882,"异位妊娠和葡萄胎后脓毒症"
O0883,"异位妊娠和葡萄胎后的尿路感染"
O0889,"异位妊娠和葡萄胎后的其他并发症"
O089,"异位妊娠和葡萄胎后不明并发症"
O09,"高危妊娠的监督"
O090,"监督有不孕史的怀孕"
O0900,"监督有不孕史的妊娠，未指定的妊娠期"
O0901,"监督有不孕史的怀孕，孕早期"
O0902,"监督有不孕史的怀孕，孕中期"
O0903,"监督有不孕史的怀孕，妊娠晚期"
O091,"监督有异位妊娠史的妊娠"
O0910,"监督有异位妊娠史的妊娠，未指定的妊娠期"
O0911,"监督有异位妊娠史的妊娠，妊娠早期"
O0912,"监督有异位妊娠史的妊娠，妊娠中期"
O0913,"监督有异位妊娠史的妊娠，妊娠晚期"
O092,"监督有其他不良生殖史或产科病史的妊娠"
O0921,"有早产史的妊娠监督"
O09211,"有早产史、孕早期的妊娠监督"
O09212,"有早产史、孕中期的妊娠监督"
O09213,"有早产史、孕晚期的妊娠监督"
O09219,"监督有早产史的妊娠，未指明的妊娠期"
O0929,"监督有其他不良生殖史或产科病史的妊娠"
O09291,"监督有其他不良生育史或产科病史的妊娠，妊娠早期"
O09292,"监督有其他不良生育史或产科病史的妊娠，妊娠中期"
O09293,"监督有其他不良生育史或产科病史的妊娠，妊娠晚期"
O09299,"监督有其他不良生育史或产科病史的妊娠，未指明的妊娠期"
O093,"对产前保健不足的妊娠进行监督"
O0930,"产前保健不足、未指定妊娠期的妊娠监督"
O0931,"产前保健不足的妊娠监督，孕早期"
O0932,"孕中期产前保健不足的妊娠监测"
O0933,"产前保健不足的妊娠监督，妊娠晚期"
O094,"大胎次妊娠的监督"
O0940,"监督大胎次、未指定妊娠期"
O0941,"大胎次、孕早期妊娠的监督"
O0942,"大胎次妊娠监督，孕中期"
O0943,"大胎次、孕晚期妊娠的监督"
O095,"老年初产妇和多孕症的监督"
O0951,"老年初产妇的监督"
O09511,"老年初产妇的监督，孕早期"
O09512,"老年初孕、孕中期的监督"
O09513,"老年初产妇的监督，妊娠晚期"
O09519,"老年初产妇的监督，未指定妊娠期"
O0952,"老年多重妊娠的监督"
O09521,"老年多孕期的监督，孕早期"
O09522,"老年多孕期、孕中期的监督"
O09523,"老年多孕、孕晚期的监督"
O09529,"老年多胎妊娠的监督，未指定妊娠期"
O096,"年轻初孕和多孕的监督"
O0961,"年轻初产妇的监督"
O09611,"监督年轻的初产妇，妊娠早期"
O09612,"年轻初孕期的监督，孕中期"
O09613,"监督年轻的初产妇，妊娠晚期"
O09619,"年轻初产妇的监督，未指定妊娠期"
O0962,"年轻多胎妊娠的监督"
O09621,"年轻多孕期的监督，孕早期"
O09622,"年轻多孕期的监督，孕中期"
O09623,"年轻多孕期的监督，妊娠晚期"
O09629,"年轻多胎妊娠的监督，未指定妊娠期"
O097,"因社会问题导致的高危妊娠的监督"
O0970,"因社会问题导致的高危妊娠的监督，未指定的妊娠期"
O0971,"因社会问题导致的高危妊娠的监督，孕早期"
O0972,"因社会问题导致的高危妊娠的监督，孕中期"
O0973,"因社会问题导致的高危妊娠的监督，妊娠晚期"
O098,"监督其他高危妊娠"
O0981,"辅助生殖技术对妊娠的监督"
O09811,"辅助生殖技术妊娠的监督，孕早期"
O09812,"辅助生殖技术导致的妊娠监测，孕中期"
O09813,"辅助生殖技术导致的妊娠监测，妊娠晚期"
O09819,"对辅助生殖技术导致的妊娠的监督，未指定的妊娠期"
O0982,"监督妊娠史"
O09821,"监督怀孕，有既往怀孕、孕早期宫内手术史"
O09822,"监督妊娠，在前一次怀孕、孕中期有宫内手术史"
O09823,"在前一次怀孕、妊娠晚期有宫内手术史的妊娠监督"
O09829,"监督妊娠，有既往妊娠、未指定妊娠期的宫内手术史"
O0989,"监督其他高危妊娠"
O09891,"监督其他高危妊娠，孕早期"
O09892,"监督其他高危妊娠，孕中期"
O09893,"其他高危妊娠的监督，妊娠晚期"
O09899,"监督其他高危妊娠，未指定妊娠期"
O099,"高危妊娠的监督，未指明"
O0990,"高危妊娠、未指定、未指定妊娠的监督"
O0991,"高危妊娠、未指定妊娠、妊娠早期的监督"
O0992,"高危妊娠、未指定妊娠、孕中期的监督"
O0993,"高危妊娠、未指定妊娠、妊娠晚期的监督"
O09A,"有葡萄胎病史的妊娠监督"
O09A0,"有葡萄胎病史的妊娠监督，未指定的妊娠期"
O09A1,"监督有葡萄胎病史的妊娠，妊娠早期"
O09A2,"有葡萄胎病史、孕中期的妊娠监督"
O09A3,"有葡萄胎病史的妊娠监督，妊娠晚期"
O10,"妊娠、分娩和产褥期并发的既往高血压"
O100,"原发性高血压并发妊娠、分娩和产褥期"
O1001,"原发性高血压并发妊娠"
O10011,"妊娠早期并发的原发性高血压"
O10012,"妊娠中期并发的原发性高血压"
O10013,"妊娠晚期并发的原发性高血压"
O10019,"妊娠并发的原发性高血压，未指定的妊娠期"
O1002,"原发性高血压并发分娩"
O1003,"原有原发性高血压使产褥期复杂化"
O101,"妊娠、分娩和产褥期并发的既往高血压心脏病"
O1011,"妊娠并发的既往高血压心脏病"
O10111,"妊娠早期并发的高血压心脏病"
O10112,"妊娠中期并发的高血压心脏病"
O10113,"妊娠晚期并发的高血压心脏病"
O10119,"妊娠并发的既往高血压心脏病，未指定的妊娠期"
O1012,"已存在的高血压心脏病并发分娩"
O1013,"使产褥期并发的既往高血压心脏病"
O102,"既往高血压慢性肾病，使妊娠、分娩和产褥期复杂化"
O1021,"妊娠并发的既往高血压慢性肾病"
O10211,"妊娠早期并发的既往高血压慢性肾病"
O10212,"妊娠中期并发的既往高血压慢性肾病"
O10213,"妊娠晚期并发的既往高血压慢性肾病"
O10219,"既往存在的高血压慢性肾病并发妊娠，未指定的妊娠期"
O1022,"已存在的高血压慢性肾病并发分娩"
O1023,"使产褥期并发的既往高血压慢性肾病"
O103,"既往高血压心脏病和慢性肾病，使妊娠、分娩和产褥期复杂化"
O1031,"既往高血压心脏病和慢性肾病使妊娠并发"
O10311,"妊娠早期既往高血压心脏病和慢性肾病并发妊娠"
O10312,"既往高血压心脏病和慢性肾病并发妊娠、妊娠中期"
O10313,"既往高血压心脏病和慢性肾病并发妊娠、妊娠晚期"
O10319,"既往高血压心脏病和慢性肾病并发妊娠，未指定的妊娠期"
O1032,"既往高血压心脏病和慢性肾病导致分娩并发症"
O1033,"既往高血压心脏病和慢性肾病使产褥期复杂化"
O104,"先前存在的继发性高血压并发妊娠、分娩和产褥期"
O1041,"先前存在的继发性高血压并发妊娠"
O10411,"妊娠早期已存在的继发性高血压并发妊娠"
O10412,"妊娠中期并发的原发性高血压"
O10413,"妊娠晚期并发的原发性高血压"
O10419,"既往存在的继发性高血压并发妊娠，未指定的妊娠期"
O1042,"先前存在的继发性高血压并发分娩"
O1043,"先前存在的继发性高血压使产褥期复杂化"
O109,"未指明的既往高血压并发妊娠、分娩和产褥期"
O1091,"未指明的既往高血压并发妊娠"
O10911,"未指明的既往高血压并发妊娠、妊娠早期"
O10912,"未指明的既往高血压并发妊娠、妊娠中期"
O10913,"未指明的既往高血压并发妊娠、妊娠晚期"
O10919,"未指定的先前存在的高血压并发妊娠，未指定的三个月"
O1092,"未指明的既往高血压并发分娩"
O1093,"未指明的既往高血压使产褥期复杂化"
O11,"已有高血压伴子痫前 期"
O111,"妊娠早期已有高血压伴子痫前"
O112,"妊娠中期已有高血压伴子痫前期"
O113,"既往高血压伴子痫前期，妊娠晚期"
O114,"已有高血压伴子痫前期，使分娩复杂化"
O115,"已有高血压伴子痫前期，使产褥期复杂化"
O119,"既往高血压伴先兆子痫，未指定妊娠期"
O12,"妊娠期 \[妊娠诱导的\] 水肿和蛋白尿，无高血压"
O120,"妊娠水肿"
O1200,"妊娠水肿，未指明的妊娠期"
O1201,"妊娠水肿，妊娠早期"
O1202,"妊娠水肿，孕中期"
O1203,"妊娠水肿，妊娠晚期"
O1204,"妊娠水肿，使分娩复杂化"
O1205,"妊娠水肿，使产褥期复杂化"
O121,"妊娠期蛋白尿"
O1210,"妊娠期蛋白尿，未指定妊娠期"
O1211,"妊娠期蛋白尿，妊娠早期"
O1212,"妊娠期蛋白尿，孕中期"
O1213,"妊娠期蛋白尿，妊娠晚期"
O1214,"妊娠期蛋白尿，使分娩复杂化"
O1215,"妊娠期蛋白尿，使产褥期复杂化"
O122,"妊娠水肿伴蛋白尿"
O1220,"妊娠水肿伴蛋白尿，未分明的妊娠期"
O1221,"妊娠早期妊娠水肿伴蛋白尿"
O1222,"妊娠水肿伴蛋白尿，妊娠中期"
O1223,"妊娠水肿伴蛋白尿，妊娠晚期"
O1224,"妊娠水肿伴蛋白尿，使分娩复杂化"
O1225,"妊娠水肿伴蛋白尿，使产褥期复杂化"
O13,"无明显蛋白尿的妊娠期 \[妊娠诱导\] 高血压"
O131,"妊娠期 \[妊娠诱导的\] 高血压，无明显蛋白尿，妊娠早期"
O132,"妊娠期 \[妊娠诱导的\] 高血压，无明显蛋白尿，妊娠中期"
O133,"妊娠期 \[妊娠诱导\] 高血压，无明显蛋白尿，妊娠晚期"
O134,"妊娠期 \[妊娠诱导的\] 高血压，无明显蛋白尿，使分娩复杂化"
O135,"妊娠期 \[妊娠诱发的\] 高血压，无明显蛋白尿，使产褥期复杂化"
O139,"无明显蛋白尿的妊娠期 \[妊娠诱导\] 高血压，未分明的妊娠期"
O14,"先兆子痫"
O140,"轻至中度子痫前期"
O1400,"轻至中度子痫前期，未分类的妊娠期"
O1402,"轻至中度子痫前期，妊娠中期"
O1403,"轻至中度子痫前期，妊娠晚期"
O1404,"轻至中度子痫前期，使分娩复杂化"
O1405,"轻至中度子痫前期，使产褥期复杂化"
O141,"重度子痫前期"
O1410,"重度子痫前期，未指明的妊娠期"
O1412,"重度子痫前期，妊娠中期"
O1413,"重度子痫前期，妊娠晚期"
O1414,"严重的子痫前期并发分娩"
O1415,"重度子痫前期，使产褥期复杂化"
O142,"HELLP 综合征"
O1420,"HELLP 综合征 （HELLP），未指明的妊娠期"
O1422,"HELLP 综合征 （HELLP），孕中期"
O1423,"HELLP 综合征 （HELLP），妊娠晚期"
O1424,"HELLP 综合征，使分娩复杂化"
O1425,"HELLP 综合征，使产褥期复杂化"
O149,"未指明的子痫前期"
O1490,"未分类的子痫前期，未分类的妊娠期"
O1492,"未分类的子痫前期，妊娠中期"
O1493,"未分类的子痫前期，妊娠晚期"
O1494,"未指明的子痫前期，使分娩复杂化"
O1495,"未分类的子痫前期，使产褥期复杂化"
O15,"惊厥"
O150,"子痫使妊娠复杂化"
O1500,"子痫并发妊娠，未指明的妊娠期"
O1502,"子痫并发妊娠，妊娠中期"
O1503,"子痫并发妊娠，妊娠晚期"
O151,"子痫使分娩复杂化"
O152,"子痫使产褥期复杂化"
O159,"子痫，未指定时间段"
O16,"未指明的母亲高血压"
O161,"未指明的孕产妇高血压，妊娠早期"
O162,"未指明的母亲高血压，妊娠中期"
O163,"未指明的产妇高血压，妊娠晚期"
O164,"未指明的母亲高血压，使分娩复杂化"
O165,"未指明的产妇高血压，使产褥期复杂化"
O169,"未指定的母亲高血压，未指定的妊娠期"
O20,"妊娠早期出血"
O200,"先兆堕胎"
O208,"妊娠早期的其他出血"
O209,"妊娠早期出血，未明确"
O21,"怀孕期间过度呕吐"
O210,"轻度妊娠剧吐"
O211,"伴有代谢紊乱的妊娠剧吐"
O212,"妊娠晚期呕吐"
O218,"其他使妊娠并发症的呕吐"
O219,"妊娠呕吐，未指明"
O22,"妊娠期静脉并发症和痔疮"
O220,"妊娠期下肢静脉曲张"
O2200,"妊娠期下肢静脉曲张，未分明的妊娠期"
O2201,"妊娠期、妊娠早期下肢静脉曲张"
O2202,"妊娠期、孕中期下肢静脉曲张"
O2203,"妊娠期、妊娠晚期下肢静脉曲张"
O221,"妊娠期生殖器静脉曲张"
O2210,"妊娠期生殖器静脉曲张，未指明的妊娠期"
O2211,"妊娠期、妊娠早期生殖器静脉曲张"
O2212,"妊娠期、孕中期生殖器静脉曲张"
O2213,"妊娠期、妊娠晚期生殖器静脉曲张"
O222,"妊娠期浅表血栓性静脉炎"
O2220,"妊娠期浅表血栓性静脉炎，妊娠期未定"
O2221,"妊娠期、妊娠早期浅表血栓性静脉炎"
O2222,"妊娠期、妊娠中期浅表血栓性静脉炎"
O2223,"妊娠期、妊娠晚期浅表血栓性静脉炎"
O223,"妊娠期深部静脉血栓形成"
O2230,"妊娠期深部静脉血栓形成，未指明的妊娠期"
O2231,"妊娠期、妊娠早期深部静脉血栓形成"
O2232,"妊娠期、孕中期深部静脉血栓形成"
O2233,"妊娠期、妊娠晚期深部静脉血栓形成"
O224,"妊娠期痔疮"
O2240,"妊娠期痔疮，未分明的妊娠期"
O2241,"妊娠期痔疮，妊娠早期"
O2242,"妊娠期痔疮，孕中期"
O2243,"妊娠期、妊娠晚期痔疮"
O225,"妊娠期脑静脉血栓形成"
O2250,"妊娠期脑静脉血栓形成，未指明的妊娠期"
O2251,"妊娠期、妊娠早期脑静脉血栓形成"
O2252,"妊娠期、孕中期脑静脉血栓形成"
O2253,"妊娠期、妊娠晚期脑静脉血栓形成"
O228,"妊娠期的其他静脉并发症"
O228X,"妊娠期的其他静脉并发症"
O228X1,"妊娠早期的其他静脉并发症"
O228X2,"妊娠中期的其他静脉并发症"
O228X3,"妊娠期、妊娠晚期的其他静脉并发症"
O228X9,"妊娠期的其他静脉并发症，未指明的妊娠期"
O229,"妊娠期静脉并发症，未明确"
O2290,"妊娠期静脉并发症、未指定、未指定妊娠"
O2291,"妊娠期静脉并发症，未指明，妊娠早期"
O2292,"妊娠期静脉并发症，未指明，妊娠中期"
O2293,"妊娠期静脉并发症，未指明，妊娠晚期"
O23,"妊娠期泌尿生殖道感染"
O230,"妊娠期肾脏感染"
O2300,"妊娠期肾脏感染，未指明的妊娠期"
O2301,"妊娠期、孕早期肾脏感染"
O2302,"妊娠期、孕中期肾脏感染"
O2303,"妊娠期、孕晚期肾脏感染"
O231,"妊娠期膀胱感染"
O2310,"妊娠期膀胱感染，未指明的妊娠期"
O2311,"妊娠期、孕早期膀胱感染"
O2312,"妊娠期、孕中期膀胱感染"
O2313,"妊娠期、妊娠晚期膀胱感染"
O232,"妊娠期尿道感染"
O2320,"妊娠期尿道感染，未指明的妊娠期"
O2321,"妊娠期、孕早期尿道感染"
O2322,"妊娠期、孕中期尿道感染"
O2323,"妊娠期、妊娠晚期尿道感染"
O233,"妊娠期尿路其他部位感染"
O2330,"妊娠期尿路其他部位感染，未指明的妊娠期"
O2331,"妊娠期、孕早期尿路其他部位感染"
O2332,"妊娠期、孕中期尿路其他部位感染"
O2333,"妊娠期、妊娠晚期尿路其他部位感染"
O234,"妊娠期未分类的尿路感染"
O2340,"妊娠期未明确说明的尿路感染，未指定的妊娠期"
O2341,"妊娠期、妊娠早期未分类的尿路感染"
O2342,"妊娠期、孕中期未分类的尿路感染"
O2343,"妊娠期、妊娠晚期未分类的尿路感染"
O235,"妊娠期生殖道感染"
O2351,"妊娠期宫颈感染"
O23511,"妊娠期、孕早期宫颈感染"
O23512,"怀孕、孕中期宫颈感染"
O23513,"妊娠期、妊娠晚期宫颈感染"
O23519,"妊娠期宫颈感染，未指明的妊娠期"
O2352,"妊娠期输卵管卵巢炎"
O23521,"妊娠期、孕早期输卵管卵巢炎"
O23522,"妊娠期、妊娠中期输卵管卵巢炎"
O23523,"妊娠期、妊娠晚期输卵管卵巢炎"
O23529,"妊娠期输卵管卵巢炎，妊娠期未定"
O2359,"妊娠期生殖道其他部位感染"
O23591,"妊娠期、孕早期生殖道其他部位感染"
O23592,"妊娠期、孕中期生殖道其他部位感染"
O23593,"妊娠期、妊娠晚期生殖道其他部位感染"
O23599,"妊娠期生殖道其他部位感染，妊娠期未定"
O239,"妊娠期未分类的泌尿生殖道感染"
O2390,"妊娠期未分类的泌尿生殖道感染，未分类的妊娠期"
O2391,"妊娠期、妊娠早期未分类的泌尿生殖道感染"
O2392,"妊娠期、妊娠中期未分类的泌尿生殖道感染"
O2393,"妊娠期、妊娠晚期未分类的泌尿生殖道感染"
O24,"妊娠期、分娩期和产褥期糖尿病"
O240,"预先存在的 1 型糖尿病，怀孕、分娩和产褥期"
O2401,"怀孕期间已有 1 型糖尿病"
O24011,"预先存在的 1 型糖尿病，怀孕期间，妊娠早期"
O24012,"预先存在的 1 型糖尿病、怀孕期间、妊娠中期"
O24013,"预先存在的 1 型糖尿病、怀孕期间、妊娠晚期"
O24019,"预先存在的 1 型糖尿病、怀孕、未指定的三个月"
O2402,"分娩时已有的 1 型糖尿病"
O2403,"产褥期已有 1 型糖尿病"
O241,"预先存在的 2 型糖尿病，怀孕、分娩和产褥期"
O2411,"怀孕期间已有 2 型糖尿病"
O24111,"预先存在的 2 型糖尿病、怀孕期、孕早期"
O24112,"预先存在的 2 型糖尿病、怀孕期间、妊娠中期"
O24113,"预先存在的 2 型糖尿病、怀孕期间、妊娠晚期"
O24119,"预先存在的 2 型糖尿病，怀孕，未指定的三个月"
O2412,"分娩时已有 2 型糖尿病"
O2413,"产褥期已有 2 型糖尿病"
O243,"未指明的妊娠期、分娩期和产褥期预先存在的糖尿病"
O2431,"未指明的妊娠期既往糖尿病"
O24311,"未指明的妊娠期、孕早期既往糖尿病"
O24312,"未指明的妊娠期、孕中期既往糖尿病"
O24313,"未指明的妊娠期、妊娠晚期既往糖尿病"
O24319,"未指明的妊娠期预先存在的糖尿病，未指明的妊娠期"
O2432,"未指明的分娩时已有糖尿病"
O2433,"未指明的产褥期预先存在的糖尿病"
O244,"妊娠糖尿病"
O2441,"妊娠期妊娠糖尿病"
O24410,"妊娠期妊娠糖尿病，饮食控制"
O24414,"妊娠期妊娠糖尿病，胰岛素控制"
O24415,"妊娠期妊娠糖尿病，通过口服降糖药控制"
O24419,"妊娠期妊娠糖尿病，未指定对照"
O2442,"分娩时的妊娠糖尿病"
O24420,"分娩时妊娠糖尿病，饮食控制"
O24424,"分娩时妊娠糖尿病，胰岛素控制"
O24425,"分娩时妊娠糖尿病，通过口服降糖药控制"
O24429,"分娩时妊娠糖尿病，未指定对照"
O2443,"产褥期妊娠糖尿病"
O24430,"产褥期妊娠糖尿病，饮食控制"
O24434,"产褥期妊娠糖尿病，胰岛素控制"
O24435,"产褥期妊娠糖尿病，通过口服降糖药控制"
O24439,"产褥期妊娠糖尿病，未指定对照"
O248,"妊娠期、分娩期和产褥期的其他既往糖尿病"
O2481,"妊娠期其他预先存在的糖尿病"
O24811,"妊娠期、孕早期其他既往糖尿病"
O24812,"妊娠期、孕中期其他既往糖尿病"
O24813,"妊娠期、妊娠晚期其他既往糖尿病"
O24819,"妊娠期、未指定妊娠期的其他既往糖尿病"
O2482,"分娩时其他预先存在的糖尿病"
O2483,"其他产褥期预先存在的糖尿病"
O249,"妊娠期、分娩期和产褥期的未明确糖尿病"
O2491,"妊娠期未分类糖尿病"
O24911,"妊娠期、妊娠早期未分类糖尿病"
O24912,"妊娠期、妊娠中期未分类糖尿病"
O24913,"妊娠期、妊娠晚期未分类的糖尿病"
O24919,"妊娠期未指明的糖尿病，未指明的妊娠期"
O2492,"未指明的分娩糖尿病"
O2493,"产褥期未指明的糖尿病"
O25,"妊娠、分娩和产褥期营养不良"
O251,"妊娠期营养不良"
O2510,"妊娠期营养不良，妊娠期未定"
O2511,"妊娠早期营养不良"
O2512,"妊娠期、孕中期营养不良"
O2513,"妊娠期、妊娠晚期营养不良"
O252,"分娩时营养不良"
O253,"产褥期营养不良"
O26,"主要与妊娠相关的其他疾病的孕产妇护理"
O260,"怀孕期间体重过度增长"
O2600,"妊娠期体重过度增加，妊娠期不明"
O2601,"怀孕期间、孕早期体重增加过多"
O2602,"怀孕、孕中期体重过度增加"
O2603,"怀孕、妊娠晚期体重过度增加"
O261,"怀孕期间体重增加低"
O2610,"妊娠期体重增加低，妊娠期未确定"
O2611,"怀孕、孕早期体重增长缓慢"
O2612,"怀孕、孕中期体重增加低"
O2613,"怀孕、孕晚期体重增加低"
O262,"复发性流产患者的妊娠护理"
O2620,"复发性流产患者的妊娠护理，未指定妊娠期"
O2621,"复发性流产患者、孕早期的妊娠护理"
O2622,"复发性流产患者、孕中期的妊娠护理"
O2623,"复发性流产患者、妊娠晚期的妊娠护理"
O263,"妊娠期保留宫内节育器"
O2630,"妊娠期保留宫内节育器，妊娠期未指定"
O2631,"妊娠期、孕早期保留宫内节育器"
O2632,"妊娠期、孕中期保留宫内节育器"
O2633,"妊娠期、妊娠晚期保留宫内节育器"
O264,"妊娠疱疹"
O2640,"妊娠疱疹，未分明的妊娠期"
O2641,"妊娠疱疹，妊娠早期"
O2642,"妊娠疱疹，妊娠中期"
O2643,"妊娠疱疹，妊娠晚期"
O265,"产妇低血压综合征"
O2650,"产妇低血压综合征，未指定妊娠期"
O2651,"孕早期产妇低血压综合征"
O2652,"孕中期产妇低血压综合征"
O2653,"孕晚期产妇低血压综合征"
O266,"妊娠期、分娩期和产褥期的肝脏和胆道疾病"
O2661,"妊娠期肝脏和胆道疾病"
O26611,"妊娠期、妊娠早期的肝脏和胆道疾病"
O26612,"妊娠期、孕中期的肝脏和胆道疾病"
O26613,"妊娠期、妊娠晚期的肝脏和胆道疾病"
O26619,"妊娠期肝脏和胆道疾病，未指明的妊娠期"
O2662,"分娩时肝脏和胆道疾病"
O2663,"产褥期的肝脏和胆道疾病"
O267,"妊娠、分娩和产褥期联合（耻骨）半脱位"
O2671,"妊娠期耻骨联合半脱位"
O26711,"妊娠期、妊娠早期联合（耻骨）半脱位"
O26712,"妊娠期、妊娠中期联合（耻骨）半脱位"
O26713,"妊娠期、妊娠晚期联合（耻骨）半脱位"
O26719,"妊娠期耻骨联合半脱位，妊娠期未定"
O2672,"分娩时联合（耻骨）半脱位"
O2673,"产褥期联合（耻骨）半脱位"
O268,"其他特定的怀孕相关情况"
O2681,"怀孕相关的疲惫和疲劳"
O26811,"妊娠早期与妊娠相关的疲惫和疲劳"
O26812,"妊娠中期妊娠相关疲惫和疲劳"
O26813,"妊娠晚期妊娠相关疲惫和疲劳"
O26819,"妊娠相关疲惫和疲劳，未指明的妊娠期"
O2682,"妊娠相关周围神经炎"
O26821,"妊娠相关周围神经炎，妊娠早期"
O26822,"妊娠相关周围神经炎，妊娠中期"
O26823,"妊娠相关周围神经炎，妊娠晚期"
O26829,"妊娠相关周围神经炎，未指定的妊娠期"
O2683,"妊娠相关肾病"
O26831,"妊娠相关肾病，妊娠早期"
O26832,"妊娠相关肾病，妊娠中期"
O26833,"妊娠相关肾病，妊娠晚期"
O26839,"妊娠相关肾病，未分明的妊娠期"
O2684,"子宫大小与日期的差异使妊娠复杂化"
O26841,"子宫大小\-日期差异，妊娠早期"
O26842,"子宫大小\-日期差异，孕中期"
O26843,"子宫大小\-日期差异，妊娠晚期"
O26849,"子宫大小\-日期差异，未指定妊娠期"
O2685,"发现使怀孕复杂化"
O26851,"发现妊娠并发症，妊娠早期"
O26852,"妊娠中期并发症的发现"
O26853,"妊娠晚期并发症的发现"
O26859,"发现妊娠并发症，未指明的妊娠期"
O2686,"妊娠期荨麻疹性丘疹和斑块 （PUPPP）"
O2687,"宫颈缩短"
O26872,"宫颈缩短，孕中期"
O26873,"宫颈缩短，妊娠晚期"
O26879,"宫颈缩短，未分明的妊娠期"
O2689,"其他特定的怀孕相关情况"
O26891,"其他指定的妊娠相关疾病，妊娠早期"
O26892,"其他指定的妊娠相关疾病，孕中期"
O26893,"其他指定的妊娠相关疾病，妊娠晚期"
O26899,"其他指定的怀孕相关情况，未指定的三个月"
O269,"妊娠相关疾病，未指明"
O2690,"妊娠相关疾病，未指定、未指定妊娠"
O2691,"妊娠相关疾病，未指定，妊娠早期"
O2692,"妊娠相关疾病，未指定，孕中期"
O2693,"妊娠相关疾病，未指定，妊娠晚期"
O28,"母亲产前筛查异常"
O280,"母亲产前筛查血液学异常"
O281,"母亲产前筛查生化异常"
O282,"母亲产前筛查细胞学发现异常"
O283,"母亲产前筛查超声检查结果异常"
O284,"母亲产前筛查的放射学检查结果异常"
O285,"母亲产前筛查染色体和遗传发现异常"
O288,"母亲产前筛查的其他异常发现"
O289,"母亲产前筛查的不明异常发现"
O29,"妊娠期麻醉并发症"
O290,"妊娠期麻醉的肺部并发症"
O2901,"妊娠期麻醉引起的吸入性肺炎"
O29011,"妊娠早期麻醉引起的吸入性肺炎"
O29012,"妊娠中期麻醉引起的吸入性肺炎"
O29013,"妊娠期、妊娠晚期麻醉引起的吸入性肺炎"
O29019,"妊娠期麻醉引起的吸入性肺炎，未指明的妊娠期"
O2902,"妊娠期麻醉引起的肺压迫性塌陷"
O29021,"妊娠期、妊娠早期麻醉导致肺压迫性塌陷"
O29022,"妊娠中期麻醉导致肺压力塌陷"
O29023,"妊娠期、妊娠晚期麻醉导致肺压迫性塌陷"
O29029,"妊娠期麻醉导致肺压迫性塌陷，未指明的妊娠期"
O2909,"妊娠期麻醉的其他肺部并发症"
O29091,"妊娠早期麻醉的其他肺部并发症"
O29092,"妊娠中期麻醉的其他肺部并发症"
O29093,"妊娠期、妊娠晚期麻醉的其他肺部并发症"
O29099,"妊娠期麻醉的其他肺部并发症，未指定的妊娠期"
O291,"妊娠期麻醉的心脏并发症"
O2911,"妊娠期麻醉引起的心脏骤停"
O29111,"怀孕前三个月因麻醉导致心脏骤停"
O29112,"怀孕期间、妊娠中期麻醉导致心脏骤停"
O29113,"怀孕期间、妊娠晚期麻醉导致心脏骤停"
O29119,"妊娠期麻醉导致心脏骤停，未指明的妊娠期"
O2912,"妊娠期麻醉引起的心力衰竭"
O29121,"怀孕期间、妊娠早期麻醉引起的心力衰竭"
O29122,"妊娠期、孕中期麻醉引起的心力衰竭"
O29123,"怀孕期间、妊娠晚期麻醉引起的心力衰竭"
O29129,"妊娠期麻醉引起的心力衰竭，未指定的妊娠期"
O2919,"妊娠期麻醉的其他心脏并发症"
O29191,"妊娠期、妊娠早期麻醉的其他心脏并发症"
O29192,"妊娠期、孕中期麻醉的其他心脏并发症"
O29193,"妊娠期、妊娠晚期麻醉的其他心脏并发症"
O29199,"妊娠期麻醉的其他心脏并发症，未指定的妊娠期"
O292,"妊娠期麻醉的中枢神经系统并发症"
O2921,"妊娠期麻醉引起的脑缺氧"
O29211,"妊娠期、孕早期麻醉引起的脑缺氧"
O29212,"妊娠中期麻醉引起的脑缺氧"
O29213,"妊娠期、妊娠晚期麻醉引起的脑缺氧"
O29219,"妊娠期麻醉引起的脑缺氧，未指定的妊娠期"
O2929,"妊娠期麻醉的其他中枢神经系统并发症"
O29291,"妊娠期、孕早期麻醉的其他中枢神经系统并发症"
O29292,"妊娠期、孕中期麻醉的其他中枢神经系统并发症"
O29293,"妊娠期、妊娠晚期麻醉的其他中枢神经系统并发症"
O29299,"妊娠期麻醉的其他中枢神经系统并发症，未指定的妊娠期"
O293,"妊娠期对局部麻醉的毒性反应"
O293X,"妊娠期对局部麻醉的毒性反应"
O293X1,"怀孕期间、孕早期对局部麻醉的毒性反应"
O293X2,"妊娠中期对局部麻醉的毒性反应"
O293X3,"怀孕、妊娠晚期对局部麻醉的毒性反应"
O293X9,"妊娠期对局部麻醉的毒性反应，未指定的妊娠期"
O294,"脊髓和硬膜外麻醉诱发的妊娠期头痛"
O2940,"脊髓和硬膜外麻醉诱发的妊娠期头痛，未指明的妊娠期"
O2941,"脊髓和硬膜外麻醉诱发妊娠期、孕早期头痛"
O2942,"脊髓和硬膜外麻醉诱发妊娠期、孕中期头痛"
O2943,"脊髓和硬膜外麻醉诱发妊娠期、妊娠晚期头痛"
O295,"妊娠期脊髓和硬膜外麻醉的其他并发症"
O295X,"妊娠期脊髓和硬膜外麻醉的其他并发症"
O295X1,"妊娠期、孕早期脊髓和硬膜外麻醉的其他并发症"
O295X2,"妊娠期、孕中期脊髓和硬膜外麻醉的其他并发症"
O295X3,"妊娠期、妊娠晚期脊髓和硬膜外麻醉的其他并发症"
O295X9,"妊娠期脊髓和硬膜外麻醉的其他并发症，未指定的妊娠期"
O296,"妊娠期麻醉插管失败或困难"
O2960,"妊娠期麻醉插管失败或困难，未指定妊娠期"
O2961,"怀孕、孕早期麻醉插管失败或困难"
O2962,"妊娠期、孕中期麻醉插管失败或困难"
O2963,"妊娠期、妊娠晚期麻醉插管失败或困难"
O298,"妊娠期麻醉的其他并发症"
O298X,"妊娠期麻醉的其他并发症"
O298X1,"妊娠期、妊娠早期麻醉的其他并发症"
O298X2,"妊娠期、孕中期麻醉的其他并发症"
O298X3,"妊娠期、妊娠晚期麻醉的其他并发症"
O298X9,"妊娠期麻醉的其他并发症，未指定的妊娠期"
O299,"妊娠期麻醉的不明并发症"
O2990,"怀孕期间未指定的麻醉并发症，未指定的三个月"
O2991,"怀孕期间、妊娠早期麻醉的不明并发症"
O2992,"妊娠期、孕中期麻醉的未特异性并发症"
O2993,"妊娠期、妊娠晚期麻醉的不明并发症"
O30,"多胎妊娠"
O300,"双胞胎妊娠"
O3000,"双胎妊娠，胎盘数量不明，羊膜囊数量不明"
O30001,"双胎妊娠，胎盘数量不详，羊膜囊数量不详，妊娠早期"
O30002,"双胎妊娠，胎盘数量不详，羊膜囊数量不详，孕中期"
O30003,"双胎妊娠，胎盘数量不详，羊膜囊数量不详，妊娠晚期"
O30009,"双胎妊娠，胎盘数量不详，羊膜囊数量不详，妊娠期不详"
O3001,"双胎妊娠，单绒毛膜/单羊膜妊娠"
O30011,"双胎妊娠，单绒毛膜/单羊膜妊娠，妊娠早期"
O30012,"双胎妊娠，单绒毛膜/单羊膜妊娠，妊娠中期"
O30013,"双胎妊娠，单绒毛膜/单羊膜，妊娠晚期"
O30019,"双胎妊娠、单绒毛膜/单羊膜、未指定妊娠"
O3002,"连体双胎妊娠"
O30021,"连体双胎妊娠，妊娠早期"
O30022,"连体双胎妊娠，孕中期"
O30023,"连体双胎妊娠，妊娠晚期"
O30029,"连体双胎妊娠，妊娠期未定"
O3003,"双胎妊娠，单毛粒管/双胎妊娠"
O30031,"双胎妊娠，单胎/双胎妊娠，妊娠早期"
O30032,"双胎妊娠，单胎妊娠/双胎妊娠，妊娠中期"
O30033,"双胎妊娠，单胎妊娠/双胎妊娠，妊娠晚期"
O30039,"双胎妊娠、单胎妊娠/双胎妊娠、未指定妊娠期"
O3004,"双胎妊娠，双绒毛膜/双绒毛膜"
O30041,"双胎妊娠，二绒毛膜/双绒膜妊娠，妊娠早期"
O30042,"双胎妊娠，二绒毛膜/二绒毛膜妊娠，孕中期"
O30043,"双胎妊娠，双绒毛膜/双绒膜妊娠，妊娠晚期"
O30049,"双胎妊娠，二绒毛膜/双绒膜妊娠，未分明的妊娠期"
O3009,"双胎妊娠，无法确定胎盘数量和羊膜囊数量"
O30091,"双胎妊娠，无法确定胎盘数量和羊膜囊数量，妊娠早期"
O30092,"双胎妊娠，无法确定胎盘数量和羊膜囊数量，妊娠中期"
O30093,"双胎妊娠，无法确定胎盘数量和羊膜囊数量，妊娠晚期"
O30099,"双胎妊娠，无法确定胎盘数量和羊膜囊数量，未指定妊娠期"
O301,"三胞胎妊娠"
O3010,"三胞胎妊娠、未指定数量的胎盘和未指定数量的羊膜囊"
O30101,"三胞胎妊娠，胎盘数量不详，羊膜囊数量不详，妊娠早期"
O30102,"三胞胎妊娠，胎盘数量不详，羊膜囊数量不详，孕中期"
O30103,"三胞胎妊娠，胎盘数量不详，羊膜囊数量不详，妊娠晚期"
O30109,"三胞胎妊娠，胎盘数量不详，羊膜囊数量不详，妊娠期不详"
O3011,"有两个或两个以上单绒毛膜胎儿的三胞胎妊娠"
O30111,"三胞胎妊娠，有两个或两个以上的单绒毛膜胎儿，妊娠早期"
O30112,"三胞胎妊娠，有两个或两个以上的单绒毛膜胎儿，妊娠中期"
O30113,"有两个或两个以上单绒毛膜胎儿的三胞胎妊娠，妊娠晚期"
O30119,"三胞胎妊娠，有两个或两个以上的单绒毛膜胎儿，妊娠期未定"
O3012,"三胞胎妊娠，有两个或两个以上的单羊膜胎儿"
O30121,"三胞胎妊娠，有两个或两个以上的单羊膜胎儿，妊娠早期"
O30122,"三胞胎妊娠，有两个或两个以上的单羊膜胎儿，妊娠中期"
O30123,"三胞胎妊娠，有两个或两个以上的单羊膜胎儿，妊娠晚期"
O30129,"三胞胎妊娠，有两个或两个以上的单羊膜胎儿，妊娠期未定"
O3013,"三胞胎妊娠，毛绒毛膜/羊膜炎"
O30131,"三胞胎妊娠、毛绒膜/羊膜三胞胎、妊娠早期"
O30132,"三胞胎妊娠、毛绒毛膜/羊膜三胞胎、孕中期"
O30133,"三胞胎妊娠、毛绒毛膜/羊膜三胞胎、妊娠晚期"
O30139,"三胞胎妊娠、毛绒毛膜/羊膜三胞胎、未分明的妊娠"
O3019,"三胞胎妊娠，无法确定胎盘数量和羊膜囊数量"
O30191,"三胞胎妊娠，无法确定胎盘数量和羊膜囊数量，妊娠早期"
O30192,"三胞胎妊娠，无法确定胎盘数量和羊膜囊数量，妊娠中期"
O30193,"三胞胎妊娠，无法确定胎盘数量和羊膜囊数量，妊娠晚期"
O30199,"三胞胎妊娠，无法确定胎盘数量和羊膜囊数量，未指定妊娠期"
O302,"四胞胎妊娠"
O3020,"四胞胎妊娠，胎盘数量不详，羊膜囊数量不详"
O30201,"四胞胎妊娠，胎盘数量不详，羊膜囊数量不详，妊娠早期"
O30202,"四胞胎妊娠，胎盘数量不详，羊膜囊数量不详，孕中期"
O30203,"四胞胎妊娠，胎盘数量不详，羊膜囊数量不详，妊娠晚期"
O30209,"四胞胎妊娠，胎盘数量不详，羊膜囊数量不详，妊娠期不详"
O3021,"有两个或两个以上单绒毛膜胎儿的四胞胎妊娠"
O30211,"有两个或两个以上单绒毛膜胎儿的四胞胎妊娠，妊娠早期"
O30212,"有两个或两个以上单绒毛膜胎儿的四胞胎妊娠，妊娠中期"
O30213,"有两个或两个以上单绒毛膜胎儿的四胞胎妊娠，妊娠晚期"
O30219,"四胞胎妊娠，有两个或两个以上的单绒毛膜胎儿，妊娠期未确定"
O3022,"有两个或两个以上单羊膜胎儿的四胞胎妊娠"
O30221,"四胞胎妊娠，有两个或两个以上的单羊膜胎儿，妊娠早期"
O30222,"有两个或两个以上单羊膜胎儿的四胞胎妊娠，妊娠中期"
O30223,"四胞胎妊娠，有两个或两个以上的单羊膜胎儿，妊娠晚期"
O30229,"四胞胎妊娠，有两个或两个以上的单羊膜胎儿，妊娠期未定"
O3023,"四胞胎妊娠，四胞胎/羊膜四胞胎"
O30231,"四胞胎妊娠，四胞胎/羊膜四胞胎，孕早期"
O30232,"四胞胎妊娠，四胞胎/羊膜四胞胎，孕中期"
O30233,"四胞胎妊娠，四胞胎/羊膜四胞胎，孕晚期"
O30239,"四胞胎妊娠、四胞胎/羊膜四胞胎、未指定的妊娠期"
O3029,"四胞胎妊娠，无法确定胎盘数量和羊膜囊数量"
O30291,"四胞胎，无法确定胎盘数量和羊膜囊数量，妊娠早期"
O30292,"四胞胎妊娠，无法确定胎盘数量和羊膜囊数量，妊娠中期"
O30293,"四胞胎，无法确定胎盘数量和羊膜囊数量，妊娠晚期"
O30299,"四胞胎妊娠，无法确定胎盘数量和羊膜囊数量，未指定妊娠期"
O308,"其他指定的多胎妊娠"
O3080,"其他指定多胎妊娠、未指定数量的胎盘和未指定数量的羊膜囊"
O30801,"其他指定的多胎妊娠，未指定的胎盘数量和未指定的羊水囊数量，妊娠早期"
O30802,"其他指定的多胎妊娠，未指定数量的胎盘和未指定的羊膜囊数量，妊娠中期"
O30803,"其他指定的多胎妊娠，未指定数量的胎盘和未指定的羊膜囊数量，妊娠晚期"
O30809,"其他指定的多胎妊娠，未指定数量的胎盘和未指定的羊膜囊数量，未指定的三个月"
O3081,"其他具有 2 个或多个单绒毛膜胎儿的指定多胎妊娠"
O30811,"其他指定的多胎妊娠，有两个或两个以上的单绒毛膜胎儿，妊娠早期"
O30812,"其他指定的多胎妊娠，有两个或两个以上的单绒毛膜胎儿，妊娠中期"
O30813,"其他指定的多胎妊娠，有两个或两个以上的单绒毛膜胎儿，妊娠晚期"
O30819,"其他指定的多胎妊娠，有两个或两个以上的单绒毛膜胎儿，未指定的三个月"
O3082,"其他指定的多胎妊娠，有两个或两个以上的单羊膜胎儿"
O30821,"其他指定的多胎妊娠，有两个或两个以上的单羊膜胎儿，妊娠早期"
O30822,"其他指定的多胎妊娠，有两个或两个以上的单羊膜胎儿，妊娠中期"
O30823,"其他指定的多胎妊娠，有两个或两个以上的单羊膜胎儿，妊娠晚期"
O30829,"其他指定的多胎妊娠，有两个或两个以上的单羊膜胎儿，未指定的妊娠期"
O3083,"其他指定的多胎妊娠，绒毛膜和羊膜的数量均等于胎儿的数量"
O30831,"其他指定的多胎妊娠、绒毛膜和羊膜的数量均等于胎儿的数量，妊娠早期"
O30832,"其他指定的多胎妊娠，绒毛膜和羊膜的数量均等于胎儿的数量，妊娠中期"
O30833,"其他指定的多胎妊娠，绒毛膜和羊膜的数量均等于胎儿的数量，妊娠晚期"
O30839,"其他指定的多胎妊娠，绒毛膜和羊膜的数量都等于胎儿的数量，未指定的三个月"
O3089,"其他指定的多胎妊娠，无法确定胎盘数量和羊膜囊数量"
O30891,"其他指定的多胎妊娠，无法确定胎盘数量和羊膜囊数量，妊娠早期"
O30892,"其他指定的多胎妊娠，无法确定胎盘数量和羊膜囊数量，妊娠中期"
O30893,"其他指定的多胎妊娠，无法确定胎盘数量和羊膜囊数量，妊娠晚期"
O30899,"其他指定的多胎妊娠，无法确定胎盘数量和羊膜囊数量，未指定的妊娠期"
O309,"多胎妊娠，未指定"
O3090,"多胎妊娠、未指定、未指定妊娠"
O3091,"多胎妊娠、未指定、妊娠早期"
O3092,"多胎妊娠、未指定、妊娠中期"
O3093,"多胎妊娠、未指定、妊娠晚期"
O31,"多胎妊娠特有的并发症"
O310,"纸状胎儿"
O3100,"乳白色胎儿，未分明的妊娠期"
O3100X0,"乳状胎儿，未指定妊娠期，不适用或未指定"
O3100X1,"纸状胎儿，未指定妊娠期，胎儿 1"
O3100X2,"纸状胎儿，未指定妊娠期，胎儿 2"
O3100X3,"纸状胎儿，未指定妊娠期，胎儿 3"
O3100X4,"纸状胎儿，未指定妊娠期，胎儿 4"
O3100X5,"癞白胎，未指定妊娠期，胎儿 5"
O3100X9,"灰白色胎儿、未分明的妊娠期、其他胎儿"
O3101,"乳状胎儿，妊娠早期"
O3101X0,"乳状胎儿，妊娠早期，不适用或未指定"
O3101X1,"纸状胎儿，孕早期，胎儿 1"
O3101X2,"纸状胎儿，孕早期，胎儿 2"
O3101X3,"纸状胎儿，孕早期，胎儿 3"
O3101X4,"癞纸胎儿，孕早期，胎儿 4"
O3101X5,"纸状胎儿，孕早期，胎儿 5"
O3101X9,"碾压胎儿、孕早期、其他胎儿"
O3102,"乳状胎儿，孕中期"
O3102X0,"纸状胎儿，孕中期，不适用或未指定"
O3102X1,"乳状胎儿，孕中期，胎儿 1"
O3102X2,"纸状胎儿，孕中期，胎儿 2"
O3102X3,"纸状胎儿，孕中期，胎儿 3"
O3102X4,"纸状胎儿，孕中期，胎儿 4"
O3102X5,"纸状胎儿，孕中期，胎儿 5"
O3102X9,"乳白色胎儿、孕中期、其他胎儿"
O3103,"乳白色胎儿，妊娠晚期"
O3103X0,"灰浆状胎儿，妊娠晚期，不适用或未指定"
O3103X1,"乳状胎儿，妊娠晚期，胎儿 1"
O3103X2,"乳状胎儿，妊娠晚期，胎儿 2"
O3103X3,"癸状胎儿，妊娠晚期，胎儿 3"
O3103X4,"纸状胎儿，妊娠晚期，胎儿 4"
O3103X5,"纸状胎儿，妊娠晚期，胎儿 5"
O3103X9,"灰烬状胎儿，妊娠晚期，其他胎儿"
O311,"一个或多个胎儿自然流产后继续妊娠"
O3110,"1 个或多个胎儿自然流产后继续妊娠，妊娠期不明"
O3110X0,"一个或多个胎儿自然流产后继续怀孕，未指定妊娠期，不适用或未指定"
O3110X1,"1 个或多个胎儿自然流产后继续妊娠，妊娠期不明，胎儿 1"
O3110X2,"1 个或多个胎儿自然流产后继续妊娠，妊娠期不明，胎儿 2"
O3110X3,"一个或多个胎儿自然流产后继续妊娠，未指定的妊娠期，胎儿 3"
O3110X4,"1 个或 1 个以上胎儿自然流产后继续妊娠，妊娠期不明，胎儿 4"
O3110X5,"1 个或多个胎儿自然流产后继续妊娠，妊娠期不明，胎儿 5"
O3110X9,"一个或多个胎儿自然流产后继续妊娠，妊娠期不明，其他胎儿"
O3111,"在妊娠早期自然流产 1 个或 1 个以上胎儿后继续妊娠"
O3111X0,"一个或多个胎儿自然流产后继续怀孕，妊娠早期，不适用或未指定"
O3111X1,"自然流产 1 个或多个胎儿后继续妊娠，妊娠早期，胎儿 1"
O3111X2,"1 个或多个胎儿自然流产后继续妊娠，妊娠早期，胎儿 2"
O3111X3,"自然流产 1 个或多个胎儿后继续妊娠，妊娠早期，胎儿 3"
O3111X4,"自然流产 1 个或多个胎儿后继续妊娠，妊娠早期，胎儿 4"
O3111X5,"自然流产 1 个或多个胎儿后继续妊娠，妊娠早期，胎儿 5"
O3111X9,"一个或多个胎儿自然流产后继续怀孕，妊娠早期，其他胎儿"
O3112,"1 个或 1 个以上胎儿自然流产后继续妊娠，妊娠中期"
O3112X0,"一个或多个胎儿自然流产后继续怀孕，妊娠中期，不适用或未指定"
O3112X1,"1 个或多个胎儿自然流产后继续妊娠，妊娠中期，胎儿 1"
O3112X2,"自然流产 1 个或多个胎儿后继续妊娠，妊娠中期，胎儿 2"
O3112X3,"一个或多个胎儿自然流产后继续妊娠，妊娠中期，胎儿 3"
O3112X4,"一个或多个胎儿自然流产后继续妊娠，妊娠中期，胎儿 4"
O3112X5,"1 个或多个胎儿自然流产后继续妊娠，妊娠中期，胎儿 5"
O3112X9,"一个或多个胎儿自然流产后继续妊娠、妊娠中期、其他胎儿"
O3113,"1 个或多个胎儿自然流产后继续妊娠，妊娠晚期"
O3113X0,"一个或多个胎儿自然流产后继续怀孕，妊娠晚期，不适用或未指定"
O3113X1,"1 个或多个胎儿自然流产后继续妊娠，妊娠晚期，胎儿 1"
O3113X2,"1 个或多个胎儿自然流产后继续妊娠，妊娠晚期，胎儿 2"
O3113X3,"一个或多个胎儿自然流产后继续妊娠，妊娠晚期，胎儿 3"
O3113X4,"1 个或多个胎儿自然流产后继续妊娠，妊娠晚期，胎儿 4"
O3113X5,"一个或多个胎儿自然流产后继续妊娠，妊娠晚期，胎儿 5"
O3113X9,"一个或多个胎儿自然流产后继续妊娠、妊娠晚期、其他胎儿"
O312,"1 个或多个胎儿宫内存血后继续妊娠"
O3120,"1 个或多个胎儿宫内存血后继续妊娠，妊娠期不明"
O3120X0,"在一个或多个胎儿宫内死亡后继续怀孕，未指定妊娠期，不适用或未指定"
O3120X1,"1 个或多个胎儿宫内存血后继续妊娠，妊娠不明，胎儿 1"
O3120X2,"1 个或多个胎儿宫内存死后继续妊娠，妊娠期不明，胎儿 2"
O3120X3,"1 个或多个胎儿宫内夭折后继续妊娠，妊娠期不明，胎儿 3"
O3120X4,"1 个或多个胎儿宫内存血后继续妊娠，妊娠期不明，胎儿 4"
O3120X5,"1 个或多个胎儿宫内存死后继续妊娠，妊娠期不明，胎儿 5"
O3120X9,"一个或多个胎儿宫内夭折后继续妊娠，未指明的妊娠期，其他胎儿"
O3121,"1 个或多个胎儿宫内存血后继续妊娠，妊娠早期"
O3121X0,"一个或多个胎儿宫内夭折后继续妊娠，妊娠早期，不适用或未指定"
O3121X1,"1 个或多个胎儿宫内夭折后继续妊娠，妊娠早期，胎儿 1"
O3121X2,"1 个或多个胎儿宫内夭折后继续妊娠，妊娠早期，胎儿 2"
O3121X3,"1 个或多个胎儿宫内夭折后继续妊娠，妊娠早期，胎儿 3"
O3121X4,"1 个或多个胎儿宫内夭折后继续妊娠，妊娠早期，胎儿 4"
O3121X5,"1 个或多个胎儿宫内夭折后继续妊娠，妊娠早期，胎儿 5"
O3121X9,"一个或多个胎儿宫内夭折后、妊娠早期、其他胎儿继续妊娠"
O3122,"1 个或多个胎儿宫内存血后，妊娠中期继续妊娠"
O3122X0,"一个或多个胎儿宫内夭折后继续妊娠，妊娠中期，不适用或未指明"
O3122X1,"1 个或以上胎儿宫内夭折后继续妊娠，妊娠中期，胎儿 1"
O3122X2,"1 个或以上胎儿宫内夭折后继续妊娠，妊娠中期，胎儿 2"
O3122X3,"1 个或以上胎儿宫内夭折后继续妊娠，妊娠中期，胎儿 3"
O3122X4,"1 个或以上胎儿宫内夭折后继续妊娠，妊娠中期，胎儿 4"
O3122X5,"1 个或以上胎儿宫内夭折后继续妊娠，妊娠中期，胎儿 5"
O3122X9,"一个或多个胎儿宫内夭折、妊娠中期、其他胎儿宫内夭折后继续妊娠"
O3123,"1 个或多个胎儿宫内存血后继续妊娠，妊娠晚期"
O3123X0,"一个或更多胎儿宫内死亡后继续怀孕，妊娠晚期，不适用或未指定"
O3123X1,"1 个或多个胎儿宫内死亡后继续妊娠，妊娠晚期，胎儿 1"
O3123X2,"1 个或以上胎儿宫内夭折后继续妊娠，妊娠晚期，胎儿 2"
O3123X3,"1 个或多个胎儿宫内夭折后继续妊娠，妊娠晚期，胎儿 3"
O3123X4,"1 个或以上胎儿宫内夭折后继续妊娠，妊娠晚期，胎儿 4"
O3123X5,"1 个或以上胎儿宫内夭折后继续妊娠，妊娠晚期，胎儿 5"
O3123X9,"一个或多个胎儿宫内夭折后继续妊娠、妊娠晚期、其他胎儿"
O313,"择期减胎 1 个或多个胎儿后继续妊娠"
O3130,"择期减胎 1 个或多个胎儿后继续妊娠，妊娠期未定"
O3130X0,"择期减胎 1 个或多个胎儿后继续妊娠，未指定妊娠期，不适用或未指定"
O3130X1,"择期减胎 1 个或多个胎儿后继续妊娠，妊娠期未定，胎儿 1"
O3130X2,"择期减胎 1 个或多个胎儿后继续妊娠，妊娠期未确定，胎儿 2"
O3130X3,"择期减胎 1 个或多个胎儿后继续妊娠，妊娠期未确定，胎儿 3"
O3130X4,"择期减胎 1 个或多个胎儿后继续妊娠，妊娠期未定，胎儿 4"
O3130X5,"择期减胎 1 个或多个胎儿后继续妊娠，妊娠期未定，胎儿 5"
O3130X9,"择期减胎 1 个或多个胎儿、未指定妊娠期、其他胎儿后继续妊娠"
O3131,"择期减胎 1 个或多个胎儿后继续妊娠，妊娠早期"
O3131X0,"择期减胎 1 个或多个胎儿后继续妊娠，妊娠早期，不适用或未指定"
O3131X1,"择期减胎 1 个或多个胎儿后继续妊娠，妊娠早期，胎儿 1"
O3131X2,"择期减胎 1 个或多个胎儿后继续妊娠，妊娠早期，胎儿 2"
O3131X3,"择期减胎 1 个或多个胎儿后继续妊娠，妊娠早期，胎儿 3"
O3131X4,"择期减胎 1 个或以上后继续妊娠，妊娠早期，胎儿 4"
O3131X5,"择期减胎 1 个或多个胎儿后继续妊娠，妊娠早期，胎儿 5"
O3131X9,"择期减胎 1 个或 1 个以上胎儿、妊娠早期、其他胎儿后继续妊娠"
O3132,"择期择期减胎 1 个或 1 个以上胎儿后继续妊娠，妊娠中期"
O3132X0,"择期减胎 1 个或多个胎儿后继续妊娠，妊娠中期，不适用或未指定"
O3132X1,"择期减胎 1 个或多个胎儿后继续妊娠，妊娠中期，胎儿 1"
O3132X2,"择期减胎 1 个或多个胎儿后继续妊娠，妊娠中期，胎儿 2"
O3132X3,"择期减胎 1 个或多个胎儿后继续妊娠，妊娠中期，胎儿 3"
O3132X4,"择期减胎 1 个或多个胎儿后继续妊娠，妊娠中期，胎儿 4"
O3132X5,"择期减胎 1 个或多个胎儿后继续妊娠，妊娠中期，胎儿 5"
O3132X9,"择期减胎 1 个或 2 个胎儿、妊娠中期、其他胎儿"
O3133,"择期减胎 1 个或 1 个以上胎儿后继续妊娠，妊娠晚期"
O3133X0,"择期减胎 1 个或多个胎儿后继续怀孕，妊娠晚期，不适用或未指定"
O3133X1,"择期减胎 1 个或多个胎儿后继续妊娠，妊娠晚期，胎儿 1"
O3133X2,"择期减胎 1 个或以上后继续妊娠，妊娠晚期，胎儿 2"
O3133X3,"择期减胎 1 个或以上后继续妊娠，妊娠晚期，胎儿 3"
O3133X4,"择期减胎 1 个或多个胎儿后继续妊娠，妊娠晚期，胎儿 4"
O3133X5,"择期减胎 1 个或多个胎儿后继续妊娠，妊娠晚期，胎儿 5"
O3133X9,"择期减胎 1 个或多个胎儿、妊娠晚期、其他胎儿"
O318,"多胎妊娠特有的其他并发症"
O318X,"多胎妊娠特有的其他并发症"
O318X1,"多胎妊娠、妊娠早期特有的其他并发症"
O318X10,"多胎妊娠、妊娠早期、不适用或未指定的其他并发症"
O318X11,"多胎妊娠、早孕、胎儿 1 特有的其他并发症"
O318X12,"多胎妊娠、早孕、胎儿 2 特有的其他并发症"
O318X13,"多胎妊娠、早孕、胎儿 3 特有的其他并发症"
O318X14,"多胎妊娠、早孕、胎儿 4 特异性的其他并发症"
O318X15,"多胎妊娠、早孕、胎儿 5 特异性的其他并发症"
O318X19,"多胎妊娠、早孕、其他胎儿特有的其他并发症"
O318X2,"多胎妊娠、孕中期特有的其他并发症"
O318X20,"多胎妊娠、孕中期、不适用或未指定的其他并发症"
O318X21,"多胎妊娠、孕中期、胎儿 1 特有的其他并发症"
O318X22,"多胎妊娠、孕中期、胎儿 2 的其他特异性并发症"
O318X23,"多胎妊娠、孕中期、胎儿 3 特有的其他并发症"
O318X24,"多胎妊娠、孕中期、胎儿 4 特异性的其他并发症"
O318X25,"多胎妊娠、孕中期、胎儿 5 特异性的其他并发症"
O318X29,"多胎妊娠、孕中期、其他胎儿特有的其他并发症"
O318X3,"多胎妊娠、妊娠晚期特有的其他并发症"
O318X30,"多胎妊娠、妊娠晚期、不适用或未指定的其他并发症"
O318X31,"多胎妊娠、妊娠晚期、胎儿 1 的其他特异性并发症"
O318X32,"多胎妊娠、妊娠晚期、胎儿 2 的其他特异性并发症"
O318X33,"多胎妊娠、妊娠晚期、胎儿 3 特有的其他并发症"
O318X34,"多胎妊娠、妊娠晚期、胎儿 4 特有的其他并发症"
O318X35,"多胎妊娠、妊娠晚期、胎儿 5 特有的其他并发症"
O318X39,"多胎妊娠、妊娠晚期、其他胎儿特有的其他并发症"
O318X9,"多胎妊娠、未指定妊娠的其他并发症"
O318X90,"多胎妊娠、未指定妊娠、不适用或未指定的其他并发症"
O318X91,"多胎妊娠、未指定妊娠、胎儿 1 的其他特异性并发症"
O318X92,"多胎妊娠、未指定妊娠、胎儿 2 的其他特异性并发症"
O318X93,"多胎妊娠、未指定妊娠、胎儿 3 特异性的其他并发症"
O318X94,"多胎妊娠、未指定妊娠、胎儿 4 特异性的其他并发症"
O318X95,"多胎妊娠、未指定妊娠、胎儿 5 的其他特异性并发症"
O318X99,"多胎妊娠、未指定妊娠、其他胎儿特有的其他并发症"
O32,"胎儿先露不良的孕产妇护理"
O320,"对不稳定谎言的母体护理"
O320XX0,"对不稳定谎言的产妇护理，不适用或未指定"
O320XX1,"不稳定谎言的母体护理，胎儿 1"
O320XX2,"不稳定谎言的母体护理，胎儿 2"
O320XX3,"不稳定谎言的母体护理，胎儿 3"
O320XX4,"不稳定谎言的母体护理，胎儿 4"
O320XX5,"产妇对不稳定谎言的护理，胎儿 5"
O320XX9,"不稳定谎言、其他胎儿的母体护理"
O321,"臀位的产妇护理"
O321XX0,"臀位的产妇护理，不适用或未指定"
O321XX1,"臀位的母体护理，胎儿 1"
O321XX2,"臀位、胎儿 2 的母体护理"
O321XX3,"臀位、胎儿 3 的产妇护理"
O321XX4,"臀位的产妇护理，胎儿 4"
O321XX5,"臀位、胎儿 5 的母体护理"
O321XX9,"臀位、其他胎儿的母体护理"
O322,"产妇对横卧位和斜卧位的护理"
O322XX0,"横卧位和斜位的孕产妇护理，不适用或未指定"
O322XX1,"横卧位和斜卧位的母体护理，胎儿 1"
O322XX2,"横卧位和斜卧位的母体护理，胎儿 2"
O322XX3,"横卧位和斜卧位的母体护理，胎儿 3"
O322XX4,"胎 4 的横卧位和斜卧位的母体护理"
O322XX5,"胎 5 的横卧位和斜卧位的母体护理"
O322XX9,"横卧位和斜卧位、其他胎儿的母体护理"
O323,"面部、眉毛和下巴外观的产妇护理"
O323XX0,"面部、眉毛和下巴外观的产妇护理，不适用或未指定"
O323XX1,"面部、眉毛和下巴外观、胎儿 1 的产妇护理"
O323XX2,"面部、眉毛和下巴外观、胎儿 2 的产妇护理"
O323XX3,"面部、眉毛和下巴外观、胎儿 3 的母体护理"
O323XX4,"面部、眉毛和下巴位、胎儿 4 的母体护理"
O323XX5,"面部、眉毛和下巴外观、胎儿 5 的产妇护理"
O323XX9,"面部、眉毛和下巴外观、其他胎儿的母体护理"
O324,"足月高头的产妇护理"
O324XX0,"足月高头的产妇护理，不适用或未指定"
O324XX1,"足月高头、胎儿 1 的产妇护理"
O324XX2,"足月高头、胎儿 2 的产妇护理"
O324XX3,"足月高头、胎儿 3 的产妇护理"
O324XX4,"足月高头、胎儿 4 的产妇护理"
O324XX5,"足月高头、胎儿 5 的产妇护理"
O324XX9,"足月高头、其他胎儿的母体护理"
O326,"复合呈递的母体护理"
O326XX0,"复合位的母体护理，不适用或未指定"
O326XX1,"复合先露的母体护理，胎儿 1"
O326XX2,"复合先露的母体护理，胎儿 2"
O326XX3,"复合先露的母体护理，胎儿 3"
O326XX4,"复合先露的母体护理，胎儿 4"
O326XX5,"复合先露的母体护理，胎儿 5"
O326XX9,"复合先露、其他胎儿的母体护理"
O328,"其他胎儿先露不良的母体护理"
O328XX0,"对胎儿其他不良的孕产妇护理，不适用或未指定"
O328XX1,"其他胎儿先露不良的母体护理，胎儿 1"
O328XX2,"其他胎儿先露不良的母体护理，胎儿 2"
O328XX3,"其他胎儿先露不良的母体护理，胎儿 3"
O328XX4,"其他胎儿先露不良的母体护理，胎儿 4"
O328XX5,"其他胎儿先露不良的产妇护理，胎儿 5"
O328XX9,"其他胎儿先露不良、其他胎儿的母体护理"
O329,"胎儿先露不良的孕产妇护理，未指定"
O329XX0,"胎儿先露不良的孕产妇护理，未指定、不适用或未指定"
O329XX1,"胎儿先露不良的母体护理，未指定，胎儿 1"
O329XX2,"胎儿先露不良的母体护理，未指定，胎儿 2"
O329XX3,"胎儿先露不良的母体护理，未指定，胎儿 3"
O329XX4,"胎儿先露不良的产妇护理，未指定，胎儿 4"
O329XX5,"胎儿先露不良的产妇护理，未指定，胎儿 5"
O329XX9,"胎儿先露不良、未指定、其他胎儿的孕产妇护理"
O33,"不成比例的孕产妇护理"
O330,"母体骨盆骨畸形导致不成比例的产妇护理"
O331,"因盆腔普遍收缩导致不称型的产妇护理"
O332,"骨盆入口收缩导致不称化的产妇护理"
O333,"骨盆出口收缩导致不成比例的产妇护理"
O333XX0,"因骨盆出口收缩导致不成比例的产妇护理，不适用或未指定"
O333XX1,"由于骨盆出口收缩导致不称化的产妇护理，胎儿 1"
O333XX2,"因骨盆出口收缩导致不孕不称的产妇护理，胎儿 2"
O333XX3,"骨盆出口收缩、胎儿 3 导致不成比例的产妇护理"
O333XX4,"骨盆出口收缩、胎儿 4 引起的不比例的产妇护理"
O333XX5,"骨盆出口收缩、胎儿 5 导致不称比例的产妇护理"
O333XX9,"因骨盆出口收缩、其他胎儿不成比例的产妇护理"
O334,"母胎混血不成比例的孕产妇保健"
O334XX0,"母胎混血比例不成比例的孕产妇护理，不适用或未指定"
O334XX1,"母胎混血不成比例的母体和胎儿血统的母体护理，胎儿 1"
O334XX2,"母胎混血不成比例的母体和胎儿血统的母体护理 2"
O334XX3,"母胎混血不比例的母体和胎儿 3 的母体护理"
O334XX4,"母胎混血不成比例的母体和胎儿的母体护理 4"
O334XX5,"母胎混血不比例的母体和胎儿 5 的母体护理"
O334XX9,"母胎混血不成比例、其他胎儿的母体护理"
O335,"因胎儿异常大导致不成比例的产妇护理"
O335XX0,"因胎儿异常大导致不成比例的产妇护理，不适用或未指定"
O335XX1,"由于胎儿异常大而导致的不成比例的产妇护理，胎儿 1"
O335XX2,"由于胎儿异常大导致不成比例的产妇护理，胎儿 2"
O335XX3,"因胎儿异常大、胎儿 3 而导致的不成比例的产妇护理"
O335XX4,"由于胎儿异常大而导致的不成比例的产妇护理，胎儿 4"
O335XX5,"因胎儿异常大、胎儿 5 导致不成比例的产妇护理"
O335XX9,"因胎儿异常大、其他胎儿而不成比例的母体护理"
O336,"脑积水胎儿不称型的孕产妇护理"
O336XX0,"脑积水胎儿不成比例的孕产妇护理，不适用或未指定"
O336XX1,"因脑积水导致不孕不育的产妇护理，胎儿 1"
O336XX2,"产妇对脑积水胎儿不称的护理，胎儿 2"
O336XX3,"产妇对脑积水胎儿不成比例的护理，胎儿 3"
O336XX4,"产妇对脑积水胎儿不成比例的护理，胎儿 4"
O336XX5,"产妇对脑积水胎儿不称症的护理，胎儿 5"
O336XX9,"脑积水胎儿、其他胎儿不称型的母体护理"
O337,"其他胎儿畸形导致不成比例的产妇护理"
O337XX0,"因其他胎儿畸形导致不成比例的产妇护理，不适用或未指定"
O337XX1,"因其他胎儿畸形导致不成比例的产妇护理，胎儿 1"
O337XX2,"其他胎儿畸形导致不成比例的产妇护理，胎儿 2"
O337XX3,"因其他胎儿畸形导致不成比例的产妇护理，胎儿 3"
O337XX4,"因其他胎儿畸形导致不成比例的产妇护理，胎儿 4"
O337XX5,"因其他胎儿畸形导致不成比例的产妇护理，胎儿 5"
O337XX9,"其他胎儿畸形导致不成比例的母体护理、其他胎儿"
O338,"其他来源不合比例的孕产妇护理"
O339,"不成比例的产妇护理，未指定"
O34,"盆腔器官异常的产妇护理"
O340,"先天性子宫畸形的孕产妇护理"
O3400,"未指明的先天性子宫畸形的孕产妇护理，未指明的妊娠期"
O3401,"孕早期未指明先天性子宫畸形的孕产妇护理"
O3402,"孕中期未指明先天性子宫畸形的孕产妇护理"
O3403,"孕晚期未指明先天性子宫畸形的孕产妇护理"
O341,"子宫体良性肿瘤的母体护理"
O3410,"子宫体良性肿瘤的孕产妇护理，未指定妊娠期"
O3411,"孕早期子宫体良性肿瘤的孕产妇护理"
O3412,"孕中期子宫体良性肿瘤的孕产妇护理"
O3413,"孕晚期子宫体良性肿瘤的孕产妇护理"
O342,"因既往手术造成的子宫疤痕引起的孕产妇护理"
O3421,"产妇对既往剖宫产疤痕的护理"
O34211,"既往剖宫产低横瘢痕的孕产妇护理"
O34212,"既往剖宫产垂直疤痕的孕产妇护理"
O34218,"既往剖宫产后其他类型疤痕的孕产妇护理"
O34219,"既往剖宫产未指定类型疤痕的孕产妇护理"
O3422,"剖宫产瘢痕缺陷（峡部风）的孕产妇护理"
O3429,"由于其他既往手术造成的子宫疤痕而导致的孕产妇护理"
O343,"宫颈机能不全的孕产妇保健"
O3430,"宫颈机能不全的孕产妇护理，未指明的妊娠期"
O3431,"孕早期宫颈机能不全的孕产妇保健"
O3432,"孕中期宫颈机能不全的孕产妇保健"
O3433,"孕晚期宫颈机能不全的孕产妇保健"
O344,"宫颈其他异常的孕产妇护理"
O3440,"孕产妇对宫颈其他异常的护理，未指定妊娠期"
O3441,"孕早期宫颈其他异常的孕产妇护理"
O3442,"孕中期宫颈其他异常的孕产妇护理"
O3443,"孕晚期宫颈其他异常的孕产妇护理"
O345,"孕产妇对妊娠子宫其他异常的护理"
O3451,"妊娠子宫嵌顿的孕产妇护理"
O34511,"妊娠子宫嵌顿的孕产妇护理，孕早期"
O34512,"妊娠中期妊娠子宫嵌顿的孕产妇护理"
O34513,"妊娠晚期子宫嵌顿的孕产妇护理"
O34519,"妊娠子宫嵌顿的孕产妇护理，未指定妊娠期"
O3452,"孕产妇对妊娠子宫脱垂的护理"
O34521,"妊娠早期妊娠子宫脱垂的孕产妇护理"
O34522,"孕中期妊娠子宫脱垂的孕产妇护理"
O34523,"孕晚期妊娠子宫脱垂的孕产妇护理"
O34529,"妊娠子宫脱垂的孕产妇护理，未指定妊娠期"
O3453,"妊娠子宫回转的产妇护理"
O34531,"妊娠早期妊娠子宫回转的孕产妇护理"
O34532,"妊娠中期妊娠子宫回转的孕产妇护理"
O34533,"妊娠晚期子宫回转的孕产妇护理"
O34539,"妊娠子宫回转的产妇护理，未指定妊娠期"
O3459,"孕产妇对妊娠子宫其他异常的护理"
O34591,"孕早期妊娠子宫其他异常的孕产妇护理"
O34592,"孕中期妊娠子宫其他异常的产妇护理"
O34593,"孕晚期妊娠子宫其他异常的产妇护理"
O34599,"妊娠子宫其他异常的产妇护理，未指定妊娠期"
O346,"阴道异常的产妇护理"
O3460,"阴道异常的产妇护理，未指定妊娠期"
O3461,"孕早期阴道异常的孕产妇护理"
O3462,"孕中期阴道异常的孕产妇护理"
O3463,"孕晚期阴道异常的孕产妇护理"
O347,"外阴和会阴异常的产妇护理"
O3470,"外阴和会阴异常的孕产妇护理，未指定妊娠期"
O3471,"孕早期外阴和会阴异常的孕产妇护理"
O3472,"孕中期外阴和会阴异常的孕产妇护理"
O3473,"孕晚期外阴和会阴异常的孕产妇护理"
O348,"盆腔器官其他异常的产妇护理"
O3480,"盆腔器官其他异常的产妇护理，未指定妊娠期"
O3481,"孕早期盆腔器官其他异常的产妇护理"
O3482,"孕中期盆腔器官其他异常的产妇护理"
O3483,"孕晚期盆腔器官其他异常的产妇护理"
O349,"盆腔器官异常的孕产妇护理，未指定"
O3490,"盆腔器官异常的孕产妇护理，未指定，未指定妊娠"
O3491,"盆腔器官异常的孕产妇护理，未指定，孕早期"
O3492,"盆腔器官异常的孕产妇护理，未指定，孕中期"
O3493,"盆腔器官异常的孕产妇护理，未指定，妊娠晚期"
O35,"孕产妇对已知或疑似胎儿异常和损伤的护理"
O350,"胎儿（疑似）中枢神经系统畸形的母体护理"
O3500,"孕产妇对胎儿（疑似）中枢神经系统畸形或损伤的护理，未指明"
O3500X0,"对（疑似）胎儿中枢神经系统畸形或损伤的孕产妇护理，未指定、不适用或未指定"
O3500X1,"胎儿（疑似）中枢神经系统畸形或损伤的孕产妇护理，未指定，胎儿 1"
O3500X2,"胎儿（疑似）中枢神经系统畸形或损伤的母体护理，未指定，胎儿 2"
O3500X3,"胎儿（疑似）中枢神经系统畸形或损伤的母体护理，未指定，胎儿 3"
O3500X4,"胎儿（疑似）中枢神经系统畸形或损伤的母体护理，未指定，胎儿 4"
O3500X5,"胎儿（疑似）中枢神经系统畸形或损伤的母体护理，未指定，胎儿 5"
O3500X9,"母体对（疑似）胎儿中枢神经系统畸形或损伤的护理，未指明，其他胎儿"
O3501,"母体对胎儿（疑似）中枢神经系统畸形或损伤、胼胝体发育不全的护理"
O3501X0,"孕产妇对（疑似）胎儿中枢神经系统畸形或损伤、胼胝体发育不全的护理，不适用或未指定"
O3501X1,"胎儿（疑似）中枢神经系统畸形或损伤的母体护理，胼胝体发育不全，胎儿 1"
O3501X2,"胎儿（疑似）中枢神经系统畸形或损伤、胼胝体发育不全、胎儿 2 的母体护理"
O3501X3,"胎儿（疑似）中枢神经系统畸形或损伤、胼胝体发育不全、胎儿 3 的母体护理"
O3501X4,"胎儿（疑似）中枢神经系统畸形或损伤的母体护理，胼胝体发育不全，胎儿 4"
O3501X5,"胎儿（疑似）中枢神经系统畸形或损伤的母体护理、胼胝体发育不全、胎儿 5"
O3501X9,"孕产妇对胎儿（疑似）中枢神经系统畸形或损伤、胼胝体发育不全、其他胎儿的护理"
O3502,"孕产妇对（疑似）胎儿中枢神经系统畸形或损伤、无脑畸形的护理"
O3502X0,"孕产妇对胎儿中枢神经系统畸形或损伤、无脑畸形、不适用或未指明的护理"
O3502X1,"胎儿（疑似）中枢神经系统畸形或损伤、无脑畸形、胎儿 1 的母体护理"
O3502X2,"胎儿（疑似）中枢神经系统畸形或损伤、无脑畸形、胎儿 2 的母体护理"
O3502X3,"胎儿（疑似）中枢神经系统畸形或损伤、无脑畸形、胎儿 3 的母体护理"
O3502X4,"胎儿（疑似）中枢神经系统畸形或损伤、无脑畸形、胎儿 4 的孕产妇护理"
O3502X5,"胎儿（疑似）中枢神经系统畸形或损伤、无脑畸形、胎儿 5 的孕产妇护理"
O3502X9,"对胎儿、无脑畸形、其他胎儿的（疑似）中枢神经系统畸形或损伤的母体护理"
O3503,"胎儿（疑似）中枢神经系统畸形或损伤、脉络丛囊肿的母体护理"
O3503X0,"胎儿（疑似）中枢神经系统畸形或损伤、脉络丛囊肿的孕产妇护理，不适用或未指定"
O3503X1,"胎儿（疑似）中枢神经系统畸形或损伤、脉络丛囊肿、胎儿 1 的母体护理"
O3503X2,"胎儿（疑似）中枢神经系统畸形或损伤、脉络丛囊肿、胎儿 2 的母体护理"
O3503X3,"胎儿（疑似）中枢神经系统畸形或损伤、脉络丛囊肿、胎儿 3 的母体护理"
O3503X4,"胎儿（疑似）中枢神经系统畸形或损伤、脉络丛囊肿、胎儿 4 的母体护理"
O3503X5,"胎儿（疑似）中枢神经系统畸形或损伤、脉络丛囊肿、胎儿 5 的母体护理"
O3503X9,"胎儿（疑似）中枢神经系统畸形或损伤、脉络丛囊肿、其他胎儿的母体护理"
O3504,"胎儿（疑似）中枢神经系统畸形或损伤、脑膨出的孕产妇护理"
O3504X0,"胎儿（疑似）中枢神经系统畸形或损伤的孕产妇护理，脑膨出，不适用或未指定"
O3504X1,"胎儿、脑膨出、胎儿 1 中枢神经系统畸形或损伤的母体护理"
O3504X2,"胎儿、脑膨出、胎儿 2 中枢神经系统畸形或损伤的母体护理"
O3504X3,"胎儿、脑膨出、胎儿 3 中枢神经系统畸形或损伤的母体护理"
O3504X4,"胎儿、脑膨出、胎儿 4 中枢神经系统畸形或损伤的母体护理"
O3504X5,"胎儿、脑膨出、胎儿 5 中枢神经系统畸形或损伤的母体护理"
O3504X9,"胎儿、脑膨出、其他胎儿（疑似）中枢神经系统畸形或损伤的母体护理"
O3505,"孕产妇对胎儿（疑似）中枢神经系统畸形或损伤、前脑无裂畸形的护理"
O3505X0,"孕产妇对胎儿（疑似）中枢神经系统畸形或损伤、前脑无裂畸形的护理，不适用或未指定"
O3505X1,"胎儿（疑似）中枢神经系统畸形或损伤、前脑无裂畸形、胎儿 1 的母体护理"
O3505X2,"胎儿（疑似）中枢神经系统畸形或损伤、前脑无裂畸形、胎儿 2 的母体护理"
O3505X3,"胎儿（疑似）中枢神经系统畸形或损伤、前脑无裂畸形、胎儿 3 的母体护理"
O3505X4,"胎儿（疑似）中枢神经系统畸形或损伤、前脑无裂畸形、胎儿 4 的母体护理"
O3505X5,"胎儿（疑似）中枢神经系统畸形或损伤、前脑无裂畸形、胎儿 5 的母体护理"
O3505X9,"胎儿（疑似）中枢神经系统畸形或损伤、前脑无裂畸形、其他胎儿的孕产妇护理"
O3506,"孕产妇对胎儿（疑似）中枢神经系统畸形或损伤、脑积水的护理"
O3506X0,"孕产妇对胎儿（疑似）中枢神经系统畸形或损伤、脑积水、不适用或未指明的护理"
O3506X1,"胎儿（疑似）中枢神经系统畸形或损伤、脑积水、胎儿 1 的孕产妇护理"
O3506X2,"胎儿（疑似）中枢神经系统畸形或损伤、脑积水、胎儿 2 的母体护理"
O3506X3,"胎儿（疑似）中枢神经系统畸形或损伤、脑积水、胎儿 3 的母体护理"
O3506X4,"胎儿（疑似）中枢神经系统畸形或损伤、脑积水、胎儿 4 的孕产妇护理"
O3506X5,"胎儿（疑似）中枢神经系统畸形或损伤、脑积水、胎儿 5 的孕产妇护理"
O3506X9,"胎儿（疑似）中枢神经系统畸形或损伤、脑积水、其他胎儿的母体护理"
O3507,"胎儿（疑似）中枢神经系统畸形或损伤、小头畸形的母体护理"
O3507X0,"胎儿（疑似）中枢神经系统畸形或损伤、小头畸形、不适用或未指定的孕产妇护理"
O3507X1,"胎儿（疑似）中枢神经系统畸形或损伤、小头畸形、胎儿 1 的孕产妇护理"
O3507X2,"胎儿、小头畸形、胎儿 2 中枢神经系统畸形或损伤的母体护理"
O3507X3,"胎儿（疑似）中枢神经系统畸形或损伤、小头畸形、胎儿 3 的母体护理"
O3507X4,"胎儿（疑似）中枢神经系统畸形或损伤、小头畸形、胎儿 4 的母体护理"
O3507X5,"胎儿（疑似）中枢神经系统畸形或损伤、小头畸形、胎儿 5 的孕产妇护理"
O3507X9,"胎儿、小头畸形、其他胎儿中枢神经系统畸形或损伤的（疑似）母体护理"
O3508,"孕产妇对胎儿（疑似）中枢神经系统畸形或损伤、脊柱裂的护理"
O3508X0,"（疑似）胎儿中枢神经系统畸形或损伤、脊柱裂的孕产妇护理，不适用或未指定"
O3508X1,"胎儿（疑似）中枢神经系统畸形或损伤、脊柱裂、胎儿 1 的孕产妇护理"
O3508X2,"胎儿（疑似）中枢神经系统畸形或损伤、脊柱裂、胎儿 2 的孕产妇护理"
O3508X3,"胎儿（疑似）中枢神经系统畸形或损伤、脊柱裂、胎儿 3 的孕产妇护理"
O3508X4,"胎儿（疑似）中枢神经系统畸形或损伤、脊柱裂、胎儿 4 的孕产妇护理"
O3508X5,"胎儿（疑似）中枢神经系统畸形或损伤、脊柱裂、胎儿 5 的母体护理"
O3508X9,"胎儿（疑似）中枢神经系统畸形或损伤、脊柱裂、其他胎儿的母体护理"
O3509,"孕产妇对（疑似）胎儿其他中枢神经系统畸形或损伤的护理"
O3509X0,"孕产妇对（疑似）胎儿其他中枢神经系统畸形或损伤的护理，不适用或未指定"
O3509X1,"胎儿（疑似）其他中枢神经系统畸形或损伤的孕产妇护理，胎儿 1"
O3509X2,"胎儿（疑似）其他中枢神经系统畸形或损伤的母体护理，胎儿 2"
O3509X3,"孕产妇对（疑似）胎儿其他中枢神经系统畸形或损伤的护理，胎儿 3"
O3509X4,"胎儿（疑似）其他中枢神经系统畸形或损伤的母体护理，胎儿 4"
O3509X5,"胎儿（疑似）其他中枢神经系统畸形或损伤的母体护理，胎儿 5"
O3509X9,"孕产妇对（疑似）胎儿、其他胎儿的其他中枢神经系统畸形或损伤的护理"
O350XX0,"胎儿（疑似）中枢神经系统畸形的母体护理，不适用或未指定"
O350XX1,"胎儿（疑似）中枢神经系统畸形的母体护理，胎儿 1"
O350XX2,"胎儿（疑似）中枢神经系统畸形的母体护理，胎儿 2"
O350XX3,"胎儿（疑似）中枢神经系统畸形的孕产妇护理，胎儿 3"
O350XX4,"胎儿（疑似）中枢神经系统畸形的母体护理，胎儿 4"
O350XX5,"胎儿（疑似）中枢神经系统畸形的孕产妇护理，胎儿 5"
O350XX9,"胎儿、其他胎儿（疑似）中枢神经系统畸形的母体护理"
O351,"胎儿（疑似）染色体异常的母体护理"
O3510,"胎儿（疑似）染色体异常的母体护理，未指定"
O3510X0,"胎儿（疑似）染色体异常的母体护理，未指定、不适用或未指定"
O3510X1,"胎儿（疑似）染色体异常的母体护理，未指定，胎儿 1"
O3510X2,"胎儿（疑似）染色体异常的母体护理，未指定，胎儿 2"
O3510X3,"胎儿（疑似）染色体异常的母体护理，未指定，胎儿 3"
O3510X4,"胎儿（疑似）染色体异常的母体护理，未指定，胎儿 4"
O3510X5,"胎儿（疑似）染色体异常的母体护理，未指定，胎儿 5"
O3510X9,"母体对胎儿（疑似）染色体异常的护理，未指定，其他胎儿"
O3511,"胎儿（疑似）染色体异常的母体护理，13 三体"
O3511X0,"孕产妇对胎儿（疑似）染色体异常的护理，13 三体，不适用或未指定"
O3511X1,"胎儿（疑似）染色体异常的母体护理，13 三体，胎儿 1"
O3511X2,"胎儿（疑似）染色体异常的母体护理，13 三体，胎儿 2"
O3511X3,"胎儿（疑似）染色体异常的母体护理，13 三体，胎儿 3"
O3511X4,"胎儿（疑似）染色体异常的母体护理，13 三体，胎儿 4"
O3511X5,"胎儿（疑似）染色体异常的母体护理，13 三体，胎儿 5"
O3511X9,"胎儿（疑似）染色体异常的母体护理、13 三体、其他胎儿"
O3512,"胎儿（疑似）染色体异常的母体护理，18 三体"
O3512X0,"胎儿（疑似）染色体异常的母体护理，18 三体，不适用或未指定"
O3512X1,"胎儿（疑似）染色体异常的母体护理，18 三体，胎儿 1"
O3512X2,"胎儿（疑似）染色体异常的母体护理，18 三体，胎儿 2"
O3512X3,"胎儿（疑似）染色体异常的母体护理，18 三体，胎儿 3"
O3512X4,"胎儿（疑似）染色体异常的母体护理，18 三体，胎儿 4"
O3512X5,"胎儿（疑似）染色体异常的母体护理，18 三体，胎儿 5"
O3512X9,"胎儿（疑似）染色体异常的母体护理、18 三体、其他胎儿"
O3513,"胎儿（疑似）染色体异常的母体护理，21 三体"
O3513X0,"胎儿（疑似）染色体异常的母体护理，21 三体，不适用或未指定"
O3513X1,"胎儿（疑似）染色体异常的母体护理，21 三体，胎儿 1"
O3513X2,"胎儿（疑似）染色体异常的母体护理，21 三体，胎儿 2"
O3513X3,"胎儿（疑似）染色体异常的母体护理，21 三体，胎儿 3"
O3513X4,"胎儿（疑似）染色体异常的母体护理，21 三体，胎儿 4"
O3513X5,"胎儿（疑似）染色体异常的母体护理，21 三体，胎儿 5"
O3513X9,"胎儿（疑似）染色体异常的母体护理、21 三体、其他胎儿"
O3514,"胎儿（疑似）染色体异常的母体护理，特纳综合征"
O3514X0,"胎儿（疑似）染色体异常的母体护理，特纳综合征，不适用或未指定"
O3514X1,"胎儿（疑似）染色体异常的母体护理，特纳综合征，胎儿 1"
O3514X2,"胎儿（疑似）染色体异常的母体护理，特纳综合征，胎儿 2"
O3514X3,"胎儿（疑似）染色体异常的母体护理，特纳综合征，胎儿 3"
O3514X4,"胎儿（疑似）染色体异常的母体护理，特纳综合征，胎儿 4"
O3514X5,"胎儿（疑似）染色体异常的母体护理，特纳综合征，胎儿 5"
O3514X9,"胎儿（疑似）染色体异常的母体护理、特纳综合征、其他胎儿"
O3515,"胎儿（疑似）染色体异常的母体护理、性染色体异常"
O3515X0,"胎儿（疑似）染色体异常的母体护理，性染色体异常，不适用或未指定"
O3515X1,"胎儿（疑似）染色体异常的母体护理， 性染色体异常， 胎儿 1"
O3515X2,"胎儿（疑似）染色体异常的母体护理、性染色体异常、胎儿 2"
O3515X3,"胎儿（疑似）染色体异常的母体护理， 性染色体异常， 胎儿 3"
O3515X4,"胎儿（疑似）染色体异常的母体护理， 性染色体异常， 胎儿 4"
O3515X5,"胎儿（疑似）染色体异常的母体护理、性染色体异常、胎儿 5"
O3515X9,"胎儿（疑似）染色体异常的母体护理、性染色体异常、其他胎儿"
O3519,"胎儿（疑似）染色体异常的母体护理，其他染色体异常"
O3519X0,"母体对胎儿（疑似）染色体异常的护理，其他染色体异常，不适用或未指定"
O3519X1,"胎儿（疑似）染色体异常的母体护理， 其他染色体异常， 胎儿 1"
O3519X2,"胎儿（疑似）染色体异常的母体护理， 其他染色体异常， 胎儿 2"
O3519X3,"胎儿（疑似）染色体异常的母体护理， 其他染色体异常， 胎儿 3"
O3519X4,"胎儿（疑似）染色体异常的母体护理、其他染色体异常、胎儿 4"
O3519X5,"胎儿（疑似）染色体异常的母体护理、其他染色体异常、胎儿 5"
O3519X9,"胎儿（疑似）染色体异常、其他染色体异常、其他胎儿的母体护理"
O351XX0,"胎儿（疑似）染色体异常的母体护理，不适用或未指定"
O351XX1,"胎儿 1 号胎儿（疑似）染色体异常的母体护理"
O351XX2,"胎儿（疑似）染色体异常的母体护理，胎儿 2"
O351XX3,"胎儿（疑似）染色体异常的母体护理，胎儿 3"
O351XX4,"胎儿（疑似）染色体异常的母体护理，胎儿 4"
O351XX5,"胎儿（疑似）染色体异常的母体护理，胎儿 5"
O351XX9,"母体对胎儿、其他胎儿染色体异常的护理"
O352,"胎儿（疑似）遗传性疾病的母体护理"
O352XX0,"胎儿（疑似）遗传性疾病的母体护理，不适用或未具体说明"
O352XX1,"胎儿（疑似）遗传性疾病的母体护理，胎儿 1"
O352XX2,"胎儿（疑似）遗传性疾病的孕产妇护理，胎儿 2"
O352XX3,"胎儿（疑似）遗传性疾病的母体护理，胎儿 3"
O352XX4,"胎儿（疑似）遗传性疾病的母体护理，胎儿 4"
O352XX5,"胎儿（疑似）遗传性疾病的母体护理，胎儿 5"
O352XX9,"胎儿、其他胎儿（疑似）遗传性疾病的母体护理"
O353,"母亲病毒性疾病对胎儿（疑似）损伤的母体护理"
O353XX0,"母亲病毒性疾病对胎儿（疑似）损伤的母体护理，不适用或未指明"
O353XX1,"母体对（疑似）胎儿病毒性疾病损伤的母体护理，胎儿 1"
O353XX2,"母体对母亲病毒性疾病对胎儿（疑似）损伤的母体护理，胎儿 2"
O353XX3,"母体对（疑似）母亲病毒性疾病对胎儿损伤的母体护理，胎儿 3"
O353XX4,"母体对母体病毒性疾病对胎儿（疑似）损伤的母体护理 4"
O353XX5,"母亲病毒性疾病对胎儿（疑似）损伤的母体护理，胎儿 5"
O353XX9,"母亲、其他胎儿病毒性疾病对胎儿（疑似）损伤的母体护理"
O354,"对（疑似）酒精对胎儿损害的孕产妇护理"
O354XX0,"对（疑似）酒精对胎儿造成损害的母体护理，不适用或未指明"
O354XX1,"酒精对胎儿（疑似）损害的产妇护理，胎儿 1"
O354XX2,"（疑似）酒精对胎儿造成损害的母体护理，胎儿 2"
O354XX3,"（疑似）酒精对胎儿损害的产妇护理，胎儿 3"
O354XX4,"酒精对胎儿（疑似）损害的孕产妇护理，胎儿 4"
O354XX5,"酒精对胎儿（疑似）损害的产妇护理，胎儿 5"
O354XX9,"对酒精、其他胎儿对（疑似）胎儿损害的孕产妇护理"
O355,"（疑似）药物对胎儿损伤的孕产妇护理"
O355XX0,"对（疑似）药物对胎儿造成损害的孕产妇护理，不适用或未指明"
O355XX1,"药物对胎儿（疑似）损伤的孕产妇护理，胎儿 1"
O355XX2,"（疑似）药物对胎儿损伤的孕产妇护理，胎儿 2"
O355XX3,"药物对胎儿（疑似）损伤的孕产妇护理，胎儿 3"
O355XX4,"药物对胎儿（疑似）损伤的孕产妇护理，胎儿 4"
O355XX5,"药物对胎儿（疑似）损伤的母体护理，胎儿 5"
O355XX9,"对（疑似）药物、其他胎儿对胎儿造成损害的母体护理"
O356,"（疑似）辐射对胎儿损伤的孕产妇护理"
O356XX0,"对（疑似）辐射对胎儿损伤的孕产妇护理，不适用或未指明"
O356XX1,"（疑似）辐射对胎儿损伤的孕产妇护理，胎儿 1"
O356XX2,"（疑似）辐射对胎儿损伤的孕产妇护理，胎儿 2"
O356XX3,"（疑似）辐射对胎儿损伤的孕产妇护理，胎儿 3"
O356XX4,"（疑似）辐射对胎儿损伤的产妇护理，胎儿 4"
O356XX5,"（疑似）辐射对胎儿损伤的孕产妇护理，胎儿 5"
O356XX9,"对（疑似）辐射对胎儿损伤的母体护理，其他胎儿"
O357,"对（疑似）其他医疗程序对胎儿造成的损害的孕产妇护理"
O357XX0,"对（疑似）其他医疗程序对胎儿造成损伤的孕产妇护理，不适用或未指明"
O357XX1,"孕产妇对其他医疗程序对胎儿（疑似）损伤的护理，胎儿 1"
O357XX2,"其他医疗程序对胎儿（疑似）损伤的孕产妇护理，胎儿 2"
O357XX3,"母体对（疑似）其他医疗程序对胎儿损伤的护理，胎儿 3"
O357XX4,"其他医疗程序对胎儿（疑似）损伤的孕产妇护理，胎儿 4"
O357XX5,"孕产妇对（疑似）其他医疗程序对胎儿造成的损伤的护理，胎儿 5"
O357XX9,"对其他医疗程序对胎儿造成（疑似）损伤的孕产妇护理，其他胎儿"
O358,"母体对其他（疑似）胎儿异常和损伤的护理"
O358XX0,"对其他（疑似）胎儿异常和损伤的母体护理，不适用或未指定"
O358XX1,"其他（疑似）胎儿异常和损伤的母体护理，胎儿 1"
O358XX2,"其他（疑似）胎儿异常和损伤的母体护理，胎儿 2"
O358XX3,"其他（疑似）胎儿异常和损伤的母体护理，胎儿 3"
O358XX4,"其他（疑似）胎儿异常和损伤的母体护理，胎儿 4"
O358XX5,"其他（疑似）胎儿异常和损伤的母体护理，胎儿 5"
O358XX9,"其他（疑似）胎儿异常和损伤的母体护理，其他胎儿"
O359,"对（疑似）胎儿异常和损伤的产妇护理，未指明"
O359XX0,"对（疑似）胎儿异常和损伤的孕产妇护理，未指明、不适用或未指明"
O359XX1,"（疑似）胎儿异常和损伤的母体护理，未指定，胎儿 1"
O359XX2,"（疑似）胎儿异常和损伤的母体护理，未指定，胎儿 2"
O359XX3,"（疑似）胎儿异常和损伤的母体护理，未指定，胎儿 3"
O359XX4,"（疑似）胎儿异常和损伤的母体护理，未指定，胎儿 4"
O359XX5,"（疑似）胎儿异常和损伤的母体护理，未指定，胎儿 5"
O359XX9,"对（疑似）胎儿异常和损伤、未指明、其他胎儿的母体护理"
O35A,"母体对其他（疑似）胎儿异常和损伤的护理，胎儿面部异常"
O35AXX0,"对其他（疑似）胎儿异常和损伤、胎儿面部异常的产妇护理，不适用或未指定"
O35AXX1,"其他（疑似）胎儿异常和损伤的母体护理， 胎儿面部异常， 胎儿 1"
O35AXX2,"其他（疑似）胎儿异常和损伤的母体护理、胎儿面部异常、胎儿 2"
O35AXX3,"母体对其他（疑似）胎儿异常和损伤的护理， 胎儿面部异常， 胎儿 3"
O35AXX4,"其他（疑似）胎儿异常和损伤的母体护理， 胎儿面部异常， 胎儿 4"
O35AXX5,"其他（疑似）胎儿异常和损伤的母体护理， 胎儿面部异常， 胎儿 5"
O35AXX9,"其他（疑似）胎儿异常和损伤的母体护理、胎儿面部异常、其他胎儿"
O35B,"母体对其他（疑似）胎儿异常和损伤的护理、胎儿心脏异常"
O35BXX0,"其他（疑似）胎儿异常和损伤、胎儿心脏异常的孕产妇护理，不适用或未指定"
O35BXX1,"其他（疑似）胎儿异常和损伤的母体护理，胎儿心脏异常，胎儿 1"
O35BXX2,"其他（疑似）胎儿异常和损伤的母体护理、胎儿心脏异常、胎儿 2"
O35BXX3,"其他（疑似）胎儿异常和损伤的母体护理， 胎儿心脏异常， 胎儿 3"
O35BXX4,"其他（疑似）胎儿异常和损伤的母体护理， 胎儿心脏异常， 胎儿 4"
O35BXX5,"其他（疑似）胎儿异常和损伤的母体护理， 胎儿心脏异常， 胎儿 5"
O35BXX9,"其他（疑似）胎儿异常和损伤的母体护理、胎儿心脏异常、其他胎儿"
O35C,"母体对其他（疑似）胎儿异常和损伤的护理、胎儿肺畸形"
O35CXX0,"对其他（疑似）胎儿异常和损伤、胎儿肺异常的产妇护理，不适用或未指定"
O35CXX1,"其他（疑似）胎儿异常和损伤的母体护理、胎儿肺异常、胎儿 1"
O35CXX2,"其他（疑似）胎儿异常和损伤的母体护理、胎儿肺异常、胎儿 2"
O35CXX3,"其他（疑似）胎儿异常和损伤的母体护理， 胎儿肺异常， 胎儿 3"
O35CXX4,"其他（疑似）胎儿异常和损伤的母体护理， 胎儿肺异常， 胎儿 4"
O35CXX5,"其他（疑似）胎儿异常和损伤的母体护理， 胎儿肺异常， 胎儿 5"
O35CXX9,"母体对其他（疑似）胎儿异常和损伤、胎儿肺异常、其他胎儿的护理"
O35D,"母体对其他（疑似）胎儿异常和损伤的护理，胎儿胃肠道异常"
O35DXX0,"对其他（疑似）胎儿异常和损伤、胎儿胃肠道异常的产妇护理，不适用或未指定"
O35DXX1,"其他（疑似）胎儿异常和损伤的母体护理、胎儿胃肠道异常、胎儿 1"
O35DXX2,"其他（疑似）胎儿异常和损伤的母体护理、胎儿胃肠道异常、胎儿 2"
O35DXX3,"其他（疑似）胎儿异常和损伤的母体护理， 胎儿胃肠道异常， 胎儿 3"
O35DXX4,"其他（疑似）胎儿异常和损伤的母体护理、胎儿胃肠道异常、胎儿 4"
O35DXX5,"其他（疑似）胎儿异常和损伤的母体护理， 胎儿胃肠道异常， 胎儿 5"
O35DXX9,"其他（疑似）胎儿异常和损伤的母体护理、胎儿胃肠道异常、其他胎儿"
O35E,"母体护理其他（疑似）胎儿异常和损伤、胎儿泌尿生殖系统异常"
O35EXX0,"其他（疑似）胎儿异常和损伤、胎儿泌尿生殖系统异常的孕产妇护理，不适用或未指定"
O35EXX1,"其他（疑似）胎儿异常和损伤的母体护理，胎儿泌尿生殖系统异常，胎儿 1"
O35EXX2,"其他（疑似）胎儿异常和损伤的母体护理、胎儿泌尿生殖系统异常、胎儿 2"
O35EXX3,"其他（疑似）胎儿异常和损伤的母体护理、胎儿泌尿生殖系统异常、胎儿 3"
O35EXX4,"其他（疑似）胎儿异常和损伤的母体护理、胎儿泌尿生殖系统异常、胎儿 4"
O35EXX5,"其他（疑似）胎儿异常和损伤的母体护理、胎儿泌尿生殖系统异常、胎儿 5"
O35EXX9,"其他（疑似）胎儿异常和损伤的母体护理、胎儿泌尿生殖系统异常、其他胎儿"
O35F,"母体对其他（疑似）胎儿异常和损伤的护理，胎儿躯干肌肉骨骼异常"
O35FXX0,"其他（疑似）胎儿异常和损伤的产妇护理，躯干胎儿肌肉骨骼异常，不适用或未指定"
O35FXX1,"其他（疑似）胎儿异常和损伤的母体护理，躯干胎儿肌肉骨骼异常，胎儿 1"
O35FXX2,"其他（疑似）胎儿异常和损伤的母体护理，躯干胎儿肌肉骨骼异常，胎儿 2"
O35FXX3,"其他（疑似）胎儿异常和损伤的母体护理，躯干胎儿肌肉骨骼异常，胎儿 3"
O35FXX4,"母体对其他（疑似）胎儿异常和损伤的护理，胎儿躯干肌肉骨骼异常，胎儿 4"
O35FXX5,"其他（疑似）胎儿异常和损伤的母体护理，躯干胎儿肌肉骨骼异常，胎儿 5"
O35FXX9,"母体对其他（疑似）胎儿异常和损伤的护理、胎儿躯干肌肉骨骼异常、其他胎儿"
O35G,"其他（疑似）胎儿异常和损伤的母体护理、胎儿上肢异常"
O35GXX0,"对其他（疑似）胎儿异常和损伤、胎儿上肢异常的产妇护理，不适用或未指定"
O35GXX1,"其他（疑似）胎儿异常和损伤的母体护理、胎儿上肢异常、胎儿 1"
O35GXX2,"其他（疑似）胎儿异常和损伤的母体护理、胎儿上肢异常、胎儿 2"
O35GXX3,"其他（疑似）胎儿异常和损伤的母体护理，胎儿上肢异常，胎儿 3"
O35GXX4,"其他（疑似）胎儿异常和损伤的母体护理，胎儿上肢异常，胎儿 4"
O35GXX5,"其他（疑似）胎儿异常和损伤的母体护理、胎儿上肢异常、胎儿 5"
O35GXX9,"母体对其他（疑似）胎儿异常和损伤的护理、胎儿上肢异常、其他胎儿"
O35H,"其他（疑似）胎儿异常和损伤的母体护理、胎儿下肢异常"
O35HXX0,"其他（疑似）胎儿异常和损伤、胎儿下肢异常的母体护理，不适用或未指定"
O35HXX1,"其他（疑似）胎儿异常和损伤的母体护理、胎儿下肢异常、胎儿 1"
O35HXX2,"其他（疑似）胎儿异常和损伤的母体护理，胎儿下肢异常，胎儿 2"
O35HXX3,"其他（疑似）胎儿异常和损伤的母体护理、胎儿下肢异常、胎儿 3"
O35HXX4,"其他（疑似）胎儿异常和损伤的母体护理，胎儿下肢异常，胎儿 4"
O35HXX5,"其他（疑似）胎儿异常和损伤的母体护理、胎儿下肢异常、胎儿 5"
O35HXX9,"其他（疑似）胎儿异常和损伤的母体护理、胎儿下肢异常、其他胎儿"
O36,"其他胎儿问题的母体护理"
O360,"恒河猴同种免疫的孕产妇保健"
O3601,"抗 D \[Rh\] 抗体的母体护理"
O36011,"孕早期孕早期抗 D \[Rh\] 抗体的孕产妇护理"
O360110,"孕早期抗 D \[Rh\] 抗体的孕产妇护理，不适用或未指定"
O360111,"孕产妇抗 D \[Rh\] 抗体的护理，妊娠早期，胎儿 1"
O360112,"孕产妇抗 D \[Rh\] 抗体的护理，妊娠早期，胎儿 2"
O360113,"孕产妇抗 D \[Rh\] 抗体的护理，妊娠早期，胎儿 3"
O360114,"孕产妇抗 D \[Rh\] 抗体的护理，妊娠早期，胎儿 4"
O360115,"孕产妇抗 D \[Rh\] 抗体的护理，妊娠早期，胎儿 5"
O360119,"孕产妇抗 D \[Rh\] 抗体的护理、妊娠早期、其他胎儿"
O36012,"孕中期孕产妇抗 D \[Rh\] 抗体的护理"
O360120,"孕中期孕产妇对抗 D \[Rh\] 抗体的护理，不适用或未指定"
O360121,"孕产妇抗 D \[Rh\] 抗体的护理，孕中期，胎儿 1"
O360122,"孕产妇抗 D \[Rh\] 抗体的护理，孕中期，胎儿 2"
O360123,"孕产妇抗 D \[Rh\] 抗体的护理，孕中期，胎儿 3"
O360124,"孕产妇抗 D \[Rh\] 抗体的护理，孕中期，胎儿 4"
O360125,"孕产妇抗 D \[Rh\] 抗体的护理，妊娠中期，胎儿 5"
O360129,"孕产妇抗 D \[Rh\] 抗体的护理、孕中期、其他胎儿"
O36013,"孕晚期抗 D \[Rh\] 抗体的孕产妇护理"
O360130,"孕产妇对抗 D \[Rh\] 抗体的护理，妊娠晚期，不适用或未指定"
O360131,"孕产妇抗 D \[Rh\] 抗体的护理，妊娠晚期，胎儿 1"
O360132,"孕产妇抗 D \[Rh\] 抗体的护理，妊娠晚期，胎儿 2"
O360133,"孕产妇抗 D \[Rh\] 抗体的护理，妊娠晚期，胎儿 3"
O360134,"孕产妇抗 D \[Rh\] 抗体的护理，妊娠晚期，胎儿 4"
O360135,"孕产妇抗 D \[Rh\] 抗体的护理，妊娠晚期，胎儿 5"
O360139,"孕产妇抗 D \[Rh\] 抗体的护理、妊娠晚期、其他胎儿"
O36019,"孕产妇对抗 D \[Rh\] 抗体的护理，未指定妊娠期"
O360190,"抗 D \[Rh\] 抗体的孕产妇护理，未指定的妊娠期，不适用或未指定的"
O360191,"孕产妇抗 D \[Rh\] 抗体的护理，未指定的妊娠，胎儿 1"
O360192,"孕产妇抗 D \[Rh\] 抗体的护理，未指定的妊娠，胎儿 2"
O360193,"孕产妇抗 D \[Rh\] 抗体的护理，未指定的妊娠，胎儿 3"
O360194,"孕产妇抗 D \[Rh\] 抗体的护理，未指定的妊娠，胎儿 4"
O360195,"孕产妇抗 D \[Rh\] 抗体的护理，未指定的妊娠，胎儿 5"
O360199,"孕产妇抗 D \[Rh\] 抗体、未指定妊娠、其他胎儿的护理"
O3609,"其他恒河猴同种免疫接种的孕产妇保健"
O36091,"孕早期其他恒河猴同种免疫的孕产妇保健"
O360910,"其他恒河猴同种免疫接种的孕产妇护理，孕早期，不适用或未指定"
O360911,"其他恒河猴同种免疫的母体护理，妊娠早期，胎儿 1"
O360912,"其他恒河猴同种免疫的母体护理，妊娠早期，胎儿 2"
O360913,"其他恒河猴同种免疫的母体护理，妊娠早期，胎儿 3"
O360914,"其他恒河猴同种免疫的母体护理，早孕，胎儿 4"
O360915,"其他恒河猴同种免疫的母体护理，早孕，胎儿 5"
O360919,"其他恒河猴同种免疫接种的母体护理、早孕、其他胎儿"
O36092,"孕中期其他 Rh 同种免疫接种的孕产妇保健"
O360920,"其他恒河猴同种免疫接种的孕产妇护理，孕中期，不适用或未指定"
O360921,"其他恒河猴同种免疫的母体保健，孕中期，胎儿 1"
O360922,"其他恒河猴同种免疫的母体护理，孕中期，胎儿 2"
O360923,"其他恒河猴同种免疫的母体护理，孕中期，胎儿 3"
O360924,"其他恒河猴同种免疫的母体护理，孕中期，胎儿 4"
O360925,"其他恒河猴同种免疫的孕产妇保健，孕中期，胎儿 5"
O360929,"其他恒河猴同种免疫接种的母体护理、孕中期、其他胎儿"
O36093,"孕晚期其他恒河猴同种免疫接种的孕产妇保健"
O360930,"其他恒河猴同种免疫的孕产妇护理，妊娠晚期，不适用或未指定"
O360931,"其他恒河猴同种免疫的母体护理，妊娠晚期，胎儿 1"
O360932,"其他恒河猴同种免疫的母体护理，妊娠晚期，胎儿 2"
O360933,"其他恒河猴同种免疫的母体护理，妊娠晚期，胎儿 3"
O360934,"其他恒河猴同种免疫的母体护理，妊娠晚期，胎儿 4"
O360935,"其他恒河猴同种免疫的母体护理，妊娠晚期，胎儿 5"
O360939,"其他恒河猴同种免疫的母体护理、妊娠晚期、其他胎儿"
O36099,"其他 Rh 同种免疫的孕产妇保健，未指定妊娠期"
O360990,"其他恒河猴同种免疫接种的孕产妇护理，未指定妊娠期，不适用或未指定"
O360991,"其他 Rh 同种免疫的母体护理，未指定妊娠期，胎儿 1"
O360992,"其他恒河猴同种免疫的母体护理，未指定的妊娠期，胎儿 2"
O360993,"其他恒河猴同种免疫的母体护理，未指定的妊娠期，胎儿 3"
O360994,"其他 Rh 同种免疫的母体护理，未指定妊娠期，胎儿 4"
O360995,"其他 Rh 同种免疫的母体护理，未指定妊娠，胎儿 5"
O360999,"其他 Rh 同种免疫接种、未指定妊娠、其他胎儿的母体护理"
O361,"其他同种免疫接种的孕产妇保健"
O3611,"抗 A 致敏的孕产妇护理"
O36111,"孕早期抗 A 致敏的孕产妇护理"
O361110,"抗 A 致敏的孕产妇护理，孕早期，不适用或未指定"
O361111,"抗 A 致敏的孕产妇护理，妊娠早期，胎儿 1"
O361112,"抗 A 致敏的孕产妇护理，妊娠早期，胎儿 2"
O361113,"抗 A 致敏的母体护理，孕早期，胎儿 3"
O361114,"抗 A 致敏的孕产妇护理，妊娠早期，胎儿 4"
O361115,"抗 A 致敏的母体护理，妊娠早期，胎儿 5"
O361119,"抗 A 致敏、孕早期、其他胎儿的母体护理"
O36112,"孕中期抗 A 致敏的孕产妇护理"
O361120,"抗 A 致敏的孕产妇护理，孕中期，不适用或未指定"
O361121,"抗 A 致敏的孕产妇护理，孕中期，胎儿 1"
O361122,"抗 A 致敏的孕产妇护理，孕中期，胎儿 2"
O361123,"抗 A 致敏的孕产妇护理，孕中期，胎儿 3"
O361124,"抗 A 致敏的孕产妇护理，妊娠中期，胎儿 4"
O361125,"抗 A 致敏的孕产妇护理，孕中期，胎儿 5"
O361129,"抗 A 致敏、孕中期、其他胎儿的母体护理"
O36113,"孕晚期抗 A 致敏的孕产妇护理"
O361130,"抗 A 致敏的孕产妇护理，妊娠晚期，不适用或未指定"
O361131,"抗 A 致敏的孕产妇护理，妊娠晚期，胎儿 1"
O361132,"抗 A 致敏的孕产妇护理，妊娠晚期，胎儿 2"
O361133,"抗 A 致敏的孕产妇护理，妊娠晚期，胎儿 3"
O361134,"抗 A 致敏的孕产妇护理，妊娠晚期，胎儿 4"
O361135,"抗 A 致敏、妊娠晚期、胎儿 5 的母体护理"
O361139,"抗 A 致敏、妊娠晚期、其他胎儿的母体护理"
O36119,"抗 A 致敏的孕产妇护理，未指定妊娠期"
O361190,"抗 A 致敏的孕产妇护理，未指定的妊娠期，不适用或未指定"
O361191,"抗 A 致敏的母体护理，未指定的妊娠期，胎儿 1"
O361192,"抗 A 致敏的母体护理，未指定的妊娠期，胎儿 2"
O361193,"抗 A 致敏的母体护理，未指定的妊娠期，胎儿 3"
O361194,"抗 A 致敏的母体护理，未指定的妊娠期，胎儿 4"
O361195,"抗 A 致敏的母体护理，未指定的妊娠期，胎儿 5"
O361199,"抗 A 致敏、未指定妊娠、其他胎儿的母体护理"
O3619,"其他同种免疫接种的孕产妇保健"
O36191,"孕早期其他同种免疫接种的孕产妇护理"
O361910,"其他同种免疫接种的孕产妇护理，孕早期，不适用或未指定"
O361911,"其他同种免疫的母体护理，妊娠早期，胎儿 1"
O361912,"其他同种免疫的母体护理，孕早期，胎儿 2"
O361913,"其他异种免疫的母体护理，妊娠早期，胎儿 3"
O361914,"其他异种免疫的母体护理，孕早期，胎儿 4"
O361915,"其他异免疫的母体护理，孕早期，胎儿 5"
O361919,"其他同种免疫的母体护理、孕早期、其他胎儿"
O36192,"孕中期其他异免疫接种的孕产妇护理"
O361920,"其他异种免疫接种的孕产妇护理，孕中期，不适用或未指定"
O361921,"其他同种免疫的母体护理，孕中期，胎儿 1"
O361922,"其他同种免疫的母体护理，孕中期，胎儿 2"
O361923,"其他异种免疫的母体护理，孕中期，胎儿 3"
O361924,"其他同种免疫的母体护理，孕中期，胎儿 4"
O361925,"其他异免疫的母体护理，孕中期，胎儿 5"
O361929,"其他异种免疫接种的母体护理、孕中期、其他胎儿"
O36193,"孕产妇其他异种免疫接种的护理，妊娠晚期"
O361930,"其他同种免疫接种的孕产妇护理，妊娠晚期，不适用或未指定"
O361931,"其他异种免疫的母体护理，妊娠晚期，胎儿 1"
O361932,"其他异种免疫的母体护理，妊娠晚期，胎儿 2"
O361933,"其他异种免疫的母体护理，妊娠晚期，胎儿 3"
O361934,"其他异免疫的母体护理，妊娠晚期，胎儿 4"
O361935,"其他异种免疫的母体护理，妊娠晚期，胎儿 5"
O361939,"其他异免疫接种的母体护理、孕晚期、其他胎儿"
O36199,"其他同种免疫接种的孕产妇护理，未指定妊娠期"
O361990,"其他同种免疫接种的孕产妇护理，未指定的妊娠期，不适用或未指定的"
O361991,"其他同种免疫的母体护理，未指定的妊娠期，胎儿 1"
O361992,"其他异种免疫的母体护理，未指定的妊娠期，胎儿 2"
O361993,"其他同种免疫的母体护理，未指定的妊娠期，胎儿 3"
O361994,"其他同种免疫的母体护理，未指定的妊娠期，胎儿 4"
O361995,"其他同种免疫的母体护理，未指定的妊娠期，胎儿 5"
O361999,"其他同种免疫接种的母体护理、未指定妊娠、其他胎儿"
O362,"胎儿水肿的孕产妇护理"
O3620,"胎儿水肿的孕产妇护理，未指明妊娠期"
O3620X0,"胎儿水肿的孕产妇护理，未指定妊娠期，不适用或未指定"
O3620X1,"胎儿水肿的母体护理，未指定妊娠，胎儿 1"
O3620X2,"胎儿水肿的孕产妇护理，未指明的妊娠期，胎儿 2"
O3620X3,"胎儿水肿的孕产妇护理，未指定妊娠，胎儿 3"
O3620X4,"胎儿水肿的孕产妇护理，未指定妊娠期，胎儿 4"
O3620X5,"胎儿水肿的孕产妇护理，未指定妊娠期，胎儿 5"
O3620X9,"胎儿水肿、未指定妊娠、其他胎儿的母体护理"
O3621,"胎儿水肿的孕产妇保健，孕早期"
O3621X0,"胎儿水肿的孕产妇护理，妊娠早期，不适用或未指定"
O3621X1,"胎儿水肿的孕产妇护理，妊娠早期，胎儿 1"
O3621X2,"胎儿水肿的孕产妇护理，妊娠早期，胎儿 2"
O3621X3,"胎儿水肿的孕产妇护理，妊娠早期，胎儿 3"
O3621X4,"胎儿水肿的母体护理，妊娠早期，胎儿 4"
O3621X5,"胎儿水肿的孕产妇护理，妊娠早期，胎儿 5"
O3621X9,"胎儿水肿、孕早期、其他胎儿的孕产妇护理"
O3622,"孕中期胎儿水肿的孕产妇保健"
O3622X0,"胎儿水肿的孕产妇护理，孕中期，不适用或未指定"
O3622X1,"胎儿水肿的孕产妇护理，孕中期，胎儿 1"
O3622X2,"胎儿水肿、孕中期、胎儿 2 的孕产妇护理"
O3622X3,"胎儿水肿、孕中期、胎儿 3 的孕产妇护理"
O3622X4,"胎儿水肿、孕中期、胎儿 4 的孕产妇护理"
O3622X5,"胎儿水肿、孕中期、胎儿 5 的孕产妇护理"
O3622X9,"胎儿水肿、孕中期、其他胎儿的母体护理"
O3623,"孕晚期胎儿水肿的孕产妇护理"
O3623X0,"胎儿水肿的孕产妇护理，妊娠晚期，不适用或未指定"
O3623X1,"胎儿水肿、妊娠晚期、胎儿 1 的孕产妇护理"
O3623X2,"胎儿水肿、妊娠晚期、胎儿 2 的孕产妇护理"
O3623X3,"胎儿水肿、妊娠晚期、胎儿 3 的孕产妇护理"
O3623X4,"胎儿水肿的孕产妇护理，妊娠晚期，胎儿 4"
O3623X5,"胎儿水肿、妊娠晚期、胎儿 5 的孕产妇护理"
O3623X9,"胎儿水肿、妊娠晚期、其他胎儿的孕产妇护理"
O364,"宫内死亡的孕产妇护理"
O364XX0,"宫内死亡的孕产妇护理，不适用或未具体说明"
O364XX1,"宫内死亡的孕产妇保健，胎儿 1"
O364XX2,"宫内死亡的孕产妇护理，胎儿 2"
O364XX3,"宫内死亡的孕产妇护理，胎儿 3"
O364XX4,"宫内死亡的孕产妇护理，胎儿 4"
O364XX5,"宫内死亡的孕产妇护理，胎儿 5"
O364XX9,"宫内死亡、其他胎儿的孕产妇护理"
O365,"对已知或疑似胎儿生长不良的孕产妇护理"
O3651,"已知或疑似胎盘功能不全的孕产妇护理"
O36511,"孕早期已知或疑似胎盘功能不全的孕产妇护理"
O365110,"已知或疑似胎盘功能不全的孕产妇护理，孕早期，不适用或未指定"
O365111,"已知或疑似胎盘功能不全的孕产妇护理，妊娠早期，胎儿 1"
O365112,"已知或疑似胎盘功能不全、孕早期、胎儿 2 的孕产妇护理"
O365113,"已知或疑似胎盘功能不全的孕产妇护理，妊娠早期，胎儿 3"
O365114,"已知或疑似胎盘功能不全、孕早期、胎儿 4 的孕产妇护理"
O365115,"已知或疑似胎盘功能不全的孕产妇护理，妊娠早期，胎儿 5"
O365119,"已知或疑似胎盘功能不全、妊娠早期、其他胎儿的孕产妇护理"
O36512,"孕中期已知或疑似胎盘功能不全的孕产妇护理"
O365120,"已知或疑似胎盘功能不全的孕产妇护理，孕中期，不适用或未指定"
O365121,"已知或疑似胎盘功能不全的孕产妇护理，孕中期，胎儿 1"
O365122,"已知或疑似胎盘功能不全、孕中期、胎儿 2 的孕产妇护理"
O365123,"已知或疑似胎盘功能不全、孕中期、胎儿 3 的孕产妇护理"
O365124,"已知或疑似胎盘功能不全、孕中期、胎儿 4 的孕产妇护理"
O365125,"已知或疑似胎盘功能不全的孕产妇护理，孕中期，胎儿 5"
O365129,"已知或疑似胎盘功能不全、孕中期、其他胎儿的孕产妇护理"
O36513,"孕晚期已知或疑似胎盘功能不全的孕产妇护理"
O365130,"已知或疑似胎盘功能不全的孕产妇护理，妊娠晚期，不适用或未指定"
O365131,"已知或疑似胎盘功能不全的孕产妇护理，妊娠晚期，胎儿 1"
O365132,"已知或疑似胎盘功能不全的孕产妇护理，妊娠晚期，胎儿 2"
O365133,"已知或疑似胎盘功能不全、妊娠晚期、胎儿 3 的孕产妇护理"
O365134,"已知或疑似胎盘功能不全、妊娠晚期、胎儿 4 的孕产妇护理"
O365135,"已知或疑似胎盘功能不全、妊娠晚期、胎儿 5 的孕产妇护理"
O365139,"已知或疑似胎盘功能不全、妊娠晚期、其他胎儿的孕产妇护理"
O36519,"已知或疑似胎盘功能不全的孕产妇护理，未指定妊娠期"
O365190,"已知或疑似胎盘功能不全、未指定妊娠、不适用或未指定的孕产妇护理"
O365191,"已知或疑似胎盘功能不全、未指定妊娠、胎儿 1 的孕产妇护理"
O365192,"已知或疑似胎盘功能不全、未指定妊娠、胎儿 2 的孕产妇护理"
O365193,"已知或疑似胎盘功能不全、未指定妊娠、胎儿 3 的孕产妇护理"
O365194,"已知或疑似胎盘功能不全、未指定妊娠、胎儿 4 的孕产妇护理"
O365195,"已知或疑似胎盘功能不全、未指定妊娠、胎儿 5 的孕产妇护理"
O365199,"已知或疑似胎盘功能不全、未指定妊娠、其他胎儿的孕产妇护理"
O3659,"对其他已知或疑似胎儿生长不良的母体护理"
O36591,"孕早期其他已知或疑似胎儿生长不良的孕产妇护理"
O365910,"孕早期其他已知或疑似胎儿生长不良的孕产妇护理，不适用或未指定"
O365911,"其他已知或疑似胎儿生长不良、妊娠早期、胎儿 1 的母体护理"
O365912,"其他已知或疑似胎儿生长不良、妊娠早期、胎儿 2 的母体护理"
O365913,"其他已知或疑似胎儿生长不良、妊娠早期、胎儿 3 的母体护理"
O365914,"其他已知或疑似胎儿生长不良、妊娠早期、胎儿 4 的孕产妇护理"
O365915,"其他已知或疑似胎儿生长不良、妊娠早期、胎儿 5 的母体护理"
O365919,"对其他已知或疑似胎儿生长不良、妊娠早期、其他胎儿的母体护理"
O36592,"孕中期其他已知或疑似胎儿生长不良的孕产妇护理"
O365920,"孕中期对其他已知或疑似胎儿生长不良的孕产妇护理，不适用或未指定"
O365921,"其他已知或疑似胎儿生长不良、孕中期、胎儿 1 的孕产妇护理"
O365922,"其他已知或疑似胎儿生长不良、孕中期、胎儿 2 的母体护理"
O365923,"其他已知或疑似胎儿生长不良、孕中期、胎儿 3 的母体护理"
O365924,"其他已知或疑似胎儿生长不良、孕中期、胎儿 4 的母体护理"
O365925,"其他已知或疑似胎儿生长不良、孕中期、胎儿 5 的孕产妇护理"
O365929,"对其他已知或疑似胎儿生长不良、孕中期、其他胎儿的母体护理"
O36593,"孕晚期对其他已知或疑似胎儿生长不良的母体护理"
O365930,"其他已知或疑似胎儿生长不良、妊娠晚期的孕产妇护理，不适用或未指定"
O365931,"其他已知或疑似胎儿生长不良、妊娠晚期、胎儿 1 的母体护理"
O365932,"其他已知或疑似胎儿生长不良、妊娠晚期、胎儿 2 的母体护理"
O365933,"其他已知或疑似胎儿生长不良、妊娠晚期、胎儿 3 的母体护理"
O365934,"其他已知或疑似胎儿生长不良、妊娠晚期、胎儿 4 的孕产妇护理"
O365935,"其他已知或疑似胎儿生长不良、妊娠晚期、胎儿 5 的母体护理"
O365939,"对其他已知或疑似胎儿生长不良、妊娠晚期、其他胎儿的母体护理"
O36599,"对其他已知或疑似胎儿生长不良、未指定妊娠期的产妇护理"
O365990,"对其他已知或疑似胎儿生长不良、未指定妊娠、不适用或未指定的孕产妇护理"
O365991,"其他已知或疑似胎儿生长不良、未指定妊娠、胎儿 1 的母体护理"
O365992,"其他已知或疑似胎儿生长不良、未指定妊娠、胎儿 2 的母体护理"
O365993,"其他已知或疑似胎儿生长不良、未指定妊娠、胎儿 3 的母体护理"
O365994,"其他已知或疑似胎儿生长不良、未指定妊娠、胎儿 4 的母体护理"
O365995,"其他已知或疑似胎儿生长不良、未指定妊娠、胎儿 5 的母体护理"
O365999,"对其他已知或疑似胎儿生长不良、未指定妊娠、其他胎儿的母体护理"
O366,"胎儿过度生长的母体护理"
O3660,"胎儿过度生长的母体护理，未指定妊娠期"
O3660X0,"胎儿过度生长的产妇护理，未指定的妊娠期，不适用或未指定的"
O3660X1,"胎儿过度生长的母体护理，未指定的妊娠期，胎儿 1"
O3660X2,"胎儿过度生长的母体护理，未指定的妊娠期，胎儿 2"
O3660X3,"胎儿过度生长的母体护理，未指定的妊娠期，胎儿 3"
O3660X4,"胎儿过度生长的母体护理，未指定的妊娠期，胎儿 4"
O3660X5,"胎儿过度生长的母体护理，未指定的妊娠期，胎儿 5"
O3660X9,"胎儿过度生长的母体护理、未指定的妊娠、其他胎儿"
O3661,"孕早期胎儿过度生长的孕产妇护理"
O3661X0,"孕早期胎儿过度生长的母体护理，不适用或未指定"
O3661X1,"胎儿过度生长的母体护理，妊娠早期，胎儿 1"
O3661X2,"胎儿过度生长的母体护理，妊娠早期，胎儿 2"
O3661X3,"胎儿过度生长的母体护理，妊娠早期，胎儿 3"
O3661X4,"胎儿过度生长的母体护理，妊娠早期，胎儿 4"
O3661X5,"胎儿过度生长的母体护理，妊娠早期，胎儿 5"
O3661X9,"胎儿过度生长、妊娠早期、其他胎儿的母体护理"
O3662,"孕中期胎儿过度生长的孕产妇护理"
O3662X0,"孕中期胎儿过度生长的产妇护理，不适用或未指定"
O3662X1,"胎儿过度生长的母体护理，妊娠中期，胎儿 1"
O3662X2,"胎儿过度生长的母体护理，孕中期，胎儿 2"
O3662X3,"胎儿过度生长的母体护理，孕中期，胎儿 3"
O3662X4,"胎儿过度生长的母体护理， 孕中期， 胎儿 4"
O3662X5,"胎儿过度生长的母体护理，孕中期，胎儿 5"
O3662X9,"胎儿过度生长的母体护理、孕中期、其他胎儿"
O3663,"孕晚期胎儿过度生长的母体护理"
O3663X0,"孕晚期胎儿过度生长的孕产妇护理，不适用或未指定"
O3663X1,"胎儿过度生长的母体护理，妊娠晚期，胎儿 1"
O3663X2,"胎儿过度生长的母体护理，妊娠晚期，胎儿 2"
O3663X3,"胎儿过度生长的母体护理， 妊娠晚期， 胎儿 3"
O3663X4,"胎儿过度生长的母体护理，妊娠晚期，胎儿 4"
O3663X5,"胎儿过度生长的母体护理，妊娠晚期，胎儿 5"
O3663X9,"胎儿过度生长的母体护理、妊娠晚期、其他胎儿"
O367,"腹部妊娠中存活胎儿的母体护理"
O3670,"腹部妊娠（未指定妊娠期）中存活胎儿的母体护理"
O3670X0,"腹部妊娠、未指定妊娠期、不适用或未指定时对存活胎儿的母体护理"
O3670X1,"腹部妊娠、未指定妊娠、胎儿 1 中存活胎儿的母体护理"
O3670X2,"腹部妊娠、未指定妊娠、胎儿 2 岁时存活胎儿的母体护理"
O3670X3,"腹部妊娠、未指定妊娠、胎儿 3 岁时存活胎儿的母体护理"
O3670X4,"腹部妊娠、未指定妊娠、胎儿 4 中存活胎儿的母体护理"
O3670X5,"腹部妊娠、未指定妊娠、胎儿 5 岁时存活胎儿的母体护理"
O3670X9,"腹部妊娠、未指定妊娠、其他胎儿对存活胎儿的母体护理"
O3671,"腹部妊娠、孕早期存活胎儿的母体护理"
O3671X0,"腹部妊娠、孕早期存活胎儿的母体护理，不适用或未指定"
O3671X1,"腹部妊娠、孕早期、胎儿 1 中存活胎儿的母体护理"
O3671X2,"腹部妊娠、孕早期、胎儿 2 中存活胎儿的母体护理"
O3671X3,"腹部妊娠、孕早期、胎儿 3 中存活胎儿的母体护理"
O3671X4,"腹部妊娠、孕早期、胎儿 4 中存活胎儿的母体护理"
O3671X5,"腹部妊娠、孕早期、胎儿 5 中存活胎儿的母体护理"
O3671X9,"腹部妊娠、孕早期、其他胎儿中存活胎儿的母体护理"
O3672,"腹部妊娠、孕中期存活胎儿的孕产妇保健"
O3672X0,"腹部妊娠、孕中期存活胎儿的母体护理，不适用或未指定"
O3672X1,"腹部妊娠、孕中期、胎儿 1 中存活胎儿的母体护理"
O3672X2,"腹部妊娠、孕中期、胎儿 2 中存活胎儿的母体护理"
O3672X3,"腹部妊娠、孕中期、胎儿 3 中存活胎儿的母体护理"
O3672X4,"腹部妊娠、孕中期、胎儿 4 中存活胎儿的母体护理"
O3672X5,"腹部妊娠、孕中期、胎儿 5 中存活胎儿的母体护理"
O3672X9,"腹部妊娠、孕中期、其他胎儿对存活胎儿的母体护理"
O3673,"腹部妊娠、妊娠晚期存活胎儿的母体护理"
O3673X0,"腹部妊娠、妊娠晚期存活胎儿的母体护理，不适用或未指定"
O3673X1,"腹部妊娠、妊娠晚期、胎儿 1 中存活胎儿的母体护理"
O3673X2,"腹部妊娠、妊娠晚期、胎儿 2 中存活胎儿的母体护理"
O3673X3,"腹部妊娠、妊娠晚期、胎儿 3 中存活胎儿的母体护理"
O3673X4,"腹部妊娠、妊娠晚期、胎儿 4 中存活胎儿的母体护理"
O3673X5,"腹部妊娠、妊娠晚期、胎儿 5 中存活胎儿的母体护理"
O3673X9,"腹部妊娠、妊娠晚期、其他胎儿对存活胎儿的母体护理"
O368,"针对其他特定胎儿问题的母体护理"
O3680,"胎儿存活率不确定的妊娠"
O3680X0,"胎儿存活率不确定、不适用或未指定"
O3680X1,"胎儿存活率不确定的妊娠，胎儿 1"
O3680X2,"胎儿存活率不确定的妊娠，胎儿 2"
O3680X3,"胎儿存活率不确定的妊娠，胎儿 3"
O3680X4,"胎儿存活率不确定的妊娠，胎儿 4"
O3680X5,"胎儿存活率不确定的妊娠，胎儿 5"
O3680X9,"胎儿存活率不确定的妊娠，其他胎儿"
O3681,"胎动减少"
O36812,"胎动减少，孕中期"
O368120,"胎动减少，妊娠中期，不适用或未指定"
O368121,"胎动减少，孕中期，胎儿 1"
O368122,"胎动减少，孕中期，胎儿 2"
O368123,"胎动减少，孕中期，胎儿 3"
O368124,"胎动减少，孕中期，胎儿 4"
O368125,"胎动减少，孕中期，胎儿 5"
O368129,"胎动减少、孕中期、其他胎儿"
O36813,"胎动减少，妊娠晚期"
O368130,"胎动减少，妊娠晚期，不适用或未指定"
O368131,"胎动减少，妊娠晚期，胎儿 1"
O368132,"胎动减少，妊娠晚期，胎儿 2"
O368133,"胎动减少，妊娠晚期，胎儿 3"
O368134,"胎动减少，妊娠晚期，胎儿 4"
O368135,"胎动减少，妊娠晚期，胎儿 5"
O368139,"胎动减少、妊娠晚期、其他胎儿"
O36819,"胎动减少，未指明的妊娠期"
O368190,"胎动减少、未指定妊娠期、不适用或未指定"
O368191,"胎动减少，未指明的妊娠期，胎儿 1"
O368192,"胎动减少、未指明的妊娠期、胎儿 2"
O368193,"胎动减少、未指明的妊娠期、胎儿 3"
O368194,"胎动减少，未指定妊娠期，胎儿 4"
O368195,"胎动减少、未指定的妊娠期、胎儿 5"
O368199,"胎动减少、未指明的妊娠期、其他胎儿"
O3682,"胎儿贫血和血小板减少症"
O36821,"胎儿贫血和血小板减少症，妊娠早期"
O368210,"胎儿贫血和血小板减少症，妊娠早期，不适用或未指定"
O368211,"胎儿贫血和血小板减少症，妊娠早期，胎儿 1"
O368212,"胎儿贫血和血小板减少症，妊娠早期，胎儿 2"
O368213,"胎儿贫血和血小板减少症，妊娠早期，胎儿 3"
O368214,"胎儿贫血和血小板减少症，早孕，胎儿 4"
O368215,"胎儿贫血和血小板减少症，妊娠早期，胎儿 5"
O368219,"胎儿贫血和血小板减少症、妊娠早期、其他胎儿"
O36822,"胎儿贫血和血小板减少症，妊娠中期"
O368220,"胎儿贫血和血小板减少症，妊娠中期，不适用或未指定"
O368221,"胎儿贫血和血小板减少症，妊娠中期，胎儿 1"
O368222,"胎儿贫血和血小板减少症，妊娠中期，胎儿 2"
O368223,"胎儿贫血和血小板减少症，妊娠中期，胎儿 3"
O368224,"胎儿贫血和血小板减少症，妊娠中期，胎儿 4"
O368225,"胎儿贫血和血小板减少症，妊娠中期，胎儿 5"
O368229,"胎儿贫血和血小板减少症，妊娠中期，其他胎儿"
O36823,"胎儿贫血和血小板减少症，妊娠晚期"
O368230,"胎儿贫血和血小板减少症，妊娠晚期，不适用或未指定"
O368231,"胎儿贫血和血小板减少症，妊娠晚期，胎儿 1"
O368232,"胎儿贫血和血小板减少症，妊娠晚期，胎儿 2"
O368233,"胎儿贫血和血小板减少症，妊娠晚期，胎儿 3"
O368234,"胎儿贫血和血小板减少症，妊娠晚期，胎儿 4"
O368235,"胎儿贫血和血小板减少症，妊娠晚期，胎儿 5"
O368239,"胎儿贫血和血小板减少症，妊娠晚期，其他胎儿"
O36829,"胎儿贫血和血小板减少症，未指定的妊娠期"
O368290,"胎儿贫血和血小板减少症，未指定的三个月，不适用或未指定"
O368291,"胎儿贫血和血小板减少症，未指定的妊娠，胎儿 1"
O368292,"胎儿贫血和血小板减少症，未指定的妊娠，胎儿 2"
O368293,"胎儿贫血和血小板减少症，未指定的妊娠，胎儿 3"
O368294,"胎儿贫血和血小板减少症，未指定的妊娠，胎儿 4"
O368295,"胎儿贫血和血小板减少症，未指定的妊娠期，胎儿 5"
O368299,"胎儿贫血和血小板减少症、未分明的妊娠期、其他胎儿"
O3683,"胎心率或心律异常的母体护理"
O36831,"孕早期胎心率或心律异常的产妇护理"
O368310,"孕早期胎心率或节律异常的产妇护理，不适用或未指定"
O368311,"胎心率或心律异常的产妇护理，妊娠早期，胎儿 1"
O368312,"胎心率或心律异常的产妇护理，妊娠早期，胎儿 2"
O368313,"胎心率或节律异常的产妇护理，妊娠早期，胎儿 3"
O368314,"胎心率或节律异常的产妇护理，妊娠早期，胎儿 4"
O368315,"胎心率或节律异常的产妇护理，妊娠早期，胎儿 5"
O368319,"胎心率或心律异常、妊娠早期、其他胎儿的母体护理"
O36832,"孕中期胎心率或心律异常的产妇护理"
O368320,"孕中期胎心率或节律异常的孕产妇护理，不适用或未指定"
O368321,"胎心率或节律异常的产妇护理，孕中期，胎儿 1"
O368322,"胎心率或心律异常的产妇护理，孕中期，胎儿 2"
O368323,"胎心率或节律异常的产妇护理，孕中期，胎儿 3"
O368324,"胎心率或心律异常的产妇护理，孕中期，胎儿 4"
O368325,"胎心率或心律异常的产妇护理，孕中期，胎儿 5"
O368329,"胎心率或节律异常、孕中期、其他胎儿的母体护理"
O36833,"孕晚期胎心率或节律异常的产妇护理"
O368330,"孕晚期胎心率或节律异常的孕产妇护理，不适用或未指定"
O368331,"胎心率或心律异常的产妇护理，妊娠晚期，胎儿 1"
O368332,"胎心率或心律异常的产妇护理，妊娠晚期，胎儿 2"
O368333,"胎心率或节律异常的产妇护理，妊娠晚期，胎儿 3"
O368334,"胎心率或节律异常的产妇护理，妊娠晚期，胎儿 4"
O368335,"胎心率或节律异常的产妇护理，妊娠晚期，胎儿 5"
O368339,"胎心率或节律异常、妊娠晚期、其他胎儿的母体护理"
O36839,"胎儿心率或心律异常的产妇护理，未指定妊娠期"
O368390,"胎心率或节律异常的产妇护理，未指定的三个月，不适用或未指定的"
O368391,"胎心率或心律异常的产妇护理，未指定的妊娠期，胎儿 1"
O368392,"胎心率或节律异常、未指定妊娠、胎儿 2 的母体护理"
O368393,"胎心率或心律异常的产妇护理，未指定的妊娠期，胎儿 3"
O368394,"胎心率或心律异常的产妇护理，未指定的妊娠期，胎儿 4"
O368395,"胎心率或节律异常、未指定妊娠、胎儿 5 的母体护理"
O368399,"胎心率或心律异常、未指定妊娠、其他胎儿的母体护理"
O3689,"针对其他特定胎儿问题的母体护理"
O36891,"孕早期其他特定胎儿问题的孕产妇护理"
O368910,"孕早期其他特定胎儿问题的产妇护理，不适用或未指定"
O368911,"其他特定胎儿问题的母体护理，妊娠早期，胎儿 1"
O368912,"其他特定胎儿问题的母体护理，妊娠早期，胎儿 2"
O368913,"其他特定胎儿问题的母体护理，妊娠早期，胎儿 3"
O368914,"其他特定胎儿问题的母体护理，孕早期，胎儿 4"
O368915,"其他特定胎儿问题的产妇护理，妊娠早期，胎儿 5"
O368919,"其他特定胎儿问题的母体护理、妊娠早期、其他胎儿"
O36892,"孕中期其他特定胎儿问题的孕产妇护理"
O368920,"孕中期其他特定胎儿问题的产妇护理，不适用或未指定"
O368921,"其他特定胎儿问题的产妇护理，孕中期，胎儿 1"
O368922,"其他特定胎儿问题的母体护理，孕中期，胎儿 2"
O368923,"其他特定胎儿问题的母体护理，孕中期，胎儿 3"
O368924,"其他特定胎儿问题的母体护理，孕中期，胎儿 4"
O368925,"其他特定胎儿问题的产妇护理，孕中期，胎儿 5"
O368929,"其他特定胎儿问题的母体护理、孕中期、其他胎儿"
O36893,"孕晚期其他特定胎儿问题的母体护理"
O368930,"孕晚期其他特定胎儿问题的产妇护理，不适用或未指定"
O368931,"其他特定胎儿问题的母体护理，妊娠晚期，胎儿 1"
O368932,"其他特定胎儿问题的母体护理，妊娠晚期，胎儿 2"
O368933,"其他特定胎儿问题的母体护理，妊娠晚期，胎儿 3"
O368934,"其他特定胎儿问题的母体护理，妊娠晚期，胎儿 4"
O368935,"其他特定胎儿问题的母体护理，妊娠晚期，胎儿 5"
O368939,"其他特定胎儿问题的母体护理、妊娠晚期、其他胎儿"
O36899,"其他特定胎儿问题的产妇护理，未指定的妊娠期"
O368990,"针对其他特定胎儿问题的产妇护理、未指定的妊娠期、不适用或未指定的"
O368991,"其他特定胎儿问题的母体护理，未指定的妊娠期，胎儿 1"
O368992,"其他特定胎儿问题的母体护理，未指定的妊娠期，胎儿 2"
O368993,"其他特定胎儿问题的母体护理，未指定的妊娠期，胎儿 3"
O368994,"其他特定胎儿问题的母体护理，未指定的妊娠期，胎儿 4"
O368995,"其他特定胎儿问题的母体护理，未指定的妊娠期，胎儿 5"
O368999,"其他特定胎儿问题的母体护理、未指定的妊娠、其他胎儿"
O369,"胎儿问题的产妇护理，未指定"
O3690,"胎儿问题的孕产妇护理，未指定，未指定妊娠期"
O3690X0,"胎儿问题的产妇护理，未指定，未指定妊娠期，不适用或未指定"
O3690X1,"胎儿问题的母体护理，未指定，未指定妊娠，胎儿 1"
O3690X2,"胎儿问题的母体护理，未指定，未指定妊娠，胎儿 2"
O3690X3,"胎儿问题的母体护理，未指定，未指定妊娠，胎儿 3"
O3690X4,"胎儿问题的母体护理，未指定，未指定妊娠，胎儿 4"
O3690X5,"胎儿问题的母体护理，未指定，未指定妊娠，胎儿 5"
O3690X9,"胎儿问题的母体护理、未指定、未指定妊娠、其他胎儿"
O3691,"胎儿问题的产妇护理，未指明，孕早期"
O3691X0,"胎儿问题的产妇护理，未指定，孕早期，不适用或未指定"
O3691X1,"胎儿问题的母体护理，未指定，早孕，胎儿 1"
O3691X2,"胎儿问题的母体护理，未指定，妊娠早期，胎儿 2"
O3691X3,"胎儿问题的母体护理，未指定，妊娠早期，胎儿 3"
O3691X4,"胎儿问题的母体护理，未指定，早孕，胎儿 4"
O3691X5,"胎儿问题的母体护理，未指定，妊娠早期，胎儿 5"
O3691X9,"胎儿问题的母体护理，未指明，孕早期，其他胎儿"
O3692,"胎儿问题的产妇护理，未指定，孕中期"
O3692X0,"胎儿问题的产妇护理，未指定，孕中期，不适用或未指定"
O3692X1,"胎儿问题的母体护理，未指定，孕中期，胎儿 1"
O3692X2,"胎儿问题的母体护理，未指定，孕中期，胎儿 2"
O3692X3,"胎儿问题的母体护理，未指定，孕中期，胎儿 3"
O3692X4,"胎儿问题的母体护理，未指定，孕中期，胎儿 4"
O3692X5,"胎儿问题的母体护理，未指定，孕中期，胎儿 5"
O3692X9,"胎儿问题的母体护理，未指明，孕中期，其他胎儿"
O3693,"胎儿问题的孕产妇护理，未指明，妊娠晚期"
O3693X0,"胎儿问题的产妇护理，未指定，妊娠晚期，不适用或未指定"
O3693X1,"胎儿问题的母体护理，未指定，妊娠晚期，胎儿 1"
O3693X2,"胎儿问题的母体护理，未指定，妊娠晚期，胎儿 2"
O3693X3,"胎儿问题的产妇护理，未指定，妊娠晚期，胎儿 3"
O3693X4,"胎儿问题的产妇护理，未指定，妊娠晚期，胎儿 4"
O3693X5,"胎儿问题的产妇护理，未指定，妊娠晚期，胎儿 5"
O3693X9,"胎儿问题的母体护理，未指定，妊娠晚期，其他胎儿"
O40,"羊水过多"
O401,"羊水过多，孕早期"
O401XX0,"羊水过多，孕早期，不适用或未指定"
O401XX1,"羊水过多，孕早期，胎儿 1"
O401XX2,"羊水过多，孕早期，胎儿 2"
O401XX3,"羊水过多，孕早期，胎儿 3"
O401XX4,"羊水过多，孕早期，胎儿 4"
O401XX5,"羊水过多，孕早期，胎儿 5"
O401XX9,"羊水过多，孕早期，其他胎儿"
O402,"羊水过多，孕中期"
O402XX0,"羊水过多，孕中期，不适用或未指定"
O402XX1,"羊水过多，孕中期，胎儿 1"
O402XX2,"羊水过多，孕中期，胎儿 2"
O402XX3,"羊水过多，孕中期，胎儿 3"
O402XX4,"羊水过多，孕中期，胎儿 4"
O402XX5,"羊水过多，孕中期，胎儿 5"
O402XX9,"羊水过多、孕中期、其他胎儿"
O403,"羊水过多，孕晚期"
O403XX0,"羊水过多，妊娠晚期，不适用或未指定"
O403XX1,"羊水过多，妊娠晚期，胎儿 1"
O403XX2,"羊水过多，妊娠晚期，胎儿 2"
O403XX3,"羊水过多，妊娠晚期，胎儿 3"
O403XX4,"羊水过多，妊娠晚期，胎儿 4"
O403XX5,"羊水过多，妊娠晚期，胎儿 5"
O403XX9,"羊水过多，妊娠晚期，其他胎儿"
O409,"羊水过多，未指明的妊娠期"
O409XX0,"羊水过多，未指定的妊娠期，不适用或未指定"
O409XX1,"羊水过多，未指定妊娠期，胎儿 1"
O409XX2,"羊水过多，未指定妊娠期，胎儿 2"
O409XX3,"羊水过多，未指明的妊娠期，胎儿 3"
O409XX4,"羊水过多，未指明的妊娠期，胎儿 4"
O409XX5,"羊水过多，未指定妊娠期，胎儿 5"
O409XX9,"羊水过多、未指明的妊娠期、其他胎儿"
O41,"羊水和羊膜的其他疾病"
O410,"羊水 过少"
O4100,"羊水过少，未指明的妊娠期"
O4100X0,"羊水过少，未指定的妊娠期，不适用或未指定"
O4100X1,"羊水过少，未指定妊娠期，胎儿 1"
O4100X2,"羊水过少，未指定妊娠期，胎儿 2"
O4100X3,"羊水过少，未指定妊娠期，胎儿 3"
O4100X4,"羊水过少，未指明的妊娠期，胎儿 4"
O4100X5,"羊水过少，未指定的妊娠期，胎儿 5"
O4100X9,"羊水过少、未指明的妊娠期、其他胎儿"
O4101,"羊水过少，孕早期"
O4101X0,"羊水过少，妊娠早期，不适用或未指定"
O4101X1,"羊水过少，妊娠早期，胎儿 1"
O4101X2,"羊水过少，孕早期，胎儿 2"
O4101X3,"羊水过少，孕早期，胎儿 3"
O4101X4,"羊水过少，孕早期，胎儿 4"
O4101X5,"羊水过少，孕早期，胎儿 5"
O4101X9,"羊水过少、早孕、其他胎儿"
O4102,"羊水过少，孕中期"
O4102X0,"羊水过少，妊娠中期，不适用或未指定"
O4102X1,"羊水过少，孕中期，胎儿 1"
O4102X2,"羊水过少，孕中期，胎儿 2"
O4102X3,"羊水过少，孕中期，胎儿 3"
O4102X4,"羊水过少，孕中期，胎儿 4"
O4102X5,"羊水过少，孕中期，胎儿 5"
O4102X9,"羊水过少、孕中期、其他胎儿"
O4103,"羊水过少，妊娠晚期"
O4103X0,"羊水过少，妊娠晚期，不适用或未指定"
O4103X1,"羊水过少，妊娠晚期，胎儿 1"
O4103X2,"羊水过少，妊娠晚期，胎儿 2"
O4103X3,"羊水过少，妊娠晚期，胎儿 3"
O4103X4,"羊水过少，妊娠晚期，胎儿 4"
O4103X5,"羊水过少，妊娠晚期，胎儿 5"
O4103X9,"羊水过少、妊娠晚期、其他胎儿"
O411,"羊膜囊和羊膜感染"
O4110,"羊膜囊和羊膜感染，未指定"
O41101,"羊膜和羊膜感染，未指明，妊娠早期"
O411010,"羊膜囊和羊膜感染，未指定，妊娠早期，不适用或未指定"
O411011,"羊膜囊和羊膜感染，未指定，妊娠早期，胎儿 1"
O411012,"羊膜囊和羊膜感染，未指定，妊娠早期，胎儿 2"
O411013,"羊膜囊和羊膜感染，未指定，妊娠早期，胎儿 3"
O411014,"羊膜囊和羊膜感染，未指定，妊娠早期，胎儿 4"
O411015,"羊膜囊和羊膜感染，未指定，妊娠早期，胎儿 5"
O411019,"羊膜和羊膜感染，未明确，妊娠早期，其他胎儿"
O41102,"羊膜囊和羊膜感染，未指定，妊娠中期"
O411020,"羊膜囊和羊膜感染，未指定，妊娠中期，不适用或未指定"
O411021,"羊膜囊和羊膜感染，未指定，妊娠中期，胎儿 1"
O411022,"羊膜囊和膜感染，未指定，妊娠中期，胎儿 2"
O411023,"羊膜囊和羊膜感染，未指定，妊娠中期，胎儿 3"
O411024,"羊膜和羊膜感染，未指定，孕中期，胎儿 4"
O411025,"羊膜和羊膜感染，未指定，妊娠中期，胎儿 5"
O411029,"羊膜和羊膜感染，未指定，孕中期，其他胎儿"
O41103,"羊膜和羊膜感染，未指定，妊娠晚期"
O411030,"羊膜囊和羊膜感染，未指定，妊娠晚期，不适用或未指定"
O411031,"羊膜和羊膜感染，未指定，妊娠晚期，胎儿 1"
O411032,"羊膜囊和羊膜感染，未指定，妊娠晚期，胎儿 2"
O411033,"羊膜囊和膜感染，未指定，妊娠晚期，胎儿 3"
O411034,"羊膜囊和膜感染，未指定，妊娠晚期，胎儿 4"
O411035,"羊膜囊和羊膜感染，未指定，妊娠晚期，胎儿 5"
O411039,"羊膜和羊膜感染，未指明，妊娠晚期，其他胎儿"
O41109,"羊膜囊和羊膜感染，未指定、未指定妊娠"
O411090,"羊膜囊和羊膜感染，未指定，未指定妊娠期，不适用或未指定"
O411091,"羊膜囊和胎膜感染，未指定，未指定妊娠，胎儿 1"
O411092,"羊膜囊和羊膜感染，未指定，未指定妊娠，胎儿 2"
O411093,"羊膜囊和胎膜感染，未指定、未指定妊娠、胎儿 3"
O411094,"羊膜囊和羊膜感染，未指定，未指定妊娠，胎儿 4"
O411095,"羊膜囊和膜感染，未指定，未指定妊娠，胎儿 5"
O411099,"羊膜囊和膜感染、未指定、未指定妊娠期、其他胎儿"
O4112,"绒毛膜羊膜炎"
O41121,"绒毛膜羊膜炎，妊娠早期"
O411210,"绒毛膜羊膜炎，妊娠早期，不适用或未指定"
O411211,"绒毛膜羊膜炎，孕早期，胎儿 1"
O411212,"绒毛膜羊膜炎，妊娠早期，胎儿 2"
O411213,"绒毛膜羊膜炎，妊娠早期，胎儿 3"
O411214,"绒毛膜羊膜炎，孕早期，胎儿 4"
O411215,"绒毛膜羊膜炎，孕早期，胎儿 5"
O411219,"绒毛膜羊膜炎，早孕，其他胎儿"
O41122,"绒毛膜羊膜炎，孕中期"
O411220,"绒毛膜羊膜炎，孕中期，不适用或未指定"
O411221,"绒毛膜羊膜炎，孕中期，胎儿 1"
O411222,"绒毛膜羊膜炎，孕中期，胎儿 2"
O411223,"绒毛膜羊膜炎，孕中期，胎儿 3"
O411224,"绒毛膜羊膜炎，孕中期，胎儿 4"
O411225,"绒毛膜羊膜炎，孕中期，胎儿 5"
O411229,"绒毛膜羊膜炎，孕中期，其他胎儿"
O41123,"绒毛膜羊膜炎，妊娠晚期"
O411230,"绒毛膜羊膜炎，妊娠晚期，不适用或未指定"
O411231,"绒毛膜羊膜炎，妊娠晚期，胎儿 1"
O411232,"绒毛膜羊膜炎，妊娠晚期，胎儿 2"
O411233,"绒毛膜羊膜炎，妊娠晚期，胎儿 3"
O411234,"绒毛膜羊膜炎，妊娠晚期，胎儿 4"
O411235,"绒毛膜羊膜炎，妊娠晚期，胎儿 5"
O411239,"绒毛膜羊膜炎、妊娠晚期、其他胎儿"
O41129,"绒毛膜羊膜炎，未分明的妊娠期"
O411290,"绒毛膜羊膜炎，未指定妊娠期，不适用或未指定"
O411291,"绒毛膜羊膜炎，未指明的妊娠期，胎儿 1"
O411292,"绒毛膜羊膜炎，未指明的妊娠期，胎儿 2"
O411293,"绒毛膜羊膜炎，未指明的妊娠期，胎儿 3"
O411294,"绒毛膜羊膜炎，未指定的妊娠期，胎儿 4"
O411295,"绒毛膜羊膜炎，未指明的妊娠期，胎儿 5"
O411299,"绒毛膜羊膜炎、未指明的妊娠期、其他胎儿"
O4114,"胎盘炎"
O41141,"胎盘炎，妊娠早期"
O411410,"胎盘炎，妊娠早期，不适用或未指定"
O411411,"胎盘炎，孕早期，胎儿 1"
O411412,"胎盘炎，孕早期，胎儿 2"
O411413,"胎盘炎，妊娠早期，胎儿 3"
O411414,"胎盘炎，孕早期，胎儿 4"
O411415,"胎盘炎，孕早期，胎儿 5"
O411419,"胎盘炎、孕早期、其他胎儿"
O41142,"胎盘炎，孕中期"
O411420,"胎盘炎，孕中期，不适用或未指定"
O411421,"胎盘炎，孕中期，胎儿 1"
O411422,"胎盘炎，孕中期，胎儿 2"
O411423,"胎盘炎，妊娠中期，胎儿 3"
O411424,"胎盘炎，孕中期，胎儿 4"
O411425,"胎盘炎，孕中期，胎儿 5"
O411429,"胎盘炎、孕中期、其他胎儿"
O41143,"胎盘炎，妊娠晚期"
O411430,"胎盘炎，妊娠晚期，不适用或未指定"
O411431,"胎盘炎，妊娠晚期，胎儿 1"
O411432,"胎盘炎，妊娠晚期，胎儿 2"
O411433,"胎盘炎，妊娠晚期，胎儿 3"
O411434,"胎盘炎，妊娠晚期，胎儿 4"
O411435,"胎盘炎，妊娠晚期，胎儿 5"
O411439,"胎盘炎、妊娠晚期、其他胎儿"
O41149,"胎盘炎，未分明的妊娠期"
O411490,"胎盘炎，未指定妊娠期，不适用或未指定"
O411491,"胎盘炎，未指定妊娠期，胎儿 1"
O411492,"胎盘炎，未指明的妊娠期，胎儿 2"
O411493,"胎盘炎，未指定的妊娠期，胎儿 3"
O411494,"胎盘炎，未指定妊娠期，胎儿 4"
O411495,"胎盘炎，未指定妊娠期，胎儿 5"
O411499,"胎盘炎、未指明的妊娠期、其他胎儿"
O418,"羊水和羊膜的其他特定疾病"
O418X,"羊水和羊膜的其他特定疾病"
O418X1,"妊娠早期羊水和羊膜的其他特定疾病"
O418X10,"羊水和胎膜的其他特定疾病，妊娠早期，不适用或未指定"
O418X11,"羊水和胎膜的其他特定疾病，早孕，胎儿 1"
O418X12,"羊水和胎膜的其他特定疾病，早孕，胎儿 2"
O418X13,"羊水和胎膜的其他特定疾病，妊娠早期，胎儿 3"
O418X14,"羊水和胎膜的其他特定疾病，妊娠早期，胎儿 4"
O418X15,"羊水和羊膜的其他特定疾病，早孕，胎儿 5"
O418X19,"羊水和羊膜的其他特定疾病、妊娠早期、其他胎儿"
O418X2,"其他指定的羊水和胎膜疾病，妊娠中期"
O418X20,"其他指定的羊水和胎膜疾病，妊娠中期，不适用或未指定"
O418X21,"羊水和羊膜的其他特定疾病，妊娠中期，胎儿 1"
O418X22,"羊水和胎膜的其他特定疾病，妊娠中期，胎儿 2"
O418X23,"羊水和胎膜的其他特定疾病，孕中期，胎儿 3"
O418X24,"羊水和胎膜的其他特定疾病，妊娠中期，胎儿 4"
O418X25,"羊水和胎膜的其他特定疾病，孕中期，胎儿 5"
O418X29,"羊水和胎膜的其他特定疾病，妊娠中期，其他胎儿"
O418X3,"其他特定的羊水和羊膜疾病，妊娠晚期"
O418X30,"羊水和胎膜的其他特定疾病，妊娠晚期，不适用或未指定"
O418X31,"羊水和羊膜的其他特定疾病，妊娠晚期，胎儿 1"
O418X32,"羊水和胎膜的其他特定疾病，妊娠晚期，胎儿 2"
O418X33,"羊水和胎膜的其他特定疾病，妊娠晚期，胎儿 3"
O418X34,"羊水和胎膜的其他特定疾病，妊娠晚期，胎儿 4"
O418X35,"羊水和胎膜的其他特定疾病，妊娠晚期，胎儿 5"
O418X39,"羊水和羊膜的其他特定疾病，妊娠晚期，其他胎儿"
O418X9,"羊水和胎膜的其他特定疾病，未指定的妊娠期"
O418X90,"羊水和羊膜的其他特定疾病，未指定的三个月，不适用或未指定"
O418X91,"羊水和羊膜的其他特定疾病，未指定的妊娠，胎儿 1"
O418X92,"羊水和羊膜的其他特定疾病，未指定的妊娠，胎儿 2"
O418X93,"羊水和胎膜的其他特定疾病，未指定的妊娠期，胎儿 3"
O418X94,"羊水和羊膜的其他特定疾病，未指定的妊娠，胎儿 4"
O418X95,"羊水和胎膜的其他特定疾病，未指定的妊娠，胎儿 5"
O418X99,"羊水和胎膜的其他特定疾病，未指定的妊娠期，其他胎儿"
O419,"羊水和羊膜疾病，未指定"
O4190,"羊水和胎膜疾病，未指定，未指定妊娠期"
O4190X0,"羊水和胎膜疾病，未指定，未指定妊娠期，不适用或未指定"
O4190X1,"羊水和胎膜疾病，未指定，未指定妊娠，胎儿 1"
O4190X2,"羊水和胎膜疾病，未指定，未指定妊娠，胎儿 2"
O4190X3,"羊水和胎膜疾病，未指定，未指定妊娠，胎儿 3"
O4190X4,"羊水和胎膜疾病，未指定，未指定妊娠，胎儿 4"
O4190X5,"羊水和胎膜疾病，未指定，未指定妊娠，胎儿 5"
O4190X9,"羊水和胎膜疾病、未指定、未指定妊娠、其他胎儿"
O4191,"羊水和羊膜疾病，未指定，妊娠早期"
O4191X0,"羊水和胎膜疾病，未指定，妊娠早期，不适用或未指定"
O4191X1,"羊水和羊膜疾病，未指定，妊娠早期，胎儿 1"
O4191X2,"羊水和羊膜疾病，未指定，妊娠早期，胎儿 2"
O4191X3,"羊水和胎膜疾病，未指定，妊娠早期，胎儿 3"
O4191X4,"羊水和羊膜疾病，未指定，妊娠早期，胎儿 4"
O4191X5,"羊水和胎膜疾病，未指明，妊娠早期，胎儿 5"
O4191X9,"羊水和羊膜疾病，未指定，妊娠早期，其他胎儿"
O4192,"羊水和羊膜疾病，未指定，妊娠中期"
O4192X0,"羊水和胎膜疾病，未指定，妊娠中期，不适用或未指定"
O4192X1,"羊水和胎膜疾病，未指定，妊娠中期，胎儿 1"
O4192X2,"羊水和胎膜疾病，未指定，妊娠中期，胎儿 2"
O4192X3,"羊水和胎膜疾病，未指定，孕中期，胎儿 3"
O4192X4,"羊水和胎膜疾病，未指定，孕中期，胎儿 4"
O4192X5,"羊水和羊膜疾病，未指定，孕中期，胎儿 5"
O4192X9,"羊水和胎膜疾病，未指明，孕中期，其他胎儿"
O4193,"羊水和胎膜疾病，未指定，妊娠晚期"
O4193X0,"羊水和胎膜疾病，未指定，妊娠晚期，不适用或未指定"
O4193X1,"羊水和胎膜疾病，未指定，妊娠晚期，胎儿 1"
O4193X2,"羊水和胎膜疾病，未指定，妊娠晚期，胎儿 2"
O4193X3,"羊水和胎膜疾病，未指定，妊娠晚期，胎儿 3"
O4193X4,"羊水和胎膜疾病，未指定，妊娠晚期，胎儿 4"
O4193X5,"羊水和羊膜疾病，未指定，妊娠晚期，胎儿 5"
O4193X9,"羊水和羊膜疾病，未指定，妊娠晚期，其他胎儿"
O42,"胎膜早破"
O420,"胎膜早破，破裂后 24 小时内分娩"
O4200,"胎膜早破、破裂后 24 小时内分娩、妊娠周数不明"
O4201,"未足月胎膜早破，破裂后 24 小时内分娩"
O42011,"胎膜早破、破裂后 24 小时内分娩、妊娠早期"
O42012,"胎膜早破、胎膜破裂后 24 小时内分娩、孕中期"
O42013,"胎膜早破、破裂后 24 小时内分娩、妊娠晚期"
O42019,"未足月胎膜早破、破裂后 24 小时内分娩、未指定妊娠期"
O4202,"足月胎膜早破，破裂后 24 小时内分娩"
O421,"胎膜早破，破裂后 24 小时以上开始分娩"
O4210,"胎膜早破、破裂后 24 小时以上开始分娩、妊娠周数不明"
O4211,"未足月胎膜早破，破裂后 24 小时以上开始分娩"
O42111,"胎膜早破、破裂后 24 小时以上分娩、妊娠早期"
O42112,"胎膜早破、破裂后 24 小时以上分娩、妊娠中期"
O42113,"胎膜早破、胎膜破裂后 24 小时以上分娩、妊娠晚期"
O42119,"未足月胎膜早破，破裂后 24 小时以上开始分娩，未指定妊娠期"
O4212,"足月胎膜早破，破裂后 24 小时以上开始分娩"
O429,"胎膜早破，未明确破裂和分娩开始之间的时间长度"
O4290,"胎膜早破，未明确破裂和分娩开始之间的时间长度，未明确妊娠周数"
O4291,"未足月胎膜早破，未明确破裂和分娩开始之间的时间长度"
O42911,"未足月胎膜早破，未明确破裂和分娩开始之间的时间长度，妊娠早期"
O42912,"未足月胎膜早破，未明确破裂和分娩开始之间的时间长度，妊娠中期"
O42913,"未足月胎膜早破，未明确破裂和分娩开始之间的时间长度，妊娠晚期"
O42919,"未足月胎膜早破，未明确胎膜破裂与分娩开始之间的时间长度，未明确妊娠期"
O4292,"足月胎膜早破，未明确破裂和分娩开始之间的时间长度"
O43,"胎盘疾病"
O430,"胎盘输血综合征"
O4301,"胎母胎盘输血综合征"
O43011,"胎母胎盘输血综合征，妊娠早期"
O43012,"胎母胎盘输血综合征，孕中期"
O43013,"胎母胎盘输血综合征，妊娠晚期"
O43019,"胎母胎盘输血综合征，未分明的妊娠期"
O4302,"胎儿对胎儿胎盘输血综合征"
O43021,"胎盘输血综合征，妊娠早期"
O43022,"胎盘输血综合征，孕中期"
O43023,"胎盘输血综合征，妊娠晚期"
O43029,"胎儿对胎儿胎盘输血综合征，未指明的妊娠期"
O431,"胎盘畸形"
O4310,"胎盘畸形，未指明"
O43101,"胎盘畸形，未指定，妊娠早期"
O43102,"胎盘畸形，未指定，妊娠中期"
O43103,"胎盘畸形，未指定，妊娠晚期"
O43109,"胎盘畸形、未指定、未指定妊娠期"
O4311,"环胎盘"
O43111,"环胎盘，妊娠早期"
O43112,"环胎盘，妊娠中期"
O43113,"环胎盘，妊娠晚期"
O43119,"环胎盘，未指明的妊娠期"
O4312,"脐带的软骨插入"
O43121,"脐带静脉插入，妊娠早期"
O43122,"脐带静脉插入，孕中期"
O43123,"脐带软骨插入，妊娠晚期"
O43129,"脐带软性插入，未分明的妊娠期"
O4319,"其他胎盘畸形"
O43191,"其他胎盘畸形，妊娠早期"
O43192,"其他胎盘畸形，孕中期"
O43193,"其他胎盘畸形，妊娠晚期"
O43199,"其他胎盘畸形，未指明的妊娠期"
O432,"病态粘附胎盘"
O4321,"植入胎盘"
O43211,"胎盘植入，妊娠早期"
O43212,"胎盘植入，孕中期"
O43213,"胎盘植入，妊娠晚期"
O43219,"侵入性胎盘，未指明的妊娠期"
O4322,"胎盘"
O43221,"胎盘增重，孕早期"
O43222,"胎盘增重，孕中期"
O43223,"胎盘增重，妊娠晚期"
O43229,"胎盘增重，未分明的妊娠期"
O4323,"Placenta percreta （英语）"
O43231,"胎盘 percreta，孕早期"
O43232,"胎盘 percreta，孕中期"
O43233,"胎盘 percreta，孕晚期"
O43239,"Percreta 胎盘，未指定妊娠期"
O438,"其他胎盘疾病"
O4381,"胎盘梗死"
O43811,"胎盘梗死，妊娠早期"
O43812,"胎盘梗死，孕中期"
O43813,"胎盘梗死，妊娠晚期"
O43819,"胎盘梗死，未指明的妊娠期"
O4389,"其他胎盘疾病"
O43891,"妊娠早期的其他胎盘疾病"
O43892,"其他胎盘疾病，妊娠中期"
O43893,"其他胎盘疾病，妊娠晚期"
O43899,"其他胎盘疾病，未指明的妊娠期"
O439,"未分类的胎盘疾病"
O4390,"未指定的胎盘疾病，未指定的三个月"
O4391,"未分类的胎盘疾病，妊娠早期"
O4392,"未分类的胎盘疾病，妊娠中期"
O4393,"未分类的胎盘疾病，妊娠晚期"
O44,"前置胎盘"
O440,"完全性前置胎盘 NOS 或无出血"
O4400,"完全性前置胎盘 NOS 或无出血，未指定妊娠期"
O4401,"完全性前置胎盘 NOS 或无出血，妊娠早期"
O4402,"完全性前置胎盘 NOS 或无出血，妊娠中期"
O4403,"完全性前置胎盘 NOS 或无出血，妊娠晚期"
O441,"完全性前置胎盘出血"
O4410,"完全性前置胎盘出血，未指定妊娠期"
O4411,"完全性前置胎盘出血，妊娠早期"
O4412,"完全性前置胎盘出血，妊娠中期"
O4413,"完全性前置胎盘出血，妊娠晚期"
O442,"无出血的部分前置胎盘"
O4420,"部分前置胎盘 NOS 或无出血，未分明的妊娠"
O4421,"部分前置胎盘 NOS 或无出血，妊娠早期"
O4422,"部分前置胎盘 NOS 或无出血，孕中期"
O4423,"部分前置胎盘 NOS 或无出血，妊娠晚期"
O443,"部分前置胎盘出血"
O4430,"部分前置胎盘出血，妊娠期未定"
O4431,"部分前置胎盘出血，妊娠早期"
O4432,"部分前置胎盘出血，孕中期"
O4433,"部分前置胎盘出血，妊娠晚期"
O444,"低置胎盘 NOS 或无出血"
O4440,"低置胎盘 NOS 或无出血，未指定妊娠期"
O4441,"低置胎盘 NOS 或无出血，妊娠早期"
O4442,"低置胎盘 NOS 或无出血，孕中期"
O4443,"低置胎盘 NOS 或无出血，妊娠晚期"
O445,"低置胎盘出血"
O4450,"低置胎盘出血，妊娠期未定"
O4451,"低置胎盘出血，妊娠早期"
O4452,"低置胎盘出血，孕中期"
O4453,"低置胎盘出血，妊娠晚期"
O45,"胎盘过早分离 \[胎盘早剥\]"
O450,"胎盘过早分离伴凝血缺陷"
O4500,"胎盘过早分离伴凝血缺陷，未指定"
O45001,"胎盘过早分离伴凝血缺陷，未指定，妊娠早期"
O45002,"胎盘过早分离伴凝血缺陷，未指定，孕中期"
O45003,"胎盘过早分离伴凝血缺陷，未指定，妊娠晚期"
O45009,"胎盘过早分离伴凝血缺陷，未指定、未指定妊娠"
O4501,"胎盘过早分离伴纤维原血症"
O45011,"胎盘过早分离伴纤维原血症，妊娠早期"
O45012,"胎盘过早分离伴纤维原血症，妊娠中期"
O45013,"胎盘过早分离伴纤维原血症，妊娠晚期"
O45019,"胎盘过早分离伴纤维原血症，未指定妊娠期"
O4502,"胎盘过早分离伴弥散性血管内凝血"
O45021,"胎盘过早分离伴弥散性血管内凝血，妊娠早期"
O45022,"胎盘过早分离伴弥散性血管内凝血，妊娠中期"
O45023,"胎盘过早分离伴弥散性血管内凝血，妊娠晚期"
O45029,"胎盘过早分离伴弥散性血管内凝血，妊娠期未定"
O4509,"胎盘与其他凝血缺陷过早分离"
O45091,"胎盘与其他凝血缺陷过早分离，妊娠早期"
O45092,"胎盘与其他凝血缺陷过早分离，妊娠中期"
O45093,"胎盘与其他凝血缺陷过早分离，妊娠晚期"
O45099,"胎盘与其他凝血缺陷过早分离，未指定妊娠期"
O458,"其他胎盘过早分离"
O458X,"其他胎盘过早分离"
O458X1,"其他胎盘过早分离，妊娠早期"
O458X2,"其他胎盘早产，妊娠中期"
O458X3,"其他胎盘过早分离，妊娠晚期"
O458X9,"其他胎盘过早分离，未指明的妊娠期"
O459,"胎盘过早分离，未指明"
O4590,"胎盘过早分离，未指定、未指定妊娠期"
O4591,"胎盘过早分离，未指明，妊娠早期"
O4592,"胎盘过早分离，未指定，妊娠中期"
O4593,"胎盘过早分离，未指定，妊娠晚期"
O46,"产前出血，未分类"
O460,"产前出血伴凝血功能障碍"
O4600,"产前出血伴凝血功能障碍，未明确"
O46001,"产前出血伴凝血功能障碍，未明确，妊娠早期"
O46002,"产前出血伴凝血缺陷，未明确，孕中期"
O46003,"产前出血伴凝血缺陷，未明确，妊娠晚期"
O46009,"产前出血伴凝血功能障碍，未指定，未指定妊娠"
O4601,"产前出血伴纤维原血症"
O46011,"产前出血伴纤维原血症，妊娠早期"
O46012,"产前出血伴纤维原血症，孕中期"
O46013,"产前出血伴纤维原血症，妊娠晚期"
O46019,"产前出血伴纤维原血症，未分明的妊娠期"
O4602,"产前出血伴弥散性血管内凝血"
O46021,"产前出血伴弥散性血管内凝血，妊娠早期"
O46022,"产前出血伴弥散性血管内凝血，妊娠中期"
O46023,"产前出血伴弥散性血管内凝血，妊娠晚期"
O46029,"产前出血伴弥散性血管内凝血，妊娠期未明确"
O4609,"产前出血伴有其他凝血功能障碍"
O46091,"产前出血伴有其他凝血功能障碍，妊娠早期"
O46092,"产前出血伴有其他凝血功能障碍，孕中期"
O46093,"产前出血伴有其他凝血功能障碍，妊娠晚期"
O46099,"产前出血伴有其他凝血功能障碍，未指定妊娠期"
O468,"其他产前出血"
O468X,"其他产前出血"
O468X1,"其他产前出血，孕早期"
O468X2,"其他产前出血，孕中期"
O468X3,"其他产前出血，妊娠晚期"
O468X9,"其他产前出血，未分明的妊娠期"
O469,"产前出血，未明确"
O4690,"产前出血、未指定、未指定妊娠"
O4691,"产前出血，未指定，妊娠早期"
O4692,"产前出血，未指明，孕中期"
O4693,"产前出血，未指定，妊娠晚期"
O47,"假劳动"
O470,"妊娠 37 周前假分娩"
O4700,"妊娠 37 周前假分娩，未指定妊娠期"
O4702,"妊娠 37 周前假分娩，孕中期"
O4703,"妊娠 37 周前假分娩，妊娠晚期"
O471,"妊娠 37 周或之后假分娩"
O479,"假人工，未指定"
O48,"怀孕晚期"
O480,"过期妊娠"
O481,"妊娠时间延长"
O60,"早产"
O600,"未分娩的早产"
O6000,"未分娩的早产，未指定妊娠期"
O6002,"未分娩的早产，孕中期"
O6003,"未分娩的早产，妊娠晚期"
O601,"早产伴早产"
O6010,"早产，未指定妊娠期"
O6010X0,"早产、未指定妊娠、不适用或未指定"
O6010X1,"早产，未指定妊娠，胎儿 1"
O6010X2,"早产，未指定妊娠期，胎儿 2"
O6010X3,"早产，未指定妊娠期，胎儿 3"
O6010X4,"早产伴早产，未指定妊娠期，胎儿 4"
O6010X5,"早产，未指定妊娠期，胎儿 5"
O6010X9,"早产、未指定妊娠、其他胎儿"
O6012,"早产 中期 与 早产 中期"
O6012X0,"早产 中期分娩 中期妊娠，不适用或未指定"
O6012X1,"早产 孕中期与早产 孕中期，胎儿 1"
O6012X2,"早产 孕中期与早产 中期，胎儿 2"
O6012X3,"早产 孕中期与早产 孕中期，胎儿 3"
O6012X4,"早产 孕中期与早产 孕中期，胎儿 4"
O6012X5,"早产 孕中期 与 早产 中期 ， 胎儿 5"
O6012X9,"早产 孕中期与早产 中期，其他胎儿"
O6013,"早产 2 孕晚期 和 3 期早产"
O6013X0,"早产中期妊娠与早产晚期，不适用或未指定"
O6013X1,"早产 孕中期与早产 孕晚期，胎儿 1"
O6013X2,"早产 孕中期与早产 孕晚期，胎儿 2"
O6013X3,"早产 孕中期与早产 孕晚期，胎儿 3"
O6013X4,"早产 孕中期与早产 孕晚期，胎儿 4"
O6013X5,"早产 孕中期与早产 孕晚期，胎儿 5"
O6013X9,"早产 孕中期伴 早产 孕晚期，其他胎儿"
O6014,"早产晚期与早产晚期"
O6014X0,"早产晚期与早产晚期，不适用或未指定"
O6014X1,"早产 孕晚期 与早产 孕晚期，胎儿 1"
O6014X2,"早产 孕晚期与早产 孕晚期，胎儿 2"
O6014X3,"早产 孕晚期与早产 孕晚期，胎儿 3"
O6014X4,"早产 孕晚期与早产 孕晚期，胎儿 4"
O6014X5,"早产 孕晚期 伴 早产 孕晚期，胎儿 5"
O6014X9,"早产晚期与早产晚期，其他胎儿"
O602,"足月分娩伴早产"
O6020,"足月分娩伴早产，未指定妊娠期"
O6020X0,"足月分娩伴早产、未指定妊娠期、不适用或未指定"
O6020X1,"足月分娩伴早产，未指定妊娠期，胎儿 1"
O6020X2,"足月分娩伴早产，未指定妊娠期，胎儿 2"
O6020X3,"足月分娩伴早产，未指定妊娠期，胎儿 3"
O6020X4,"足月分娩伴早产，未指定妊娠期，胎儿 4"
O6020X5,"足月分娩伴早产，未指定妊娠期，胎儿 5"
O6020X9,"足月分娩伴早产、未指定妊娠期、其他胎儿"
O6022,"足月分娩伴早产，孕中期"
O6022X0,"足月分娩伴早产，孕中期，不适用或未指定"
O6022X1,"足月分娩伴早产，孕中期，胎儿 1"
O6022X2,"足月分娩伴早产，孕中期，胎儿 2"
O6022X3,"足月分娩伴早产，孕中期，胎儿 3"
O6022X4,"足月分娩伴早产，孕中期，胎儿 4"
O6022X5,"足月分娩伴早产，孕中期，胎儿 5"
O6022X9,"足月分娩伴早产、孕中期、其他胎儿"
O6023,"足月分娩伴早产，孕晚期"
O6023X0,"足月分娩伴早产，妊娠晚期，不适用或未指定"
O6023X1,"足月分娩伴早产，妊娠晚期，胎儿 1"
O6023X2,"足月分娩伴早产，妊娠晚期，胎儿 2"
O6023X3,"足月分娩伴早产，妊娠晚期，胎儿 3"
O6023X4,"足月分娩伴早产，妊娠晚期，胎儿 4"
O6023X5,"足月分娩伴早产，妊娠晚期，胎儿 5"
O6023X9,"足月分娩伴早产、妊娠晚期、其他胎儿"
O61,"引产失败"
O610,"药物引产失败"
O611,"器械引产失败"
O618,"其他引产失败"
O619,"引产失败，未指定"
O62,"劳动力异常"
O620,"原发性宫缩不全"
O621,"继发性子宫惰性"
O622,"其他子宫惰性"
O623,"沉淀分娩"
O624,"高渗性、不协调和长时间的子宫收缩"
O628,"劳动力的其他异常"
O629,"未指明的劳动异常"
O63,"长时间的劳动"
O630,"第一阶段（分娩）延长"
O631,"第二产程延长"
O632,"第二个双胞胎、三胞胎等延迟分娩。"
O639,"长时间的劳动，未指定"
O64,"由于胎位不正和胎位不正导致分娩受阻"
O640,"由于胎头旋转不完全导致分娩受阻"
O640XX0,"由于胎头旋转不完全导致的难产，不适用或未指定"
O640XX1,"由于胎头旋转不完全导致分娩受阻，胎儿 1"
O640XX2,"胎头旋转不完全导致分娩受阻，胎儿 2"
O640XX3,"由于胎头旋转不完全导致分娩受阻，胎儿 3"
O640XX4,"由于胎头旋转不完全导致分娩受阻，胎儿 4"
O640XX5,"由于胎头旋转不完全导致分娩受阻，胎儿 5"
O640XX9,"由于胎头旋转不完全导致分娩受阻，其他胎儿"
O641,"臀位导致的难产"
O641XX0,"臀位导致的难产，不适用或未指定"
O641XX1,"臀位导致难产，胎儿 1"
O641XX2,"臀位导致难产，胎儿 2"
O641XX3,"臀位导致产程梗阻，胎儿 3"
O641XX4,"臀位导致难产，胎儿 4"
O641XX5,"臀位导致难产，胎儿 5"
O641XX9,"臀位导致的难产，其他胎儿"
O642,"由于面部先露导致的难产"
O642XX0,"由于面部先露导致的难产，不适用或未指定"
O642XX1,"面部先露导致难产，胎儿 1"
O642XX2,"面部先露导致的难产，胎儿 2"
O642XX3,"因面部先露导致难产，胎儿 3"
O642XX4,"面部先露导致的难产，胎儿 4"
O642XX5,"因面部先露导致难产，胎儿 5"
O642XX9,"由于面部先露、其他胎儿导致的难产"
O643,"眉状导致分娩受阻"
O643XX0,"因眉露导致的难产，不适用或未指定"
O643XX1,"眉露导致的难产，胎儿 1"
O643XX2,"眉露导致分娩受阻，胎儿 2"
O643XX3,"眉露导致难产，胎儿 3"
O643XX4,"眉露导致难产，胎儿 4"
O643XX5,"眉露导致分娩受阻，胎儿 5"
O643XX9,"眉露导致的难产、其他胎儿"
O644,"肩露导致的难产"
O644XX0,"肩露导致的难产，不适用或未指定"
O644XX1,"肩先露导致的难产，胎儿 1"
O644XX2,"肩先露导致的难产，胎儿 2"
O644XX3,"肩先露导致的难产，胎儿 3"
O644XX4,"肩先露导致的难产，胎儿 4"
O644XX5,"肩先露导致的难产，胎儿 5"
O644XX9,"肩露导致的难产、其他胎儿"
O645,"复合先露导致的难产"
O645XX0,"由于复合先露导致的难产，不适用或未指定"
O645XX1,"由于复合先露导致的难产，胎儿 1"
O645XX2,"由于复合先露导致的难产，胎儿 2"
O645XX3,"因复合先露导致的难产，胎儿 3"
O645XX4,"因复合先露导致的难产，胎儿 4"
O645XX5,"因复合先露导致的难产，胎儿 5"
O645XX9,"由于化合物先露、其他胎儿引起的分娩梗阻"
O648,"由于其他体位不正和先露不正导致的分娩梗阻"
O648XX0,"由于其他体位不正和先露不正导致的分娩梗阻，不适用或未指定"
O648XX1,"由于其他体位不正和先露不正导致的难产，胎儿 1"
O648XX2,"由于其他体位不正和先露不良导致的难产，胎儿 2"
O648XX3,"其他错位和先露不正导致的难产，胎儿 3"
O648XX4,"由于其他体位不正和先露不良导致的难产，胎儿 4"
O648XX5,"由于其他体位不正和先露不良导致的难产，胎儿 5"
O648XX9,"由于其他体位和先露不正导致的难产，其他胎儿"
O649,"由于错位和先露不正导致的难产，未指定"
O649XX0,"由于错位和先露不正导致的分娩梗阻，未指定、不适用或未指定"
O649XX1,"由于错位和先露不正导致的难产，未指定，胎儿 1"
O649XX2,"因胎位不正和先露不正导致的难产，未指定，胎儿 2"
O649XX3,"因胎位不正和胎位不正导致的难产，未指定，胎儿 3"
O649XX4,"由于错位和先露不正导致的难产，未指定，胎儿 4"
O649XX5,"由于错位和先露不良导致的难产，未指定，胎儿 5"
O649XX9,"由于体位不正和先露不正导致的难产，未指明，其他胎儿"
O65,"产妇盆腔异常导致的难产"
O650,"骨盆变形导致分娩受阻"
O651,"由于骨盆普遍收缩而导致的分娩受阻"
O652,"骨盆入口收缩导致分娩受阻"
O653,"由于骨盆出口和腔中腔收缩导致分娩受阻"
O654,"由于胎盆不称化导致的难产，未指定"
O655,"由于母体盆腔器官异常导致的难产"
O658,"由于其他产妇盆腔异常导致的分娩梗阻"
O659,"由于产妇盆腔异常导致的难产，未指定"
O66,"其他受阻分娩"
O660,"肩难产导致的难产"
O661,"由于双胞胎锁定导致分娩受阻"
O662,"由于胎儿异常大而导致的分娩受阻"
O663,"由于胎儿的其他异常导致的分娩受阻"
O664,"试产失败"
O6640,"未成功的劳动试验，未指定"
O6641,"既往剖宫产后阴道分娩未遂"
O665,"尝试使用真空提取器和镊子"
O666,"其他多胞胎引起的难产"
O668,"其他指定的梗阻分娩"
O669,"难产，未指定"
O67,"分娩并发产时出血，未在其他部位分类"
O670,"伴凝血功能障碍的产时出血"
O678,"其他产时出血"
O679,"产时出血，未指定"
O68,"分娩和分娩并发胎儿酸碱平衡异常"
O69,"分娩并发脐带并发症"
O690,"分娩并发脐带脱垂"
O690XX0,"产房和分娩并发脐带脱垂，不适用或未指定"
O690XX1,"分娩并发脐带脱垂，胎儿 1"
O690XX2,"分娩和分娩并发脐带脱垂，胎儿 2"
O690XX3,"分娩并发脐带脱垂，胎儿 3"
O690XX4,"分娩并发脐带脱垂，胎儿 4"
O690XX5,"分娩和分娩并发脐带脱垂，胎儿 5"
O690XX9,"分娩并发脐带脱垂、其他胎儿"
O691,"分娩和分娩并发颈部脐带，伴有压迫"
O691XX0,"分娩和分娩并发颈部脐带，伴有压迫，不适用或未指定"
O691XX1,"分娩并发颈部脐带，受压，胎儿 1"
O691XX2,"临产和分娩并发脐带绕颈，受压，胎儿 2"
O691XX3,"分娩和分娩并发颈部脐带，受压，胎儿 3"
O691XX4,"分娩和分娩并发脖带绕颈，受压，胎儿 4"
O691XX5,"分娩并发脐带绕颈，受压，胎儿 5"
O691XX9,"分娩并发颈部脐带、压迫、其他胎儿"
O692,"临产并发其他脊髓缠结，伴有压迫"
O692XX0,"分娩并发其他脊髓缠结，伴有压迫，不适用或未指定"
O692XX1,"分娩并发其他脐带缠结，压迫，胎儿 1"
O692XX2,"分娩并发其他脐带缠结，伴压迫，胎儿 2"
O692XX3,"分娩并发其他脐带缠结，压迫，胎儿 3"
O692XX4,"分娩并发其他脐带缠结，伴有压迫，胎儿 4"
O692XX5,"分娩并发其他脐带缠结，伴有压迫，胎儿 5"
O692XX9,"分娩并发其他脐带缠结、压迫、其他胎儿"
O693,"短脊髓并发分娩"
O693XX0,"短脊髓并发分娩，不适用或未指定"
O693XX1,"分娩并发短脐带，胎儿 1"
O693XX2,"产房和分娩并发短脐带，胎儿 2"
O693XX3,"产程和分娩并发短脐带，胎儿 3"
O693XX4,"产房和分娩并发脐带短，胎儿 4"
O693XX5,"产房和分娩并发短脐带，胎儿 5"
O693XX9,"分娩并发脐带短、其他胎儿"
O694,"产程和分娩并发前置血管"
O694XX0,"分娩并发前置血管，不适用或未指定"
O694XX1,"分娩并发前置血管，胎儿 1"
O694XX2,"分娩并发前置血管，胎儿 2"
O694XX3,"分娩并发前置血管，胎儿 3"
O694XX4,"分娩并发前置血管，胎儿 4"
O694XX5,"分娩并发前置血管，胎儿 5"
O694XX9,"分娩并发前置血管、其他胎儿"
O695,"分娩和分娩并发脊髓血管病变"
O695XX0,"分娩并发脐带血管病变，不适用或未指定"
O695XX1,"分娩并发脐带血管病变，胎儿 1"
O695XX2,"分娩并发脐带血管病变，胎儿 2"
O695XX3,"分娩并发脐带血管病变，胎儿 3"
O695XX4,"分娩并发脐带血管病变，胎儿 4"
O695XX5,"分娩并发脐带血管病变，胎儿 5"
O695XX9,"分娩和分娩并发脐带血管病变、其他胎儿"
O698,"分娩并发其他脐带并发症"
O6981,"分娩和分娩并发颈部脐带，无压迫"
O6981X0,"分娩和分娩并发颈部脐带，无压迫，不适用或未指定"
O6981X1,"分娩和分娩并发颈部脐带，无压迫，胎儿 1"
O6981X2,"分娩和分娩并发脐带绕颈，无压迫，胎儿 2"
O6981X3,"分娩和分娩并发脐带绕颈，无压迫，胎儿 3"
O6981X4,"分娩并发颈部脐带，无压迫，胎儿 4"
O6981X5,"分娩和分娩并发脐带绕颈，无压迫，胎儿 5"
O6981X9,"分娩和分娩并发颈部脐带，无压迫，其他胎儿"
O6982,"分娩并发其他脊髓缠结，无压迫"
O6982X0,"分娩并发其他脊髓缠结，无压迫，不适用或未指定"
O6982X1,"临产并发其他脐带缠结，无压迫，胎儿 1"
O6982X2,"分娩并发其他脐带缠结，无压迫，胎儿 2"
O6982X3,"分娩并发其他脐带缠结，无压迫，胎儿 3"
O6982X4,"分娩并发其他脐带缠结，无压迫，胎儿 4"
O6982X5,"临产并发其他脐带缠结，无压迫，胎儿 5"
O6982X9,"临产和分娩并发其他脐带缠结，无压迫，其他胎儿"
O6989,"分娩并发其他脐带并发症"
O6989X0,"分娩并发其他脐带并发症，不适用或未指定"
O6989X1,"临产并发其他脐带并发症，胎儿 1"
O6989X2,"临产并发其他脐带并发症，胎儿 2"
O6989X3,"分娩并发其他脐带并发症，胎儿 3"
O6989X4,"分娩并发其他脐带并发症，胎儿 4"
O6989X5,"分娩并发其他脐带并发症，胎儿 5"
O6989X9,"分娩并发其他脐带并发症、其他胎儿"
O699,"分娩并发脐带并发症，未指定"
O699XX0,"分娩并发脐带并发症、未指定、不适用或未指定"
O699XX1,"分娩并发脐带并发症，未指定，胎儿 1"
O699XX2,"临产和分娩并发脐带并发症，未指定，胎儿 2"
O699XX3,"分娩并发脐带并发症，未指定，胎儿 3"
O699XX4,"分娩并发脐带并发症，未指定，胎儿 4"
O699XX5,"临产和分娩并发脐带并发症，未指定，胎儿 5"
O699XX9,"分娩和分娩并发脐带并发症，未指定，其他胎儿"
O70,"分娩时会阴撕裂伤"
O700,"分娩时一度会阴撕裂伤"
O701,"分娩时 II 度会阴撕裂伤"
O702,"分娩时 III 度会阴撕裂伤"
O7020,"分娩时 III 度会阴撕裂伤，未指明"
O7021,"分娩时 III 度会阴撕裂伤，IIIa"
O7022,"分娩时 III 度会阴撕裂伤，IIIb"
O7023,"分娩时 III 度会阴撕裂伤，IIIc"
O703,"分娩时 4 度会阴撕裂伤"
O704,"肛门括约肌撕裂并发分娩，与 III 度撕裂伤无关"
O709,"分娩时会阴撕裂伤，未指定"
O71,"其他产科创伤"
O710,"分娩前子宫破裂（自发性）"
O7100,"分娩前子宫破裂，未指定妊娠期"
O7102,"分娩前子宫破裂，孕中期"
O7103,"分娩前子宫破裂，妊娠晚期"
O711,"分娩时子宫破裂"
O712,"产后子宫内翻"
O713,"宫颈产科撕裂伤"
O714,"产科阴道高位撕裂伤"
O715,"盆腔器官的其他产科损伤"
O716,"盆腔关节和韧带的产科损伤"
O717,"盆腔产科血肿"
O718,"其他特定的产科创伤"
O7181,"子宫撕裂伤，未分类"
O7182,"会阴和外阴的其他特定创伤"
O7189,"其他特定的产科创伤"
O719,"产科创伤，未指定"
O72,"产后出血"
O720,"第三阶段出血"
O721,"其他产后即刻出血"
O722,"迟发性和继发性产后出血"
O723,"产后凝血缺陷"
O73,"胎盘和胎膜滞留，无出血"
O730,"胎盘滞留无出血"
O731,"胎盘和胎膜部分滞留，无出血"
O74,"分娩和分娩期间的麻醉并发症"
O740,"分娩和分娩期间麻醉引起的吸入性肺炎"
O741,"分娩和分娩期间麻醉的其他肺部并发症"
O742,"分娩和分娩期间麻醉的心脏并发症"
O743,"分娩和分娩期间麻醉的中枢神经系统并发症"
O744,"分娩和分娩期间对局部麻醉的毒性反应"
O745,"脊髓和硬膜外麻醉引起的分娩和分娩头痛"
O746,"分娩和分娩期间脊髓和硬膜外麻醉的其他并发症"
O747,"分娩期间麻醉插管失败或困难"
O748,"分娩和分娩期间麻醉的其他并发症"
O749,"分娩和分娩期间的麻醉并发症，未指定"
O75,"其他未分类的分娩并发症"
O750,"产妇在分娩和分娩期间的痛苦"
O751,"分娩期间或之后的休克"
O752,"分娩时发热，未分类"
O753,"分娩期间的其他感染"
O754,"产科手术和作的其他并发症"
O755,"胎膜人工破裂后延迟分娩"
O758,"分娩和分娩的其他特定并发症"
O7581,"产妇疲惫使分娩复杂化"
O7582,"妊娠 37 周后但在妊娠 39 周之前开始（自然）分娩，通过（计划中的）剖宫产分娩"
O7589,"分娩和分娩的其他特定并发症"
O759,"临产和分娩并发症，未明确"
O76,"胎心率和心律异常使分娩复杂化"
O77,"其他使分娩复杂化的胎儿应激"
O770,"羊水胎粪并发分娩"
O771,"由于给药而导致的分娩或分娩中的胎儿压力"
O778,"分娩并发胎儿应激的其他证据"
O779,"分娩和分娩并发胎儿应激，未指定"
O80,"相遇 for full\-port unsimple delivery"
O82,"无指征的剖宫产"
O85,"产褥期脓毒症"
O86,"其他产褥期感染"
O860,"产科手术伤口感染"
O8600,"产科手术伤口感染，未指定"
O8601,"产科手术伤口感染，浅表切口部位"
O8602,"产科手术伤口感染，深切口部位"
O8603,"产科手术伤口、器官和间隙部位感染"
O8604,"产科手术后的脓毒症"
O8609,"产科手术伤口感染，其他手术部位"
O861,"分娩后生殖道的其他感染"
O8611,"分娩后宫颈炎"
O8612,"分娩后子宫内膜炎"
O8613,"分娩后阴道炎"
O8619,"分娩后生殖道的其他感染"
O862,"分娩后尿路感染"
O8620,"分娩后尿路感染，未明确"
O8621,"分娩后肾脏感染"
O8622,"分娩后膀胱感染"
O8629,"分娩后的其他尿路感染"
O864,"分娩后原因不明的发热"
O868,"其他特定的产褥期感染"
O8681,"产褥期脓毒性血栓性静脉炎"
O8689,"其他特定的产褥期感染"
O87,"产褥期的静脉并发症和痔疮"
O870,"产褥期浅表血栓性静脉炎"
O871,"产褥期深部静脉血栓形成"
O872,"产褥期的痔疮"
O873,"产褥期脑静脉血栓形成"
O874,"产褥期下肢静脉曲张"
O878,"产褥期的其他静脉并发症"
O879,"产褥期静脉并发症，未明确"
O88,"产科栓塞"
O880,"产科空气栓塞"
O8801,"妊娠期产科空气栓塞"
O88011,"妊娠期、妊娠早期空气栓塞"
O88012,"妊娠期、孕中期空气栓塞"
O88013,"妊娠期、妊娠晚期空气栓塞"
O88019,"妊娠期空气栓塞，未分类的妊娠期"
O8802,"分娩时的空气栓塞"
O8803,"产褥期空气栓塞"
O881,"羊水栓塞"
O8811,"妊娠期羊水栓塞"
O88111,"妊娠期、妊娠早期羊水栓塞"
O88112,"妊娠期、孕中期羊水栓塞"
O88113,"妊娠期、妊娠晚期羊水栓塞"
O88119,"妊娠期羊水栓塞，未指明的妊娠期"
O8812,"分娩时羊水栓塞"
O8813,"产褥期羊水栓塞"
O882,"产科血栓栓塞"
O8821,"妊娠期血栓栓塞"
O88211,"妊娠期、妊娠早期血栓栓塞"
O88212,"妊娠期、孕中期血栓栓塞"
O88213,"妊娠期、妊娠晚期血栓栓塞"
O88219,"妊娠期血栓栓塞，未指定妊娠期"
O8822,"分娩时血栓栓塞"
O8823,"产褥期血栓栓塞"
O883,"产科脓癣和脓毒性栓塞"
O8831,"妊娠期脓毒性栓塞和脓毒性栓塞"
O88311,"妊娠期、妊娠早期的脓毒性栓塞和脓毒性栓塞"
O88312,"妊娠期、孕中期脓毒性栓塞和脓毒性栓塞"
O88313,"妊娠期、妊娠晚期脓毒性栓塞和脓毒性栓塞"
O88319,"妊娠期脓毒性栓塞和脓毒性栓塞，妊娠期未明确"
O8832,"分娩时脓毒症和脓毒性栓塞"
O8833,"产褥期脓毒症和脓毒性栓塞"
O888,"其他产科栓塞"
O8881,"妊娠期的其他栓塞"
O88811,"妊娠期、妊娠早期的其他栓塞"
O88812,"妊娠期、孕中期的其他栓塞"
O88813,"妊娠期、妊娠晚期的其他栓塞"
O88819,"妊娠期的其他栓塞，未指明的妊娠期"
O8882,"分娩时的其他栓塞"
O8883,"产褥期的其他栓塞"
O89,"产褥期麻醉并发症"
O890,"产褥期麻醉的肺部并发症"
O8901,"产褥期麻醉引起的吸入性肺炎"
O8909,"产褥期麻醉的其他肺部并发症"
O891,"产褥期麻醉的心脏并发症"
O892,"产褥期麻醉的中枢神经系统并发症"
O893,"产褥期对局部麻醉的毒性反应"
O894,"产褥期脊髓和硬膜外麻醉引起的头痛"
O895,"产褥期脊髓和硬膜外麻醉的其他并发症"
O896,"产褥期麻醉插管失败或困难"
O898,"产褥期麻醉的其他并发症"
O899,"产褥期麻醉并发症，未指定"
O90,"产褥期的并发症，未分类"
O900,"剖宫产伤口破裂"
O901,"产科会阴伤口的破坏"
O902,"产科伤口血肿"
O903,"围产期心肌病"
O904,"产后急性肾衰竭"
O905,"产后甲状腺炎"
O906,"产后情绪障碍"
O908,"产褥期的其他并发症，未分类"
O9081,"产褥期贫血"
O9089,"产褥期的其他并发症，未分类"
O909,"产褥期并发症，未明确"
O91,"与怀孕、产褥期和哺乳期相关的乳房感染"
O910,"与怀孕、产褥期和哺乳期相关的感染"
O9101,"与怀孕相关的感染"
O91011,"与怀孕、妊娠早期相关的感染"
O91012,"与怀孕、孕中期相关的感染"
O91013,"妊娠晚期感染"
O91019,"与妊娠相关的感染，未指明的妊娠期"
O9102,"产褥期相关的感染"
O9103,"与哺乳期相关的感染"
O911,"与怀孕、产褥期和哺乳期相关的乳房脓肿"
O9111,"与妊娠相关的乳房脓肿"
O91111,"妊娠早期与妊娠相关的乳房脓肿"
O91112,"妊娠中期与妊娠相关的乳房脓肿"
O91113,"妊娠晚期与妊娠相关的乳房脓肿"
O91119,"与妊娠相关的乳房脓肿，未指明的妊娠期"
O9112,"与产褥期相关的乳房脓肿"
O9113,"与哺乳期相关的乳房脓肿"
O912,"与妊娠、产褥期和哺乳期相关的非化脓性乳腺炎"
O9121,"与妊娠相关的非化脓性乳腺炎"
O91211,"与妊娠、妊娠早期相关的非化脓性乳腺炎"
O91212,"与妊娠、妊娠中期相关的非化脓性乳腺炎"
O91213,"与妊娠、妊娠晚期相关的非化脓性乳腺炎"
O91219,"与妊娠相关的非化脓性乳腺炎，未指定的妊娠期"
O9122,"与产褥期相关的非化脓性乳腺炎"
O9123,"与哺乳期相关的非化脓性乳腺炎"
O92,"其他乳腺疾病和与妊娠和产褥期相关的哺乳期疾病"
O920,"与怀孕、产褥期和哺乳期相关的回缩"
O9201,"与怀孕相关的回缩"
O92011,"与怀孕、妊娠早期相关的内缩"
O92012,"与妊娠、妊娠中期相关的回缩"
O92013,"与妊娠、妊娠晚期相关的回缩"
O92019,"与妊娠相关的回缩，未指明的妊娠期"
O9202,"与产褥期相关的回缩"
O9203,"与哺乳期相关的回缩"
O921,"与怀孕、产褥期和哺乳期相关的皲裂"
O9211,"与怀孕相关的皲裂"
O92111,"与怀孕、妊娠早期相关的皲裂"
O92112,"与怀孕、孕中期相关的皲裂"
O92113,"与怀孕、妊娠晚期相关的皲裂"
O92119,"与妊娠相关的皲裂，未指明的妊娠期"
O9212,"与产褥期相关的皲裂"
O9213,"与哺乳期相关的皲裂"
O922,"与妊娠和产褥期相关的其他和未指明的乳腺疾病"
O9220,"与妊娠和产褥期相关的未指明的乳房疾病"
O9229,"与妊娠和产褥期相关的其他乳腺疾病"
O923,"无乳"
O924,"低乳糖"
O925,"泌乳抑制"
O926,"乳漏"
O927,"其他和未指明的泌乳障碍"
O9270,"未指明的哺乳障碍"
O9279,"其他哺乳期障碍"
O94,"妊娠、分娩和产褥期并发症的后遗症"
O98,"孕产妇感染性疾病和寄生虫病可在别处分类，但使妊娠、分娩和产褥期复杂化"
O980,"使妊娠、分娩和产褥期并发症的结核病"
O9801,"结核病使妊娠复杂化"
O98011,"妊娠早期并发结核病"
O98012,"结核病并发妊娠、妊娠中期"
O98013,"结核病并发妊娠、妊娠晚期"
O98019,"结核病并发妊娠，未指明的妊娠期"
O9802,"结核病使分娩复杂化"
O9803,"使产褥期复杂化的结核病"
O981,"梅毒使妊娠、分娩和产褥期复杂化"
O9811,"梅毒使妊娠复杂化"
O98111,"梅毒并发妊娠，妊娠早期"
O98112,"梅毒并发妊娠，妊娠中期"
O98113,"梅毒并发妊娠、妊娠晚期"
O98119,"梅毒并发妊娠，未指定妊娠期"
O9812,"梅毒使分娩复杂化"
O9813,"梅毒使产褥期复杂化"
O982,"淋病使妊娠、分娩和产褥期复杂化"
O9821,"淋病使妊娠复杂化"
O98211,"淋病并发妊娠，妊娠早期"
O98212,"妊娠中期妊娠并发淋病"
O98213,"淋病并发妊娠，妊娠晚期"
O98219,"淋病并发妊娠，未指明的妊娠期"
O9822,"淋病使分娩复杂化"
O9823,"淋病使产褥期复杂化"
O983,"其他以性传播方式为主的感染，使妊娠、分娩和产褥期复杂化"
O9831,"其他以性传播方式为主的感染使妊娠复杂化"
O98311,"其他以性传播方式为主的感染使妊娠、妊娠早期复杂化"
O98312,"其他以性传播方式为主的感染使妊娠、妊娠中期复杂化"
O98313,"其他以性传播方式为主的感染使妊娠、妊娠晚期复杂化"
O98319,"其他以性传播方式为主的感染并发妊娠，妊娠期不明"
O9832,"其他以性传播方式为主的感染使分娩复杂化"
O9833,"其他以性传播方式为主的感染使产褥期复杂化"
O984,"病毒性肝炎使妊娠、分娩和产褥期复杂化"
O9841,"病毒性肝炎并发妊娠"
O98411,"病毒性肝炎并发妊娠，妊娠早期"
O98412,"病毒性肝炎并发妊娠，妊娠中期"
O98413,"病毒性肝炎并发妊娠、妊娠晚期"
O98419,"病毒性肝炎并发妊娠，未指定的妊娠期"
O9842,"病毒性肝炎使分娩复杂化"
O9843,"病毒性肝炎使产褥期复杂化"
O985,"其他使妊娠、分娩和产褥期复杂化的病毒性疾病"
O9851,"其他使妊娠并发症的病毒性疾病"
O98511,"其他使妊娠、妊娠早期并发症的病毒性疾病"
O98512,"其他使妊娠、妊娠中期并发症的病毒性疾病"
O98513,"其他使妊娠、妊娠晚期并发症的病毒性疾病"
O98519,"其他使妊娠并发的病毒性疾病，未指明的妊娠期"
O9852,"其他使分娩复杂化的病毒性疾病"
O9853,"其他使产褥期复杂化的病毒性疾病"
O986,"使妊娠、分娩和产褥期复杂化的原生动物疾病"
O9861,"使妊娠复杂化的原生动物疾病"
O98611,"妊娠早期并发的原生动物疾病"
O98612,"妊娠中期并发的原生动物疾病"
O98613,"妊娠晚期并发的原生动物疾病"
O98619,"妊娠并发的原生动物疾病，未指定的妊娠期"
O9862,"使分娩复杂化的原生动物疾病"
O9863,"使产褥期复杂化的原生动物疾病"
O987,"人类免疫缺陷病毒 \[HIV\] 疾病使妊娠、分娩和产褥期复杂化"
O9871,"人类免疫缺陷病毒 \[HIV\] 疾病并发妊娠"
O98711,"妊娠早期并发的人类免疫缺陷病毒 \[HIV\] 疾病"
O98712,"人类免疫缺陷病毒 \[HIV\] 疾病并发妊娠中期"
O98713,"人类免疫缺陷病毒 \[HIV\] 疾病并发妊娠，妊娠晚期"
O98719,"人类免疫缺陷病毒 \[HIV\] 疾病并发妊娠，妊娠期未明确"
O9872,"人类免疫缺陷病毒 \[HIV\] 疾病使分娩复杂化"
O9873,"使产褥期复杂化的人类免疫缺陷病毒 \[HIV\] 疾病"
O988,"其他使妊娠、分娩和产褥期并发症的母体感染病和寄生虫病"
O9881,"其他使妊娠并发的母体感染病和寄生虫病"
O98811,"其他使妊娠、妊娠早期并发症的母体感染病和寄生虫病"
O98812,"其他使妊娠、妊娠中期复杂化的母体感染病和寄生虫病"
O98813,"其他使妊娠、妊娠晚期并发的母体感染性疾病和寄生虫病"
O98819,"其他孕产妇感染性疾病和寄生虫病并发妊娠，未指明的妊娠期"
O9882,"其他使分娩复杂化的母体感染病和寄生虫病"
O9883,"其他使产褥期复杂化的母体感染病和寄生虫病"
O989,"未指明的母体感染病和寄生虫病，使妊娠、分娩和产褥期复杂化"
O9891,"未指明的母体感染病和寄生虫病并发妊娠"
O98911,"未特明的母体感染病和寄生虫病并发妊娠、妊娠早期"
O98912,"未分类的母体感染病和寄生虫病并发妊娠，妊娠中期"
O98913,"未特明的母体感染病和寄生虫病并发妊娠、妊娠晚期"
O98919,"未特明的母体感染和寄生虫病并发妊娠，未特明的妊娠期"
O9892,"未指明的母体感染病和寄生虫病并发分娩"
O9893,"未特异性的母体感染病和寄生虫病使产褥期复杂化"
O99,"其他可在别处分类但使妊娠、分娩和产褥期复杂化的孕产妇疾病"
O990,"贫血使妊娠、分娩和产褥期复杂化"
O9901,"贫血使妊娠复杂化"
O99011,"贫血并发妊娠，妊娠早期"
O99012,"妊娠中期并发贫血"
O99013,"妊娠中期并发贫血"
O99019,"贫血并发妊娠，未分明的妊娠期"
O9902,"贫血使分娩复杂化"
O9903,"贫血使产褥期复杂化"
O991,"血液和造血器官的其他疾病以及某些涉及免疫机制的疾病，使妊娠、分娩和产褥期复杂化"
O9911,"血液和造血器官的其他疾病以及某些涉及免疫机制的疾病，使妊娠复杂化"
O99111,"血液和造血器官的其他疾病以及某些涉及免疫机制的疾病，使妊娠早期复杂化"
O99112,"血液和造血器官的其他疾病以及某些涉及免疫机制的疾病，使妊娠中期复杂化"
O99113,"血液和造血器官的其他疾病以及某些涉及免疫机制的疾病，使妊娠晚期复杂化"
O99119,"血液和造血器官的其他疾病以及某些涉及免疫机制的疾病，使妊娠复杂化，未指定的妊娠期"
O9912,"血液和造血器官的其他疾病以及某些涉及免疫机制的疾病，使分娩复杂化"
O9913,"血液和造血器官的其他疾病以及涉及免疫机制的某些疾病，使产褥期复杂化"
O992,"使妊娠、分娩和产褥期复杂化的内分泌、营养和代谢疾病"
O9921,"肥胖使妊娠、分娩和产褥期复杂化"
O99210,"肥胖并发妊娠，未指明的妊娠期"
O99211,"肥胖使妊娠复杂化，妊娠早期"
O99212,"肥胖使妊娠中期复杂化"
O99213,"肥胖使妊娠复杂化，妊娠晚期"
O99214,"肥胖使分娩复杂化"
O99215,"肥胖使产褥期复杂化"
O9928,"其他使妊娠、分娩和产褥期复杂化的内分泌、营养和代谢疾病"
O99280,"并发妊娠的内分泌、营养和代谢疾病，未指定的妊娠期"
O99281,"妊娠早期并发症的内分泌、营养和代谢疾病"
O99282,"妊娠中期并发症的内分泌、营养和代谢疾病"
O99283,"妊娠晚期并发症的内分泌、营养和代谢疾病"
O99284,"使分娩复杂化的内分泌、营养和代谢疾病"
O99285,"使产褥期复杂化的内分泌、营养和代谢疾病"
O993,"使怀孕、分娩和产褥期复杂化的精神障碍和神经系统疾病"
O9931,"酒精使用使妊娠、分娩和产褥期复杂化"
O99310,"酒精使用使妊娠复杂化，未指明的妊娠期"
O99311,"饮酒使妊娠、妊娠早期复杂化"
O99312,"饮酒使妊娠、妊娠中期复杂化"
O99313,"饮酒使妊娠、妊娠晚期复杂化"
O99314,"饮酒使分娩复杂化"
O99315,"饮酒使产褥期复杂化"
O9932,"药物使用使妊娠、分娩和产褥期复杂化"
O99320,"药物使用使妊娠复杂化，未指明的妊娠期"
O99321,"药物使用使妊娠、妊娠早期复杂化"
O99322,"药物使用使妊娠、妊娠中期复杂化"
O99323,"药物使用使妊娠、妊娠晚期复杂化"
O99324,"药物使用使分娩复杂化"
O99325,"药物使用使产褥期复杂化"
O9933,"烟草使用障碍使妊娠、分娩和产褥期复杂化"
O99330,"吸烟（烟草）使妊娠复杂化，未指明的妊娠期"
O99331,"吸烟（烟草）使妊娠早期复杂化"
O99332,"吸烟（烟草）使妊娠中期复杂化"
O99333,"吸烟（烟草）使妊娠、妊娠晚期复杂化"
O99334,"吸烟（烟草）使分娩复杂化"
O99335,"吸烟（烟草）使产褥期复杂化"
O9934,"其他使妊娠、分娩和产褥期复杂化的精神障碍"
O99340,"其他使妊娠并发的精神障碍，未指明的妊娠期"
O99341,"其他使妊娠、妊娠早期复杂化的精神障碍"
O99342,"其他并发妊娠、孕中期的精神障碍"
O99343,"其他并发妊娠、妊娠晚期的精神障碍"
O99344,"其他使分娩复杂化的精神障碍"
O99345,"其他使产褥期复杂化的精神障碍"
O9935,"使妊娠、分娩和产褥期复杂化的神经系统疾病"
O99350,"神经系统疾病使妊娠复杂化，未指定的妊娠期"
O99351,"妊娠早期并发神经系统疾病"
O99352,"妊娠中期并发神经系统疾病"
O99353,"妊娠晚期并发神经系统疾病"
O99354,"使分娩复杂化的神经系统疾病"
O99355,"使产褥期复杂化的神经系统疾病"
O994,"使怀孕、分娩和产褥期复杂化的循环系统疾病"
O9941,"使妊娠复杂化的循环系统疾病"
O99411,"妊娠早期并发的循环系统疾病"
O99412,"循环系统疾病使妊娠、孕中期复杂化"
O99413,"循环系统疾病使妊娠、妊娠晚期复杂化"
O99419,"妊娠并发的循环系统疾病，未指定的妊娠期"
O9942,"使分娩复杂化的循环系统疾病"
O9943,"使产褥期复杂化的循环系统疾病"
O995,"使妊娠、分娩和产褥期复杂化的呼吸系统疾病"
O9951,"使妊娠复杂化的呼吸系统疾病"
O99511,"使妊娠、孕早期复杂化的呼吸系统疾病"
O99512,"妊娠中期并发的呼吸系统疾病"
O99513,"妊娠晚期并发呼吸系统疾病"
O99519,"妊娠并发呼吸系统疾病，未指定妊娠期"
O9952,"使分娩复杂化的呼吸系统疾病"
O9953,"使产褥期复杂化的呼吸系统疾病"
O996,"使怀孕、分娩和产褥期复杂化的消化系统疾病"
O9961,"使妊娠复杂化的消化系统疾病"
O99611,"消化系统疾病使怀孕、孕早期复杂化"
O99612,"消化系统疾病使怀孕、孕中期复杂化"
O99613,"消化系统疾病使妊娠、妊娠晚期复杂化"
O99619,"消化系统疾病使妊娠复杂化，未指定的妊娠期"
O9962,"使分娩复杂化的消化系统疾病"
O9963,"使产褥期复杂化的消化系统疾病"
O997,"使怀孕、分娩和产褥期复杂化的皮肤和皮下组织疾病"
O9971,"使妊娠复杂化的皮肤和皮下组织疾病"
O99711,"皮肤和皮下组织疾病使妊娠复杂化，妊娠早期"
O99712,"妊娠中期并发症的皮肤和皮下组织疾病"
O99713,"皮肤和皮下组织疾病使妊娠复杂化，妊娠晚期"
O99719,"皮肤和皮下组织疾病使妊娠复杂化，未指定的妊娠期"
O9972,"使分娩复杂化的皮肤和皮下组织疾病"
O9973,"使产褥期复杂化的皮肤和皮下组织疾病"
O998,"其他使怀孕、分娩和产褥期复杂化的特定疾病和病症"
O9981,"血糖异常使妊娠、分娩和产褥期复杂化"
O99810,"血糖异常使妊娠复杂化"
O99814,"血糖异常使分娩复杂化"
O99815,"异常血糖使产褥期复杂化"
O9982,"B 型链球菌携带者状态使妊娠、分娩和产褥期复杂化"
O99820,"B 型链球菌携带者状态使妊娠复杂化"
O99824,"B 型链球菌携带者状态使分娩复杂化"
O99825,"B 型链球菌携带状态使产褥期复杂化"
O9983,"其他使妊娠、分娩和产褥期复杂化的感染携带者状态"
O99830,"其他使妊娠复杂化的感染携带者状态"
O99834,"其他使分娩复杂化的感染携带者状态"
O99835,"其他使产褥期复杂化的感染携带者状态"
O9984,"使妊娠、分娩和产褥期复杂化的减重手术状态"
O99840,"妊娠并发的减重手术状态，未指定的妊娠期"
O99841,"增发妊娠、妊娠早期的减重手术状态"
O99842,"妊娠中期并发的减重手术状态"
O99843,"妊娠复杂化、妊娠晚期的减重手术状态"
O99844,"减重手术状态使分娩复杂化"
O99845,"减重手术状态使产褥期复杂化"
O9989,"其他使怀孕、分娩和产褥期复杂化的特定疾病和病症"
O99891,"其他使怀孕并发症的特定疾病和病症"
O99892,"其他使分娩复杂化的特定疾病和病症"
O99893,"使产褥期并发症的其他特定疾病和病症"
P00,"受可能与当前怀孕无关的母体疾病影响的新生儿"
P000,"受孕产妇高血压疾病影响的新生儿"
P001,"受孕产妇肾脏和泌尿道疾病影响的新生儿"
P002,"受母体传染病和寄生虫病影响的新生儿"
P003,"受其他母体循环和呼吸系统疾病影响的新生儿"
P004,"受孕产妇营养障碍影响的新生儿"
P005,"受孕产妇损伤影响的新生儿"
P006,"受母亲外科手术影响的新生儿"
P007,"受母亲的其他医疗程序影响的新生儿，未在其他地方分类"
P008,"受其他孕产妇疾病影响的新生儿"
P0081,"母亲受牙周病影响的新生儿"
P0082,"受（阳性）母体 B 族链球菌 （GBS） 定植影响的新生儿"
P0089,"受其他孕产妇疾病影响的新生儿"
P009,"受未指明产妇状况影响的新生儿"
P01,"受孕产妇妊娠并发症影响的新生儿"
P010,"受宫颈机能不全影响的新生儿"
P011,"受胎膜早破影响的新生儿"
P012,"受羊水过少影响的新生儿"
P013,"受羊水过多影响的新生儿"
P014,"受异位妊娠影响的新生儿"
P015,"受多胎妊娠影响的新生儿"
P016,"受孕产妇死亡影响的新生儿"
P017,"受产前先露不良影响的新生儿"
P018,"受其他孕产妇妊娠并发症影响的新生儿"
P019,"受孕产妇妊娠并发症影响的新生儿，未指定"
P02,"受胎盘、脐带和胎膜并发症影响的新生儿"
P020,"受前置胎盘影响的新生儿"
P021,"受其他形式的胎盘分离和出血影响的新生儿"
P022,"受胎盘其他和未指明形态和功能异常影响的新生儿"
P0220,"受未指明胎盘形态和功能异常影响的新生儿"
P0229,"受胎盘其他形态和功能异常影响的新生儿"
P023,"受胎盘输血综合征影响的新生儿"
P024,"受脐带脱垂影响的新生儿"
P025,"受脐带其他压迫影响的新生儿"
P026,"受其他和未指明的脐带疾病影响的新生儿"
P0260,"受未指明脐带状况影响的新生儿"
P0269,"受脐带其他疾病影响的新生儿"
P027,"受绒毛膜羊膜炎影响的新生儿"
P0270,"受胎儿炎症反应综合征影响的新生儿"
P0278,"受绒毛膜羊膜炎其他疾病影响的新生儿"
P028,"受其他胎膜异常影响的新生儿"
P029,"受胎膜异常影响的新生儿，未指定"
P03,"受其他分娩并发症影响的新生儿"
P030,"受臀位分娩和拔牙影响的新生儿"
P031,"新生儿在分娩和分娩过程中受到其他先露不良、体位不对称和不成比例的影响"
P032,"受产钳分娩影响的新生儿"
P033,"受真空抽吸器分娩影响的新生儿 \[ventouse\]"
P034,"受剖宫产影响的新生儿"
P035,"受沉淀分娩影响的新生儿"
P036,"受子宫异常收缩影响的新生儿"
P038,"受其他特定分娩并发症影响的新生儿"
P0381,"受胎儿（宫内）心率或节律异常影响的新生儿"
P03810,"分娩前受胎儿（宫内）心率或节律异常影响的新生儿"
P03811,"分娩时受胎儿（宫内）心率或节律异常影响的新生儿"
P03819,"受胎儿（宫内）心率或节律异常影响的新生儿，发病时间不详"
P0382,"分娩过程中胎粪排出"
P0389,"受其他特定分娩并发症影响的新生儿"
P039,"受分娩并发症影响的新生儿，未指定"
P04,"新生儿受通过胎盘或母乳传播的有害物质的影响"
P040,"妊娠、分娩和分娩时受母体麻醉和镇痛影响的新生儿"
P041,"受其他母体药物影响的新生儿"
P0411,"受母体抗肿瘤化疗影响的新生儿"
P0412,"受母体细胞毒性药物影响的新生儿"
P0413,"受母亲使用抗惊厥药影响的新生儿"
P0414,"受母亲使用阿片类药物影响的新生儿"
P0415,"受母亲使用抗抑郁药影响的新生儿"
P0416,"受母亲使用苯丙胺影响的新生儿"
P0417,"受母亲使用镇静催眠药影响的新生儿"
P0418,"受其他母体药物影响的新生儿"
P0419,"受母亲使用未指定药物影响的新生儿"
P041A,"受母亲使用抗焦虑药影响的新生儿"
P042,"受母亲使用烟草影响的新生儿"
P043,"受母亲饮酒影响的新生儿"
P044,"受母亲使用成瘾药物影响的新生儿"
P0440,"受母亲使用未指明的成瘾药物影响的新生儿"
P0441,"受母亲使用可卡因影响的新生儿"
P0442,"受母亲使用致幻剂影响的新生儿"
P0449,"受母亲使用其他成瘾药物影响的新生儿"
P045,"受母亲使用营养化学物质影响的新生儿"
P046,"受母亲接触环境化学物质影响的新生儿"
P048,"新生儿受其他母体有害物质的影响"
P0481,"受母亲使用大麻影响的新生儿"
P0489,"新生儿受其他母体有害物质的影响"
P049,"受母体有害物质影响的新生儿，未指定"
P05,"与胎儿生长缓慢和胎儿营养不良有关的新生儿疾病"
P050,"胎龄儿 Newborn Light"
P0500,"胎龄新生儿体重减轻，体重未定"
P0501,"胎龄新生儿灯，小于 500 克"
P0502,"胎龄新生儿灯，500\-749 克"
P0503,"胎龄新生儿灯，750\-999 克"
P0504,"胎龄新生儿灯，1000\-1249 克"
P0505,"胎龄新生儿灯，1250\-1499 克"
P0506,"胎龄新生儿灯，1500\-1749 克"
P0507,"胎龄新生儿灯，1750\-1999 克"
P0508,"胎龄新生儿灯，2000\-2499 克"
P0509,"胎龄 2500 克及以上新生儿灯"
P051,"小于胎龄儿的新生儿"
P0510,"小于胎龄儿的新生儿，体重未定"
P0511,"小于胎龄儿的新生儿，体重低于 500 克"
P0512,"小于胎龄儿的新生儿，500\-749 克"
P0513,"小于胎龄儿的新生儿，750\-999 克"
P0514,"小于胎龄儿的新生儿，1000\-1249 克"
P0515,"小于胎龄儿的新生儿，1250\-1499 克"
P0516,"小于胎龄儿的新生儿，1500\-1749 克"
P0517,"小于胎龄儿的新生儿，1750\-1999 克"
P0518,"小于胎龄儿的新生儿，2000\-2499 克"
P0519,"小于胎龄儿的新生儿、其他"
P052,"受胎儿（宫内）营养不良影响的新生儿，体重不轻或小于胎龄儿"
P059,"受宫内生长缓慢影响的新生儿，未指定"
P07,"与短胎龄和低出生体重有关的新生儿疾病，未在其他地方分类"
P070,"极低出生体重新生儿"
P0700,"极低出生体重新生儿，体重不明"
P0701,"极低出生体重新生儿，低于 500 克"
P0702,"极低出生体重新生儿，500\-749 克"
P0703,"极低出生体重新生儿，750\-999 克"
P071,"其他低出生体重新生儿"
P0710,"其他 低出生体重新生儿，体重未定"
P0714,"其他低出生体重新生儿，1000\-1249 克"
P0715,"其他低出生体重新生儿，1250\-1499 克"
P0716,"其他低出生体重新生儿，1500\-1749 克"
P0717,"其他低出生体重新生儿，1750\-1999 克"
P0718,"其他低出生体重新生儿，2000\-2499 克"
P072,"新生儿极度不成熟"
P0720,"新生儿极度不成熟，妊娠周数不详"
P0721,"新生儿极度不成熟，胎龄小于 23 周"
P0722,"新生儿极度不成熟，胎龄 23 周"
P0723,"新生儿极度不成熟，胎龄 24 周"
P0724,"新生儿极度不成熟，胎龄 25 周"
P0725,"新生儿极度不成熟，胎龄 26 周"
P0726,"新生儿极度不成熟，胎龄 27 周"
P073,"早产儿 \[早产儿\] 新生儿 \[其他\]"
P0730,"早产儿，未指定妊娠周数"
P0731,"早产儿，胎龄 28 满周"
P0732,"早产儿，胎龄 29 满周"
P0733,"早产儿，胎龄 30 满周"
P0734,"早产儿，胎龄 31 满周"
P0735,"早产儿，胎龄 32 满周"
P0736,"早产儿，胎龄 33 满周"
P0737,"早产儿，胎龄 34 满周"
P0738,"早产儿，胎龄 35 满周"
P0739,"早产儿，胎龄 36 满周"
P08,"与长胎育儿和高出生体重有关的新生儿疾病"
P080,"特别大的新生儿"
P081,"其他胎龄新生儿体重"
P082,"新生儿晚，小于胎龄儿体重"
P0821,"过期月新生儿"
P0822,"新生儿妊娠时间延长"
P09,"新生儿筛查的异常发现"
P091,"新生儿先天性代谢病筛查异常"
P092,"新生儿先天性内分泌疾病筛查异常"
P093,"新生儿先天性血液病筛查异常"
P094,"新生儿囊性纤维化筛查的异常发现"
P095,"新生儿危重先天性心脏病筛查异常"
P096,"新生儿听力损失筛查的异常发现"
P098,"新生儿筛查的其他异常发现"
P099,"新生儿筛查的异常发现，未指定"
P10,"产伤引起的颅内撕裂伤和出血"
P100,"产伤引起的硬膜下出血"
P101,"产伤引起的脑出血"
P102,"产伤引起的脑室内出血"
P103,"产伤引起的蛛网膜下腔出血"
P104,"产伤导致的幕膜撕裂"
P108,"其他颅内撕裂伤和产伤引起的出血"
P109,"产伤引起的未分类颅内撕裂伤和出血"
P11,"中枢神经系统的其他出生损伤"
P110,"产伤引起的脑水肿"
P111,"出生损伤引起的其他特定脑损伤"
P112,"产伤引起的不明脑损伤"
P113,"面神经出生损伤"
P114,"其他颅神经的出生损伤"
P115,"脊柱和脊髓的出生损伤"
P119,"中枢神经系统出生损伤，未指明"
P12,"头皮出生损伤"
P120,"产伤引起的头血肿"
P121,"出生损伤引起的 Chignon（来自真空抽吸）"
P122,"产伤引起的颅上睑下腱膜出血"
P123,"产伤导致头皮瘀伤"
P124,"监测设备导致新生儿头皮受伤"
P128,"头皮的其他出生损伤"
P1281,"蔗糖"
P1289,"头皮的其他出生损伤"
P129,"头皮出生损伤，未指明"
P13,"骨骼出生损伤"
P130,"产伤导致颅骨骨折"
P131,"颅骨的其他出生损伤"
P132,"股骨出生损伤"
P133,"其他长骨的出生损伤"
P134,"产伤导致锁骨骨折"
P138,"骨骼其他部位的产伤"
P139,"骨骼出生损伤，未指定"
P14,"周围神经系统的出生损伤"
P140,"Erb 因产伤而瘫痪"
P141,"Klumpke 因产伤而瘫痪"
P142,"产伤引起的膈神经麻痹"
P143,"其他臂丛神经产伤"
P148,"周围神经系统其他部位的产伤"
P149,"周围神经系统的出生性损伤，未指定"
P15,"其他产伤"
P150,"肝脏出生损伤"
P151,"脾脏出生损伤"
P152,"产伤引起的胸骨突肌损伤"
P153,"眼睛出生损伤"
P154,"面部出生损伤"
P155,"外生殖器出生损伤"
P156,"产伤引起的皮下脂肪坏死"
P158,"其他特定的产伤"
P159,"产伤，未指明"
P19,"新生儿代谢性酸血症"
P190,"新生儿代谢性酸血症在分娩前首次被发现"
P191,"新生儿代谢性酸血症在分娩时首次被发现"
P192,"出生时发现代谢性酸血症"
P199,"代谢性酸血症，未明确"
P22,"新生儿呼吸窘迫"
P220,"新生儿呼吸窘迫综合征"
P221,"新生儿短暂性呼吸急促"
P228,"新生儿的其他呼吸窘迫"
P229,"新生儿呼吸窘迫，未指定"
P23,"先天性肺炎"
P230,"病毒病原体引起的先天性肺炎"
P231,"衣原体引起的先天性肺炎"
P232,"葡萄球菌引起的先天性肺炎"
P233,"链球菌引起的先天性肺炎，B 组"
P234,"大肠埃希菌引起的先天性肺炎"
P235,"假单胞菌引起的先天性肺炎"
P236,"其他细菌性病原体引起的先天性肺炎"
P238,"其他微生物引起的先天性肺炎"
P239,"先天性肺炎，未明确"
P24,"新生儿误吸"
P240,"胎粪吸入"
P2400,"无呼吸道症状的胎粪吸入"
P2401,"胎粪误吸伴呼吸道症状"
P241,"新生儿抽吸（透明）羊水和粘液"
P2410,"新生儿误吸（透明）羊水和黏液，无呼吸道症状"
P2411,"新生儿误吸（透明）羊水和黏液，伴有呼吸道症状"
P242,"新生儿抽吸血液"
P2420,"新生儿抽吸血液，无呼吸道症状"
P2421,"新生儿吸入血液伴呼吸道症状"
P243,"新生儿误吸奶水和反流食物"
P2430,"新生儿误吸乳汁和反流食物，无呼吸道症状"
P2431,"新生儿误吸奶水和反流食物并伴有呼吸道症状"
P248,"其他新生儿误吸"
P2480,"其他无呼吸道症状的新生儿误吸"
P2481,"其他有呼吸道症状的新生儿误吸"
P249,"新生儿穿刺，未指定"
P25,"起源于围产期的间质性肺气肿和相关疾病"
P250,"起源于围产期的间质性肺气肿"
P251,"起源于围产期的气胸"
P252,"起源于围产期的纵隔气肿"
P253,"起源于围产期的心腹膜"
P258,"与起源于围产期的间质性肺气肿相关的其他情况"
P26,"源自围产期的肺出血"
P260,"起源于围产期的气管支气管出血"
P261,"起源于围产期的大面积肺出血"
P268,"其他起源于围产期的肺出血"
P269,"起源于围产期的未明确肺出血"
P27,"起源于围产期的慢性呼吸系统疾病"
P270,"Wilson\-Mikity 综合征"
P271,"起源于围产期的支气管肺发育不良"
P278,"起源于围产期的其他慢性呼吸系统疾病"
P279,"起源于围产期的未明确慢性呼吸系统疾病"
P28,"围产期起源的其他呼吸系统疾病"
P280,"新生儿原发性肺不张"
P281,"新生儿其他和未分类的肺不张"
P2810,"未指定的新生儿肺不张"
P2811,"不伴呼吸窘迫综合征的吸收性肺不张"
P2819,"新生儿其他肺不张"
P282,"新生儿发绀发作"
P283,"新生儿原发性睡眠呼吸暂停"
P2830,"新生儿原发性睡眠呼吸暂停，未指定"
P2831,"新生儿原发性中枢性睡眠呼吸暂停"
P2832,"新生儿原发性阻塞性睡眠呼吸暂停"
P2833,"新生儿原发性混合性睡眠呼吸暂停"
P2839,"新生儿的其他原发性睡眠呼吸暂停"
P284,"新生儿的其他呼吸暂停"
P2840,"新生儿未指定的呼吸暂停"
P2841,"新生儿中枢性新生儿呼吸暂停"
P2842,"新生儿阻塞性呼吸暂停"
P2843,"新生儿混合性新生儿呼吸暂停"
P2849,"新生儿的其他呼吸暂停"
P285,"新生儿呼吸衰竭"
P288,"新生儿其他特定的呼吸系统疾病"
P2881,"新生儿呼吸停止"
P2889,"新生儿其他特定的呼吸系统疾病"
P289,"新生儿呼吸系统疾病，未指定"
P29,"起源于围产期的心血管疾病"
P290,"新生儿心力衰竭"
P291,"新生儿心律失常"
P2911,"新生儿心动过速"
P2912,"新生儿心动过缓"
P292,"新生儿高血压"
P293,"持续的胎儿循环"
P2930,"新生儿肺动脉高压"
P2938,"其他持续性胎儿循环"
P294,"新生儿短暂性心肌缺血"
P298,"围产期起源的其他心血管疾病"
P2981,"新生儿心脏骤停"
P2989,"围产期起源的其他心血管疾病"
P299,"起源于围产期的心血管疾病，未明确"
P35,"先天性病毒性疾病"
P350,"先天性风疹综合征"
P351,"先天性巨细胞病毒感染"
P352,"先天性疱疹病毒 \[单纯疱疹\] 感染"
P353,"先天性病毒性肝炎"
P354,"先天性寨卡病毒病"
P358,"其他先天性病毒性疾病"
P359,"先天性病毒性疾病，未明确"
P36,"新生儿细菌性脓毒症"
P360,"B 组链球菌引起的新生儿脓毒症"
P361,"由其他未指明的链球菌引起的新生儿脓毒症"
P3610,"未指明的链球菌引起的新生儿脓毒症"
P3619,"其他链球菌引起的新生儿脓毒症"
P362,"金黄色葡萄球菌引起的新生儿脓毒症"
P363,"由其他未指明的葡萄球菌引起的新生儿脓毒症"
P3630,"未指明的葡萄球菌引起的新生儿脓毒症"
P3639,"其他葡萄球菌引起的新生儿脓毒症"
P364,"大肠埃希菌引起的新生儿脓毒症"
P365,"厌氧菌引起的新生儿脓毒症"
P368,"新生儿其他细菌性脓毒症"
P369,"新生儿细菌性脓毒症，未明确"
P37,"其他先天性感染病和寄生虫病"
P370,"先天性肺结核"
P371,"先天性弓形虫病"
P372,"新生儿（播散性）李斯特菌病"
P373,"先天性恶性疟疾"
P374,"其他先天性疟疾"
P375,"新生儿念珠菌病"
P378,"其他特定的先天性感染和寄生虫病"
P379,"先天性感染性或寄生虫病，未明确"
P38,"新生儿脐炎"
P381,"轻度出血的脐炎"
P389,"无出血的脐炎"
P39,"围产期特有的其他感染"
P390,"新生儿感染性乳腺炎"
P391,"新生儿结膜炎和泪囊炎"
P392,"影响新生儿的羊膜腔感染，未在其他位置分类"
P393,"新生儿尿路感染"
P394,"新生儿皮肤感染"
P398,"围产期特异性的其他特定感染"
P399,"围产期特异性感染，未指定"
P50,"受宫内（胎儿）失血影响的新生儿"
P500,"受前置血管宫内（胎儿）失血影响的新生儿"
P501,"受脐带破裂宫内（胎儿）失血影响的新生儿"
P502,"受胎盘宫内（胎儿）失血影响的新生儿"
P503,"受出血影响的新生儿成同胞双胞胎"
P504,"受母体循环出血影响的新生儿"
P505,"受双胞胎脐带切断端宫内（胎儿）失血影响的新生儿"
P508,"受其他宫内（胎儿）失血影响的新生儿"
P509,"受宫内（胎儿）失血影响的新生儿，未指定"
P51,"新生儿脐出血"
P510,"新生儿大面积脐出血"
P518,"新生儿的其他脐出血"
P519,"新生儿脐出血，未指明"
P52,"新生儿颅内非创伤性出血"
P520,"新生儿脑室内（非创伤性）出血，1 级"
P521,"新生儿脑室内（非创伤性）出血，2 级"
P522,"新生儿脑室内（非创伤性）出血，3 级和 4 级"
P5221,"新生儿脑室内（非创伤性）出血，3 级"
P5222,"新生儿脑室内（非创伤性）出血，4 级"
P523,"未分类的新生儿脑室内（非创伤性）出血"
P524,"新生儿脑内（非创伤性）出血"
P525,"新生儿蛛网膜下腔（非创伤性）出血"
P526,"新生儿小脑（非创伤性）和颅后窝出血"
P528,"新生儿的其他颅内（非创伤性）出血"
P529,"新生儿颅内（非创伤性）出血，未指定"
P53,"新生儿出血性疾病"
P54,"其他新生儿出血"
P540,"新生儿呕血"
P541,"新生儿黑便"
P542,"新生儿直肠出血"
P543,"其他新生儿消化道出血"
P544,"新生儿肾上腺出血"
P545,"新生儿皮肤出血"
P546,"新生儿阴道出血"
P548,"其他特定的新生儿出血"
P549,"新生儿出血，未指明"
P55,"新生儿溶血性疾病"
P550,"新生儿 Rh 异种免疫"
P551,"新生儿 ABO 同种免疫"
P558,"新生儿的其他溶血性疾病"
P559,"新生儿溶血性疾病，未明确"
P56,"溶血性疾病引起的胎儿水肿"
P560,"异种免疫引起的 Hydrops fetalis"
P569,"由其他未指明的溶血性疾病引起的胎儿水肿"
P5690,"未指明的溶血性疾病引起的胎儿水肿"
P5699,"其他溶血性疾病引起的胎儿水肿"
P57,"核黄疸"
P570,"同种免疫引起的核黄疸"
P578,"其他特定的核黄疸"
P579,"核黄疸，未指定"
P58,"其他过度溶血引起的新生儿黄疸"
P580,"瘀伤引起的新生儿黄疸"
P581,"出血引起的新生儿黄疸"
P582,"感染引起的新生儿黄疸"
P583,"红细胞增多症引起的新生儿黄疸"
P584,"由母亲传播或新生儿给药的药物或毒素引起的新生儿黄疸"
P5841,"由母亲传播的药物或毒素引起的新生儿黄疸"
P5842,"新生儿因药物或毒素引起的新生儿黄疸"
P585,"吞咽母体血液引起的新生儿黄疸"
P588,"由于其他特定过度溶血引起的新生儿黄疸"
P589,"过度溶血引起的新生儿黄疸，未明确"
P59,"其他原因和未明确原因引起的新生儿黄疸"
P590,"与早产相关的新生儿黄疸"
P591,"胆汁狭窄综合征"
P592,"其他和未指明的肝细胞损伤引起的新生儿黄疸"
P5920,"未明确肝细胞损伤引起的新生儿黄疸"
P5929,"其他肝细胞损伤引起的新生儿黄疸"
P593,"母乳抑制剂引起的新生儿黄疸"
P598,"其他特定原因引起的新生儿黄疸"
P599,"新生儿黄疸，未指明"
P60,"新生儿弥散性血管内凝血"
P61,"其他围产期血液病"
P610,"短暂性新生儿血小板减少症"
P611,"新生儿红细胞增多症"
P612,"早产儿贫血"
P613,"胎儿失血引起的先天性贫血"
P614,"其他未分类的先天性贫血"
P615,"短暂性新生儿中性粒细胞减少症"
P616,"其他一过性新生儿凝血障碍"
P618,"其他特定的围产期血液系统疾病"
P619,"围产期血液病，未指明"
P70,"新生儿特有的短暂性碳水化合物代谢障碍"
P700,"母亲患有妊娠糖尿病的婴儿综合征"
P701,"糖尿病母亲的婴儿综合症"
P702,"新生儿糖尿病"
P703,"医源性新生儿低血糖"
P704,"其他新生儿低血糖"
P708,"新生儿碳水化合物代谢的其他暂时性疾病"
P709,"新生儿碳水化合物代谢暂时性障碍，未指定"
P71,"暂时性新生儿钙和镁代谢疾病"
P710,"新生儿牛奶低钙血症"
P711,"其他新生儿低钙血症"
P712,"新生儿低镁血症"
P713,"新生儿手足搐搦，无钙或镁缺乏"
P714,"暂时性新生儿甲状旁腺功能减退症"
P718,"其他暂时性新生儿钙和镁代谢疾病"
P719,"短暂性新生儿钙镁代谢疾病，未指定"
P72,"其他暂时性新生儿内分泌疾病"
P720,"新生儿甲状腺肿，未分类"
P721,"暂时性新生儿甲状腺功能亢进症"
P722,"其他未分类的新生儿甲状腺功能短暂性疾病"
P728,"其他特定的暂时性新生儿内分泌疾病"
P729,"暂时性新生儿内分泌疾病，未指定"
P74,"其他暂时性新生儿电解质和代谢紊乱"
P740,"新生儿晚期代谢性酸中毒"
P741,"新生儿脱水"
P742,"新生儿钠平衡紊乱"
P7421,"新生儿高钠血症"
P7422,"新生儿低钠血症"
P743,"新生儿钾平衡紊乱"
P7431,"新生儿高钾血症"
P7432,"新生儿低钾血症"
P744,"新生儿的其他短暂性电解质紊乱"
P7441,"新生儿碱中毒"
P7442,"新生儿氯平衡紊乱"
P74421,"新生儿高氯血症"
P74422,"新生儿低氯血症"
P7449,"新生儿的其他短暂性电解质紊乱"
P745,"新生儿短暂性酪氨酸血症"
P746,"新生儿短暂性高氨血症"
P748,"新生儿的其他短暂性代谢紊乱"
P749,"新生儿短暂性代谢紊乱，未指定"
P76,"新生儿的其他肠梗阻"
P760,"胎粪栓综合征"
P761,"新生儿短暂性肠梗阻"
P762,"乳汁分泌引起的肠梗阻"
P768,"其他指定的新生儿肠梗阻"
P769,"新生儿肠梗阻，未明确"
P77,"新生儿坏死性小肠结肠炎"
P771,"新生儿 1 期坏死性小肠结肠炎"
P772,"新生儿 2 期坏死性小肠结肠炎"
P773,"新生儿 3 期坏死性小肠结肠炎"
P779,"新生儿坏死性小肠结肠炎，未指定"
P78,"其他围产期消化系统疾病"
P780,"围产期肠穿孔"
P781,"其他新生儿腹膜炎"
P782,"吞咽母体血液引起的新生儿呕血和黑便"
P783,"非感染性新生儿腹泻"
P788,"其他特定的围产期消化系统疾病"
P7881,"先天性肝硬化（肝脏）"
P7882,"新生儿消化性溃疡"
P7883,"新生儿食管反流"
P7884,"妊娠期同种免疫性肝病"
P7889,"其他特定的围产期消化系统疾病"
P789,"围产期消化系统疾病，未指定"
P80,"新生儿体温过低"
P800,"冷损伤综合征"
P808,"新生儿其他低体温"
P809,"新生儿体温过低，未指定"
P81,"新生儿体温调节的其他障碍"
P810,"新生儿环境热疗"
P818,"其他特定新生儿体温调节障碍"
P819,"新生儿体温调节障碍，未指定"
P83,"新生儿特有的其他外皮情况"
P830,"新鹦鹉"
P831,"新生儿毒性红斑"
P832,"Hydrops fetalis 不是由溶血性疾病引起的"
P833,"新生儿特有的其他和未指明的水肿"
P8330,"新生儿特有的未特异性水肿"
P8339,"新生儿特有的其他水肿"
P834,"新生儿乳房肿胀"
P835,"先天性鞘膜积液"
P836,"新生儿脐带息肉"
P838,"新生儿特有的其他特定外皮情况"
P8381,"脐部肉芽肿"
P8388,"新生儿特有的其他特定外皮情况"
P839,"新生儿特有的外皮状况，未指定"
P84,"新生儿的其他问题"
P90,"新生儿抽搐"
P91,"新生儿脑状态的其他障碍"
P910,"新生儿脑缺血"
P911,"新生儿获得性脑室周围囊肿"
P912,"新生儿脑白质软化症"
P913,"新生儿脑烦躁"
P914,"新生儿脑抑郁"
P915,"新生儿昏迷"
P916,"缺氧缺血性脑病 \[HIE\]"
P9160,"缺氧缺血性脑病 \[HIE\]，未指定"
P9161,"轻度缺氧缺血性脑病 \[HIE\]"
P9162,"中度缺氧缺血性脑病 \[HIE\]"
P9163,"严重缺氧缺血性脑病 \[HIE\]"
P918,"新生儿脑状态的其他特定障碍"
P9181,"新生儿脑病"
P91811,"其他分类疾病中的新生儿脑病"
P91819,"新生儿脑病，未指定"
P9182,"新生儿脑梗死"
P91821,"新生儿脑梗死，脑右侧"
P91822,"新生儿脑梗死，脑左侧"
P91823,"新生儿脑梗死，双侧"
P91829,"新生儿脑梗死，未指定一侧"
P9188,"新生儿脑状态的其他特定障碍"
P919,"新生儿脑状态紊乱，未指定"
P92,"新生儿的喂养问题"
P920,"新生儿呕吐"
P9201,"新生儿胆汁性呕吐"
P9209,"新生儿的其他呕吐"
P921,"新生儿反流和反刍"
P922,"新生儿喂养缓慢"
P923,"新生儿喂养不足"
P924,"新生儿喂养过多"
P925,"新生儿母乳喂养困难"
P926,"新生儿生长迟缓"
P928,"新生儿的其他喂养问题"
P929,"新生儿喂养问题，未指明"
P93,"新生儿用药引起的反应和中毒"
P930,"灰婴综合症"
P938,"新生儿用药引起的其他反应和中毒"
P94,"新生儿肌张力障碍"
P940,"短暂性新生儿重症肌无力"
P941,"先天性肌张力亢进"
P942,"先天性肌张力减退"
P948,"新生儿肌张力的其他疾病"
P949,"新生儿肌张力障碍，未指定"
P95,"死胎"
P96,"源自围产期的其他疾病"
P960,"先天性肾功能衰竭"
P961,"母亲使用成瘾药物引起的新生儿戒断症状"
P962,"新生儿药物治疗用药的戒断症状"
P963,"新生儿颅缝宽"
P965,"（胎儿）宫内手术对新生儿造成的并发症"
P968,"源自围产期的其他特定情况"
P9681,"围产期暴露于（父母）（环境）烟草烟雾"
P9682,"脐带分离延迟"
P9683,"胎粪染色"
P9689,"源自围产期的其他特定情况"
P969,"起源于围产期的病症，未指定"
Q00,"无脑畸形和类似畸形"
Q000,"无脑畸形"
Q001,"颅裂"
Q002,"无脑畸形"
Q01,"脑膨出"
Q010,"额脑膨出"
Q011,"鼻额叶脑膨出"
Q012,"枕骨脑膨出"
Q018,"其他部位的脑膨出"
Q019,"脑膨出，未指定"
Q02,"小头畸形"
Q03,"先天性脑积水"
Q030,"Sylvius 导水管畸形"
Q031,"Magendie 和 Luschka 的孔闭锁"
Q038,"其他先天性脑积水"
Q039,"先天性脑积水，未指定"
Q04,"其他先天性脑畸形"
Q040,"先天性胼胝体畸形"
Q041,"Arhinencephay （动脉粟脑畸形）"
Q042,"前脑无裂畸形"
Q043,"其他脑复位畸形"
Q044,"脑隔视神经发育不良"
Q045,"巨脑畸形"
Q046,"先天性脑囊肿"
Q048,"其他特定的先天性脑畸形"
Q049,"先天性脑畸形，未指定"
Q05,"脊柱裂"
Q050,"颈椎裂伴脑积水"
Q051,"胸椎裂伴脑积水"
Q052,"腰椎裂伴脑积水"
Q053,"骶椎裂伴脑积水"
Q054,"未指明的脊柱裂伴脑积水"
Q055,"无脑积水的宫颈脊柱裂"
Q056,"无脑积水的胸椎裂"
Q057,"无脑积水的腰椎裂"
Q058,"无脑积水的骶椎裂"
Q059,"脊柱裂，未指定"
Q06,"其他先天性脊髓畸形"
Q060,"阿米利亚"
Q061,"脊髓发育不全和发育不良"
Q062,"Diastematomyelia （裂隙结构）"
Q063,"其他先天性马尾畸形"
Q064,"脊髓积水"
Q068,"其他特定的先天性脊髓畸形"
Q069,"先天性脊髓畸形，未指定"
Q07,"神经系统的其他先天性畸形"
Q070,"Arnold\-Chiari 综合征"
Q0700,"无脊柱裂或脑积水的 Arnold\-Chiari 综合征"
Q0701,"Arnold\-Chiari 综合征伴脊柱裂"
Q0702,"Arnold\-Chiari 综合征伴脑积水"
Q0703,"Arnold\-Chiari 综合征伴脊柱裂和脑积水"
Q078,"其他特定的神经系统先天性畸形"
Q079,"先天性神经系统畸形，未指定"
Q10,"先天性眼睑、泪腺和眼眶畸形"
Q100,"先天性上睑下垂"
Q101,"先天性睑外翻"
Q102,"先天性睑内翻"
Q103,"其他先天性眼睑畸形"
Q104,"泪道缺失和发育不全"
Q105,"先天性泪管狭窄"
Q106,"其他先天性泪道畸形"
Q107,"先天性眼眶畸形"
Q11,"无眼球、小眼球和大眼球"
Q110,"囊性眼球"
Q111,"其他无眼球"
Q112,"小眼球"
Q113,"大眼球"
Q12,"先天性晶状体畸形"
Q120,"先天性白内障"
Q121,"先天性晶状体移位"
Q122,"晶状体缺损"
Q123,"先天性无晶状体"
Q124,"球形"
Q128,"其他先天性晶状体畸形"
Q129,"先天性晶状体畸形，未指明"
Q13,"眼前节先天性畸形"
Q130,"虹膜缺损"
Q131,"无虹膜"
Q132,"虹膜的其他先天性畸形"
Q133,"先天性角膜混浊"
Q134,"其他先天性角膜畸形"
Q135,"蓝色巩膜"
Q138,"眼前节的其他先天性畸形"
Q1381,"Rieger 异常"
Q1389,"眼前节的其他先天性畸形"
Q139,"眼前节先天性畸形，未指定"
Q14,"眼后段的先天性畸形"
Q140,"玻璃体液的先天性畸形"
Q141,"先天性视网膜畸形"
Q142,"先天性视盘畸形"
Q143,"先天性脉络膜畸形"
Q148,"眼后段的其他先天性畸形"
Q149,"眼后段先天性畸形，未指定"
Q15,"其他先天性眼畸形"
Q150,"先天性青光眼"
Q158,"其他特定的先天性眼畸形"
Q159,"先天性眼畸形，未指定"
Q16,"先天性耳畸形导致听力损害"
Q160,"先天性耳廓缺失"
Q161,"先天性失神、耳道闭锁和狭窄（外）"
Q162,"无咽鼓管"
Q163,"耳小骨先天性畸形"
Q164,"其他先天性中耳畸形"
Q165,"先天性内耳畸形"
Q169,"先天性耳畸形导致听力损害，未明确"
Q17,"其他先天性耳畸形"
Q170,"耳附件"
Q171,"大耳"
Q172,"小耳症"
Q173,"其他畸形的耳朵"
Q174,"耳朵错位"
Q175,"突出的耳朵"
Q178,"其他特定的先天性耳畸形"
Q179,"先天性耳畸形，未指定"
Q18,"其他先天性面部和颈部畸形"
Q180,"鳃裂的鼻窦、瘘管和囊肿"
Q181,"耳前窦和囊肿"
Q182,"其他鳃裂畸形"
Q183,"脖子的蹼"
Q184,"大口"
Q185,"小口"
Q186,"大鳍属"
Q187,"微唇"
Q188,"其他特定的面部和颈部先天性畸形"
Q189,"面部和颈部的先天性畸形，未指明"
Q20,"心腔和连接的先天性畸形"
Q200,"总动脉干"
Q201,"双出口右心室"
Q202,"双出口左心室"
Q203,"不一致的脑室动脉连接"
Q204,"双入口心室"
Q205,"不一致的房室连接"
Q206,"心耳异构"
Q208,"其他先天性心腔和连接的畸形"
Q209,"先天性心腔和连接畸形，未指定"
Q21,"先天性心脏隔膜畸形"
Q210,"室间隔缺损"
Q211,"房间隔缺损"
Q2110,"房间隔缺损，未指定"
Q2111,"继发孔状房间隔缺损"
Q2112,"卵圆孔未闭"
Q2113,"冠状窦房间隔缺损"
Q2114,"静脉上窦房间隔缺损"
Q2115,"下静脉窦房间隔缺损"
Q2116,"静脉窦房间隔缺损，未指定"
Q2119,"其他特定的房间隔缺损"
Q212,"房室间隔缺损"
Q2120,"房室间隔缺损，部分或完全未明确"
Q2121,"部分房室间隔缺损"
Q2122,"过渡性房室间隔缺损"
Q2123,"完全性房室间隔缺损"
Q213,"法洛四联症"
Q214,"主动脉肺间隔缺损"
Q218,"心脏隔膜的其他先天性畸形"
Q219,"先天性心脏间隔畸形，未指定"
Q22,"肺动脉瓣和三尖瓣的先天性畸形"
Q220,"肺动脉瓣闭锁"
Q221,"先天性肺动脉瓣狭窄"
Q222,"先天性肺动脉瓣功能不全"
Q223,"肺动脉瓣的其他先天性畸形"
Q224,"先天性三尖瓣狭窄"
Q225,"Ebstein 异常"
Q226,"右心发育不良综合征"
Q228,"其他先天性三尖瓣畸形"
Q229,"先天性三尖瓣畸形，未指定"
Q23,"先天性主动脉瓣和二尖瓣畸形"
Q230,"先天性主动脉瓣狭窄"
Q231,"先天性主动脉瓣关闭不全"
Q232,"先天性二尖瓣狭窄"
Q233,"先天性二尖瓣功能不全"
Q234,"左心发育不良综合征"
Q238,"主动脉瓣和二尖瓣的其他先天性畸形"
Q239,"先天性主动脉瓣和二尖瓣畸形，未指定"
Q24,"其他先天性心脏畸形"
Q240,"右位心"
Q241,"左心动图"
Q242,"Cor triatriatum （三叶状体）"
Q243,"肺漏斗部狭窄"
Q244,"先天性主动脉下狭窄"
Q245,"冠状动脉血管畸形"
Q246,"先天性心脏传导阻滞"
Q248,"其他特定的先天性心脏畸形"
Q249,"先天性心脏畸形，未指明"
Q25,"先天性大动脉畸形"
Q250,"动脉导管未闭"
Q251,"主动脉缩窄"
Q252,"主动脉闭锁"
Q2521,"主动脉弓中断"
Q2529,"其他主动脉闭锁"
Q253,"主动脉瓣上狭窄"
Q254,"其他先天性主动脉畸形"
Q2540,"先天性主动脉畸形未指定"
Q2541,"主动脉缺失和发育不全"
Q2542,"主动脉发育不全"
Q2543,"先天性主动脉瘤"
Q2544,"先天性主动脉扩张"
Q2545,"双主动脉弓"
Q2546,"迂曲的主动脉弓"
Q2547,"右主动脉弓"
Q2548,"锁骨下动脉的异常起源"
Q2549,"其他先天性主动脉畸形"
Q255,"肺动脉闭锁"
Q256,"肺动脉狭窄"
Q257,"肺动脉的其他先天性畸形"
Q2571,"肺动脉缩窄"
Q2572,"先天性肺动静脉畸形"
Q2579,"肺动脉的其他先天性畸形"
Q258,"其他大动脉的其他先天性畸形"
Q259,"先天性大动脉畸形，未指定"
Q26,"先天性大静脉畸形"
Q260,"先天性腔静脉狭窄"
Q261,"持续性左上腔静脉"
Q262,"完全性肺静脉连接异常"
Q263,"部分性肺静脉连接异常"
Q264,"异常肺静脉连接，未指定"
Q265,"异常的门静脉连接"
Q266,"门静脉\-肝动脉瘘"
Q268,"其他先天性大静脉畸形"
Q269,"先天性大静脉畸形，未指明"
Q27,"外周血管系统的其他先天性畸形"
Q270,"先天性脐动脉缺失和发育不全"
Q271,"先天性肾动脉狭窄"
Q272,"肾动脉的其他先天性畸形"
Q273,"动静脉畸形（外周）"
Q2730,"动静脉畸形，部位未指定"
Q2731,"上肢血管动静脉畸形"
Q2732,"下肢血管动静脉畸形"
Q2733,"消化系统血管动静脉畸形"
Q2734,"肾血管动静脉畸形"
Q2739,"动静脉畸形，其他部位"
Q274,"先天性静脉扩张症"
Q278,"其他特定的外周血管系统先天性畸形"
Q279,"外周血管系统的先天性畸形，未明确"
Q28,"其他先天性循环系统畸形"
Q280,"脑前血管动静脉畸形"
Q281,"其他脑前血管畸形"
Q282,"脑血管动静脉畸形"
Q283,"其他脑血管畸形"
Q288,"其他特定的循环系统先天性畸形"
Q289,"先天性循环系统畸形，未指定"
Q30,"先天性鼻畸形"
Q300,"后鼻孔闭锁"
Q301,"鼻子发育不全和发育不全"
Q302,"鼻裂、缺口和鼻裂"
Q303,"先天性鼻中隔穿孔"
Q308,"其他先天性鼻部畸形"
Q309,"先天性鼻畸形，未指定"
Q31,"先天性喉部畸形"
Q310,"喉网"
Q311,"先天性声门下狭窄"
Q312,"喉部发育不全"
Q313,"喉膨出"
Q315,"先天性喉软化症"
Q318,"其他先天性喉部畸形"
Q319,"先天性喉畸形，未指定"
Q32,"先天性气管和支气管畸形"
Q320,"先天性气管软化症"
Q321,"其他先天性气管畸形"
Q322,"先天性支气管软化症"
Q323,"先天性支气管狭窄"
Q324,"支气管的其他先天性畸形"
Q33,"先天性肺畸形"
Q330,"先天性囊性肺"
Q331,"肺副叶"
Q332,"肺隔离症"
Q333,"肺发育不全"
Q334,"先天性支气管扩张症"
Q335,"肺异位组织"
Q336,"先天性肺发育不全和肺发育不良"
Q338,"其他先天性肺畸形"
Q339,"先天性肺畸形，未指定"
Q34,"其他先天性呼吸系统畸形"
Q340,"胸膜异常"
Q341,"先天性纵隔囊肿"
Q348,"其他特定的呼吸系统先天性畸形"
Q349,"先天性呼吸系统畸形，未指定"
Q35,"腭裂"
Q351,"硬腭裂"
Q353,"软腭裂"
Q355,"硬腭裂伴软腭裂"
Q357,"悬雍垂裂"
Q359,"腭裂，未指定"
Q36,"兔唇"
Q360,"双侧唇裂"
Q361,"唇裂，正中"
Q369,"唇裂，单侧"
Q37,"腭裂伴唇裂"
Q370,"硬腭裂伴双侧唇裂"
Q371,"硬腭裂伴单侧唇裂"
Q372,"软腭裂伴双侧唇裂"
Q373,"软腭裂伴单侧唇裂"
Q374,"硬腭裂和软腭裂伴双侧唇裂"
Q375,"硬腭裂和软腭裂伴单侧唇裂"
Q378,"未分类的腭裂伴双侧唇裂"
Q379,"未分类的腭裂伴单侧唇裂"
Q38,"其他先天性舌、口和咽畸形"
Q380,"先天性嘴唇畸形，未在其他地方分类"
Q381,"强直"
Q382,"巨舌"
Q383,"其他先天性舌畸形"
Q384,"唾液腺和导管的先天性畸形"
Q385,"先天性腭畸形，未在其他地方分类"
Q386,"其他先天性口腔畸形"
Q387,"先天性咽袋"
Q388,"其他先天性咽部畸形"
Q39,"先天性食管畸形"
Q390,"无瘘管的食管闭锁"
Q391,"食管闭锁伴气管食管瘘"
Q392,"先天性气管食管瘘，无闭锁"
Q393,"先天性食管狭窄"
Q394,"食管网"
Q395,"先天性食管扩张"
Q396,"先天性食管憩室"
Q398,"其他先天性食管畸形"
Q399,"先天性食管畸形，未明确"
Q40,"其他先天性上消化道畸形"
Q400,"先天性肥厚性幽门狭窄"
Q401,"先天性食管裂孔疝"
Q402,"其他特定的先天性胃畸形"
Q403,"先天性胃畸形，未指定"
Q408,"其他特定的上消化道先天性畸形"
Q409,"先天性上消化道畸形，未指定"
Q41,"先天性失神、闭锁和小肠狭窄"
Q410,"先天性失神、闭锁和十二指肠狭窄"
Q411,"先天性失神、闭锁和空肠狭窄"
Q412,"先天性失神、闭锁和回肠狭窄"
Q418,"先天性失神、闭锁和小肠其他指定部位狭窄"
Q419,"先天性失神、闭锁和小肠狭窄，部分未明确"
Q42,"先天性失神、闭锁和大肠狭窄"
Q420,"先天性失神、闭锁和直肠狭窄伴瘘管"
Q421,"先天性失神、闭锁和直肠狭窄，无瘘管"
Q422,"先天性失神、闭锁和肛门狭窄伴瘘管"
Q423,"先天性失神、闭锁和肛门狭窄，无瘘管"
Q428,"先天性失神、闭锁和大肠其他部位狭窄"
Q429,"先天性失神、闭锁和大肠狭窄，部分未明确"
Q43,"其他先天性肠道畸形"
Q430,"梅克尔憩室（移位）（肥厚）"
Q431,"先天性巨结肠"
Q432,"结肠的其他先天性功能障碍"
Q433,"先天性肠道固定畸形"
Q434,"肠重复"
Q435,"异位肛门"
Q436,"直肠和肛门先天性瘘管"
Q437,"持续性泄殖腔"
Q438,"其他特定的先天性肠道畸形"
Q439,"先天性肠道畸形，未指定"
Q44,"胆囊、胆管和肝脏的先天性畸形"
Q440,"胆囊发育不全、发育不全和发育不全"
Q441,"其他先天性胆囊畸形"
Q442,"胆管闭锁"
Q443,"先天性胆管狭窄和狭窄"
Q444,"胆总管囊肿"
Q445,"其他先天性胆管畸形"
Q446,"肝脏囊性疾病"
Q447,"其他先天性肝脏畸形"
Q45,"消化系统的其他先天性畸形"
Q450,"胰腺发育不全、发育不全和发育不全"
Q451,"环状胰腺"
Q452,"先天性胰腺囊肿"
Q453,"胰腺和胰管的其他先天性畸形"
Q458,"其他特定的消化系统先天性畸形"
Q459,"先天性消化系统畸形，未指定"
Q50,"卵巢、输卵管和宽韧带的先天性畸形"
Q500,"先天性卵巢缺失"
Q5001,"先天性卵巢缺失，单侧"
Q5002,"先天性卵巢缺失，双侧"
Q501,"发育性卵巢囊肿"
Q502,"先天性卵巢扭转"
Q503,"其他先天性卵巢畸形"
Q5031,"副卵巢"
Q5032,"卵巢条纹"
Q5039,"其他先天性卵巢畸形"
Q504,"输卵管胚胎囊肿"
Q505,"宽韧带胚胎囊肿"
Q506,"其他先天性输卵管和阔韧带畸形"
Q51,"子宫和宫颈的先天性畸形"
Q510,"子宫发育不全和发育不全"
Q511,"子宫加倍与子宫颈和阴道加倍"
Q5110,"子宫加倍，宫颈和阴道加倍，无梗阻"
Q5111,"子宫加倍，宫颈加倍，阴道加倍，梗阻"
Q512,"其他 子宫加倍"
Q5120,"其他子宫加倍，未指定"
Q5121,"子宫完全加倍"
Q5122,"子宫部分加倍"
Q5128,"其他和未指明的子宫加倍"
Q513,"双角子宫"
Q514,"单角子宫"
Q515,"宫颈发育不全和发育不全"
Q516,"宫颈胚胎囊肿"
Q517,"子宫与消化道和泌尿道之间的先天性瘘管"
Q518,"子宫和宫颈的其他先天性畸形"
Q5181,"其他先天性子宫畸形"
Q51810,"弓状子宫"
Q51811,"子宫发育不全"
Q51818,"其他先天性子宫畸形"
Q5182,"宫颈的其他先天性畸形"
Q51820,"宫颈重复"
Q51821,"宫颈发育不全"
Q51828,"宫颈的其他先天性畸形"
Q519,"先天性子宫和宫颈畸形，未指定"
Q52,"女性生殖器的其他先天性畸形"
Q520,"先天性阴道缺失"
Q521,"阴道加倍"
Q5210,"阴道加倍，未指明"
Q5211,"阴道横隔"
Q5212,"纵向阴道隔"
Q52120,"纵向阴道隔，无梗阻"
Q52121,"纵向阴道隔，梗阻，右侧"
Q52122,"纵向阴道隔，阻塞，左侧"
Q52123,"纵向阴道隔，微穿孔，右侧"
Q52124,"纵向阴道隔，微穿孔，左侧"
Q52129,"其他未指明的纵向阴道隔"
Q522,"先天性直肠阴道瘘"
Q523,"处女膜闭锁"
Q524,"其他先天性阴道畸形"
Q525,"阴唇融合"
Q526,"先天性畸形"
Q527,"其他未指明的先天性外阴畸形"
Q5270,"未分类的外阴先天性畸形"
Q5271,"先天性无外阴"
Q5279,"其他先天性外阴畸形"
Q528,"其他特定的女性生殖器先天性畸形"
Q529,"女性生殖器先天性畸形，未指定"
Q53,"隐睾和异位睾丸"
Q530,"异位睾丸"
Q5300,"异位睾丸，未指定"
Q5301,"异位睾丸，单侧"
Q5302,"异位睾丸，双侧"
Q531,"隐睾，单侧"
Q5310,"未指明的未降睾丸，单侧"
Q5311,"腹部睾丸，单侧"
Q53111,"单侧腹腔内睾丸"
Q53112,"单侧腹股沟睾丸"
Q5312,"异位会阴睾丸，单侧"
Q5313,"单侧阴囊高位睾丸"
Q532,"双侧隐睾"
Q5320,"隐睾，未指定，双侧"
Q5321,"腹部睾丸，双侧"
Q53211,"双侧腹腔内睾丸"
Q53212,"双侧腹股沟睾丸"
Q5322,"异位会阴睾丸，双侧"
Q5323,"双侧阴囊高位睾丸"
Q539,"隐睾，未指定"
Q54,"尿道"
Q540,"尿道下裂，型"
Q541,"尿道下裂，"
Q542,"尿道下裂，阴囊"
Q543,"尿道下裂，会阴"
Q544,"先天性脊髓"
Q548,"其他尿道下裂"
Q549,"尿道下裂，未指定"
Q55,"男性生殖器官的其他先天性畸形"
Q550,"睾丸缺失和发育不全"
Q551,"睾丸和阴囊发育不全"
Q552,"其他和未指明的睾丸和阴囊先天性畸形"
Q5520,"未分类的睾丸和阴囊先天性畸形"
Q5521,"多元论"
Q5522,"回缩性睾丸"
Q5523,"阴囊转位"
Q5529,"睾丸和阴囊的其他先天性畸形"
Q553,"输精管闭锁"
Q554,"输精管、附睾、精囊和前列腺的其他先天性畸形"
Q555,"先天性阴茎缺失和发育不全"
Q556,"其他先天性阴茎畸形"
Q5561,"阴茎弯曲（外侧）"
Q5562,"阴茎发育不全"
Q5563,"先天性阴茎扭转"
Q5564,"隐藏的阴茎"
Q5569,"其他先天性阴茎畸形"
Q557,"先天性血管皮肤瘘"
Q558,"男性生殖器官的其他特定先天性畸形"
Q559,"男性生殖器官先天性畸形，未指明"
Q56,"性别不确定和假性雌雄同体"
Q560,"雌雄同体，未分类"
Q561,"男性假性雌雄同体，未在其他地方分类"
Q562,"女性假雌雄同体，未在其他地方分类"
Q563,"假雌雄同体，未指定"
Q564,"性别不确定，未指定"
Q60,"肾发育不全和其他肾脏复位缺陷"
Q600,"肾发育不全，单侧"
Q601,"肾发育不全，双侧"
Q602,"肾发育不全，未明确"
Q603,"肾发育不全，单侧"
Q604,"肾脏发育不全，双侧"
Q605,"肾发育不全，未指定"
Q606,"波特综合症"
Q61,"囊性肾病"
Q610,"先天性肾囊肿"
Q6100,"先天性肾囊肿，未指定"
Q6101,"先天性单肾囊肿"
Q6102,"先天性多发性肾囊肿"
Q611,"多囊肾，婴儿型"
Q6111,"集合管囊性扩张"
Q6119,"其他婴儿型多囊肾"
Q612,"多囊肾，成人型"
Q613,"多囊肾，未指定"
Q614,"肾发育不良"
Q615,"髓质囊性肾"
Q618,"其他囊性肾病"
Q619,"囊性肾病，未指定"
Q62,"肾盂先天性梗阻性缺损和输尿管先天性畸形"
Q620,"先天性肾积水"
Q621,"输尿管先天性闭塞"
Q6210,"先天性输尿管闭塞，未明确"
Q6211,"先天性肾盂输尿管交界处闭塞"
Q6212,"先天性输尿管口闭塞"
Q622,"先天性巨输尿管"
Q623,"肾盂和输尿管的其他阻塞性缺损"
Q6231,"先天性输尿管囊肿，原位"
Q6232,"盲肠输尿管膨出"
Q6239,"肾盂和输尿管的其他阻塞性缺损"
Q624,"输尿管发育不全"
Q625,"输尿管重复"
Q626,"输尿管错位"
Q6260,"输尿管错位，未指明"
Q6261,"输尿管偏斜"
Q6262,"输尿管移位"
Q6263,"输尿管异常植入"
Q6269,"其他输尿管错位"
Q627,"先天性膀胱\-输尿管\-肾反流"
Q628,"输尿管的其他先天性畸形"
Q63,"其他先天性肾脏畸形"
Q630,"副肾"
Q631,"分叶肾、融合肾和马蹄肾"
Q632,"异位肾"
Q633,"增生性和巨大肾"
Q638,"其他特定的先天性肾脏畸形"
Q639,"先天性肾畸形，未指明"
Q64,"泌尿系统的其他先天性畸形"
Q640,"尿道上裂"
Q641,"膀胱外翻"
Q6410,"膀胱外翻，未指定"
Q6411,"膀胱上裂"
Q6412,"膀胱泄殖腔外翻"
Q6419,"其他膀胱外翻"
Q642,"先天性尿道后瓣膜"
Q643,"其他尿道和膀胱颈闭锁和狭窄"
Q6431,"先天性膀胱颈梗阻"
Q6432,"先天性尿道狭窄"
Q6433,"先天性尿路口狭窄"
Q6439,"其他尿道和膀胱颈闭锁和狭窄"
Q644,"尿道畸形"
Q645,"先天性膀胱和尿道缺失"
Q646,"先天性膀胱憩室"
Q647,"其他未指明的膀胱和尿道先天性畸形"
Q6470,"未指明的膀胱和尿道先天性畸形"
Q6471,"先天性尿道脱垂"
Q6472,"先天性尿路口脱垂"
Q6473,"先天性尿道直肠瘘"
Q6474,"双尿道"
Q6475,"双尿道"
Q6479,"膀胱和尿道的其他先天性畸形"
Q648,"其他特定的泌尿系统先天性畸形"
Q649,"先天性泌尿系统畸形，未指定"
Q65,"先天性髋关节畸形"
Q650,"先天性髋关节脱位，单侧"
Q6500,"先天性未指定髋关节脱位，单侧"
Q6501,"右髋关节先天性脱位，单侧"
Q6502,"先天性左髋关节脱位，单侧"
Q651,"先天性髋关节脱位，双侧"
Q652,"先天性髋关节脱位，未明确"
Q653,"先天性髋关节部分脱位，单侧"
Q6530,"先天性未指明髋关节部分脱位，单侧"
Q6531,"先天性右髋关节部分脱位，单侧"
Q6532,"先天性左髋关节部分脱位，单侧"
Q654,"先天性髋关节部分脱位，双侧"
Q655,"先天性髋关节部分脱位，未指定"
Q656,"先天性不稳定的髋关节"
Q658,"其他先天性髋关节畸形"
Q6581,"先天性 coxa valga"
Q6582,"先天性 coxa vara"
Q6589,"其他特定的先天性髋关节畸形"
Q659,"先天性髋关节畸形，未明确"
Q66,"先天性足部畸形"
Q660,"先天性马蹄蚣"
Q6600,"先天性马蹄蹄蹄，未指定足部"
Q6601,"先天性马蹄球，右脚"
Q6602,"先天性马蹄蹄蹄，左足"
Q661,"先天性跟骨 talipes calcaneovarus"
Q6610,"先天性跟骨睑板，未指定足部"
Q6611,"先天性跟骨睑板，右脚"
Q6612,"先天性跟骨睑板，左脚"
Q662,"先天性跖骨 （primus） 内翻"
Q6621,"先天性初发跖骨内翻"
Q66211,"先天性初内翻跖骨，右足"
Q66212,"先天性初内翻跖骨，左足"
Q66219,"先天性初内翻跖骨，未指定足部"
Q6622,"先天性跖骨内收"
Q66221,"先天性跖骨内收，右足"
Q66222,"先天性跖骨内收，左脚"
Q66229,"先天性跖骨内收，未指定足部"
Q663,"其他先天性足内翻畸形"
Q6630,"其他先天性足内翻畸形，未指明的足"
Q6631,"其他先天性足内翻畸形、右足"
Q6632,"其他先天性足内翻畸形、左足"
Q664,"先天性跟骨睑板"
Q6640,"先天性跟骨睑板，未指定足部"
Q6641,"先天性跟骨睑板，右脚"
Q6642,"先天性跟骨睑板，左脚"
Q665,"先天性扁平足"
Q6650,"先天性扁平足，未指定足部"
Q6651,"先天性扁平足，右足"
Q6652,"先天性扁平足，左足"
Q666,"其他先天性足外翻畸形"
Q667,"先天性高弓足"
Q6670,"先天性高弓足，未指定足部"
Q6671,"先天性高弓足，右脚"
Q6672,"先天性高弓足，左脚"
Q668,"其他先天性足部畸形"
Q6680,"先天性垂直距骨畸形，未分明的足部"
Q6681,"先天性垂直距骨畸形，右足"
Q6682,"先天性垂直距骨畸形，左足"
Q6689,"其他特定的先天性足部畸形"
Q669,"先天性足部畸形，未明确"
Q6690,"先天性足部畸形，未指定、未指定足部"
Q6691,"先天性足畸形，未指明，右足"
Q6692,"先天性足畸形，未指明，左足"
Q67,"头部、面部、脊柱和胸部的先天性肌肉骨骼畸形"
Q670,"先天性面部不对称"
Q671,"先天性压迫面容"
Q672,"长头"
Q673,"斜头畸形"
Q674,"颅骨、面部和下颌的其他先天性畸形"
Q675,"先天性脊柱畸形"
Q676,"漏斗胸"
Q677,"鸡胸"
Q678,"胸部的其他先天性畸形"
Q68,"其他先天性肌肉骨骼畸形"
Q680,"胸锁乳突肌先天性畸形"
Q681,"手指和手的先天性畸形"
Q682,"膝关节先天性畸形"
Q683,"先天性股骨弯曲"
Q684,"先天性胫骨和腓骨弯曲"
Q685,"先天性腿部长骨弯曲，未明确"
Q686,"盘状半月板"
Q688,"其他特定的先天性肌肉骨骼畸形"
Q69,"多指"
Q690,"附件手指"
Q691,"附件 thumb （）"
Q692,"附件脚趾"
Q699,"多指，未指定"
Q70,"并指"
Q700,"熔合的手指"
Q7000,"手指熔合，手部未指明"
Q7001,"融合的手指，右手"
Q7002,"熔合的手指，左手"
Q7003,"双侧融合手指"
Q701,"蹼状手指"
Q7010,"蹼状手指、未指明的手"
Q7011,"蹼状手指，右手"
Q7012,"蹼状手指，左手"
Q7013,"蹼状手指，双侧的"
Q702,"熔融脚趾"
Q7020,"脚趾融合，脚部不详"
Q7021,"融合脚趾，右脚"
Q7022,"融合脚趾，左脚"
Q7023,"双侧融合趾"
Q703,"蹼状脚趾"
Q7030,"蹼状脚趾，未指明的足部"
Q7031,"蹼状脚趾，右脚"
Q7032,"蹼状脚趾，左脚"
Q7033,"蹼状脚趾，双侧"
Q704,"多指，未指定"
Q709,"并指，未指定"
Q71,"上肢复位缺损"
Q710,"先天性上肢完全缺失"
Q7100,"先天性完全不存在未指明的上肢"
Q7101,"先天性右上肢完全缺失"
Q7102,"先天性左上肢完全缺失"
Q7103,"先天性上肢完全缺失，双侧"
Q711,"先天性上臂和前臂缺失，手部存在"
Q7110,"先天性无未指明的上臂和前臂，有手"
Q7111,"先天性右上臂和前臂缺失，手部存在"
Q7112,"先天性左上臂和左前臂缺失，手部存在"
Q7113,"先天性上臂和前臂缺失，手在场，双侧"
Q712,"先天性前臂和手缺失"
Q7120,"先天性前臂和手缺失，上肢不明"
Q7121,"先天性前臂和手部缺失，右上肢"
Q7122,"先天性前臂和手缺失，左上肢"
Q7123,"先天性前臂和手缺失，双侧"
Q713,"先天性手和手指缺失"
Q7130,"先天性无不明指的手和手指"
Q7131,"先天性右手和右手指缺失"
Q7132,"先天性左手和左手指缺失"
Q7133,"先天性手和手指缺失，双侧"
Q714,"半径纵向复位缺陷"
Q7140,"未指定半径的纵向复位缺陷"
Q7141,"直半径纵向复位缺陷"
Q7142,"左桡骨纵向复位缺陷"
Q7143,"双侧桡骨纵向复位缺损"
Q715,"尺骨纵向复位缺损"
Q7150,"未指定的尺骨纵向复位缺损"
Q7151,"右侧尺骨纵向复位缺损"
Q7152,"左尺骨纵向复位缺损"
Q7153,"尺骨纵向复位缺损，双侧"
Q716,"龙虾爪手"
Q7160,"龙虾爪手，未指定手"
Q7161,"龙虾爪右手"
Q7162,"龙虾爪左手"
Q7163,"龙虾爪手，双侧"
Q718,"上肢其他复位缺损"
Q7181,"先天性上肢缩短"
Q71811,"右上肢先天性缩短"
Q71812,"先天性左上肢缩短"
Q71813,"先天性上肢缩短，双侧"
Q71819,"未指明的上肢先天性缩短"
Q7189,"上肢其他复位缺损"
Q71891,"右上肢其他复位缺损"
Q71892,"左上肢其他复位缺损"
Q71893,"其他双侧上肢复位缺损"
Q71899,"其他未指明的上肢复位缺损"
Q719,"未指定的上肢复位缺损"
Q7190,"未指定上肢的未指定复位缺损"
Q7191,"未指定的右上肢复位缺损"
Q7192,"未指定的左上肢复位缺损"
Q7193,"未指定的上肢复位缺损，双侧"
Q72,"下肢复位缺损"
Q720,"先天性下肢完全缺失"
Q7200,"先天性完全无未指定的下肢"
Q7201,"先天性右下肢完全缺失"
Q7202,"先天性左下肢完全缺失"
Q7203,"先天性下肢完全缺失，双侧"
Q721,"先天性大腿和小腿缺失，有足"
Q7210,"先天性无未指明的大腿和小腿，伴有足部"
Q7211,"先天性右大腿和小腿缺失，有足"
Q7212,"先天性左大腿和小腿缺失，有足"
Q7213,"先天性大腿和小腿缺失，有足，双侧"
Q722,"先天性小腿和足部缺失"
Q7220,"先天性小腿和足缺失，下肢不明"
Q7221,"先天性小腿和足部缺失，右下肢"
Q7222,"先天性小腿和足部缺失，左下肢"
Q7223,"先天性小腿和足缺失，双侧"
Q723,"先天性足部和脚趾缺失"
Q7230,"先天性无未指明的足部和脚趾"
Q7231,"先天性右脚和右脚趾缺失"
Q7232,"先天性左脚和左脚趾缺失"
Q7233,"先天性足部和脚趾缺失，双侧"
Q724,"股骨纵向复位缺损"
Q7240,"未指明的股骨纵向复位缺损"
Q7241,"右股骨纵向复位缺损"
Q7242,"左股骨纵向复位缺损"
Q7243,"股骨纵向复位缺损，双侧"
Q725,"胫骨纵向复位缺损"
Q7250,"未指明的胫骨纵向复位缺损"
Q7251,"右侧胫骨纵向复位缺损"
Q7252,"左胫骨纵向复位缺损"
Q7253,"双侧胫骨纵向复位缺损"
Q726,"腓骨纵向复位缺损"
Q7260,"未指定腓骨纵向复位缺损"
Q7261,"右腓骨纵向复位缺损"
Q7262,"左腓骨纵向复位缺损"
Q7263,"双侧腓骨纵向复位缺损"
Q727,"分叉足"
Q7270,"分叉足，未指明的下肢"
Q7271,"分叉足，右下肢"
Q7272,"分叉的脚，左下肢"
Q7273,"双侧分叉"
Q728,"其他下肢复位功能障碍"
Q7281,"先天性下肢缩短"
Q72811,"右下肢先天性缩短"
Q72812,"先天性左下肢缩短"
Q72813,"先天性下肢缩短，双侧"
Q72819,"未指定下肢的先天性缩短"
Q7289,"其他下肢复位功能障碍"
Q72891,"右下肢其他复位功能障碍"
Q72892,"左下肢其他复位功能障碍"
Q72893,"其他双侧下肢复位缺损"
Q72899,"其他未指定的下肢复位缺损"
Q729,"下肢未指定的复位缺损"
Q7290,"未指定下肢的未指定复位缺损"
Q7291,"未指定的右下肢复位缺损"
Q7292,"未指定的左下肢复位缺损"
Q7293,"下肢未指定的复位缺损，双侧"
Q73,"未指定肢体的复位缺损"
Q730,"先天性无未指定肢体"
Q731,"Phocomelia，未指明的肢体"
Q738,"其他未指定肢体复位缺损"
Q74,"其他先天性肢体畸形"
Q740,"其他先天性上肢畸形，包括肩带"
Q741,"膝关节先天性畸形"
Q742,"其他先天性下肢畸形，包括骨盆带"
Q743,"先天性多发性关节弯曲"
Q748,"其他特定的先天性肢体畸形"
Q749,"未指明的先天性肢体畸形"
Q75,"颅骨和面部骨骼的其他先天性畸形"
Q750,"颅缝早闭"
Q751,"颅面骨发育不良"
Q752,"眼距过宽"
Q753,"大头畸形"
Q754,"下颌面骨发育不良"
Q755,"眼下颌骨发育不良"
Q758,"其他指定的颅骨和面部骨骼先天性畸形"
Q759,"颅骨和面部骨骼的先天性畸形，未指明"
Q76,"脊柱和骨胸的先天性畸形"
Q760,"隐性脊柱裂"
Q761,"Klippel\-Feil 综合征"
Q762,"先天性脊椎滑脱"
Q763,"先天性骨畸形引起的先天性脊柱侧凸"
Q764,"其他与脊柱侧弯无关的先天性脊柱畸形"
Q7641,"先天性脊柱后凸"
Q76411,"先天性脊柱后凸，枕\-寰\-轴区域"
Q76412,"先天性脊柱后凸，宫颈区域"
Q76413,"先天性脊柱后凸、颈胸区"
Q76414,"先天性脊柱后凸，胸部区域"
Q76415,"先天性脊柱后凸，胸腰椎区域"
Q76419,"先天性脊柱后凸，未指定区域"
Q7642,"先天性前凸"
Q76425,"先天性前凸，胸腰椎区域"
Q76426,"先天性脊柱前凸、腰椎区域"
Q76427,"先天性脊柱前凸，腰骶区"
Q76428,"先天性前凸、骶骨和骶尾部"
Q76429,"先天性前凸，未指定区域"
Q7649,"其他与脊柱侧弯无关的先天性脊柱畸形"
Q765,"颈肋"
Q766,"其他先天性肋骨畸形"
Q767,"先天性胸骨畸形"
Q768,"其他先天性胸椎畸形"
Q769,"先天性骨胸畸形，未指定"
Q77,"骨软骨发育不良伴管状骨和脊柱生长缺陷"
Q770,"软骨发育"
Q771,"血栓性身材矮小"
Q772,"短肋综合症"
Q773,"Chondrodysplasia punctata 点状增生"
Q774,"软骨发育不全"
Q775,"Diastrophic dysplasia （诊断性发育不良）"
Q776,"软骨外胚层发育不良"
Q777,"脊椎骨骺发育不良"
Q778,"其他伴有管状骨和脊柱生长缺陷的骨软骨发育不良"
Q779,"骨软骨发育不良伴管状骨和脊柱生长缺陷，未指定"
Q78,"其他骨软骨发育不良"
Q780,"成骨不全症"
Q781,"多骨性纤维发育不良"
Q782,"骨硬化症"
Q783,"进行性骨干发育不良"
Q784,"软骨瘤病"
Q785,"干骺端发育不良"
Q786,"多发性先天性外生骨疣"
Q788,"其他特定的骨软骨发育不良"
Q789,"骨软骨发育不良，未指定"
Q79,"肌肉骨骼系统的先天性畸形，未在其他地方分类"
Q790,"先天性膈疝"
Q791,"其他先天性膈肌畸形"
Q792,"外侧"
Q793,"腹裂"
Q794,"李肚综合症"
Q795,"其他先天性腹壁畸形"
Q7951,"先天性膀胱疝"
Q7959,"其他先天性腹壁畸形"
Q796,"Ehlers\-Danlos 综合征"
Q7960,"Ehlers\-Danlos 综合征，未指定"
Q7961,"经典型 Ehlers\-Danlos 综合征"
Q7962,"过度活动型 Ehlers\-Danlos 综合征"
Q7963,"血管性 Ehlers\-Danlos 综合征"
Q7969,"其他 Ehlers\-Danlos 综合征"
Q798,"肌肉骨骼系统的其他先天性畸形"
Q799,"先天性肌肉骨骼系统畸形，未指定"
Q80,"先天性鱼鳞病"
Q800,"寻常型鱼鳞病"
Q801,"X 连锁鱼鳞病"
Q802,"板层状鱼鳞病"
Q803,"先天性大疱性鱼鳞病样红皮病"
Q804,"丑角胎儿"
Q808,"其他先天性鱼鳞病"
Q809,"先天性鱼鳞病，未指定"
Q81,"大疱性表皮松解症"
Q810,"单纯性大疱性表皮松解症"
Q811,"大疱性表皮松解症"
Q812,"营养不良性大疱性表皮松解症"
Q818,"其他 大疱性表皮松解症"
Q819,"大疱性表皮松解症，未指定"
Q82,"其他先天性皮肤畸形"
Q820,"遗传性淋巴水肿"
Q821,"着色性干皮病"
Q822,"先天性皮肤肥大细胞增多症"
Q823,"色素失禁症"
Q824,"外胚层发育不良（无汗症）"
Q825,"先天性非肿瘤性痣"
Q826,"先天性骶部酒窝"
Q828,"其他特定的先天性皮肤畸形"
Q829,"先天性皮肤畸形，未指定"
Q83,"乳房先天性畸形"
Q830,"先天性乳房缺失伴缺失"
Q831,"副乳腺"
Q832,"缺失"
Q833,"附件奶嘴"
Q838,"其他先天性乳房畸形"
Q839,"先天性乳房畸形，未指定"
Q84,"其他先天性外皮畸形"
Q840,"先天性脱发"
Q841,"先天性头发形态紊乱，未分类"
Q842,"其他先天性头发畸形"
Q843,"Anonychia"
Q844,"先天性白甲"
Q845,"指甲增大和肥大"
Q846,"其他先天性指甲畸形"
Q848,"其他特定的先天性外皮畸形"
Q849,"先天性外皮畸形，未指定"
Q85,"晶状体瘤病，未在其他地方分类"
Q850,"神经纤维瘤病（非恶性）"
Q8500,"神经纤维瘤病，未指定"
Q8501,"神经纤维瘤病，1 型"
Q8502,"神经纤维瘤病，2 型"
Q8503,"神经鞘瘤病"
Q8509,"其他神经纤维瘤病"
Q851,"结节性硬化症"
Q858,"其他晶状体瘤病，未在其他地方分类"
Q8581,"PTEN 肿瘤综合征"
Q8582,"其他 Cowden 综合征"
Q8583,"Von Hippel\-Lindau 综合征"
Q8589,"其他晶状体瘤病，未在其他地方分类"
Q859,"晶状体瘤病，未指定"
Q86,"由已知外源性原因引起的先天性畸形综合征，未在其他地方分类"
Q860,"胎儿酒精综合征（畸形）"
Q861,"胎儿乙内酰脲综合征"
Q862,"华法林引起的畸形"
Q868,"已知外源性原因引起的其他先天性畸形综合征"
Q87,"影响多个系统的其他特定先天性畸形综合征"
Q870,"先天性畸形综合征主要影响面部外观"
Q871,"先天性畸形综合征主要与身材矮小有关"
Q8711,"Prader\-Willi 综合征"
Q8719,"其他主要与身材矮小相关的先天性畸形综合征"
Q872,"先天性畸形综合征，主要累及四肢"
Q873,"涉及早期过度生长的先天性畸形综合征"
Q874,"马凡氏综合征"
Q8740,"马凡氏综合征，未指定"
Q8741,"伴有心血管表现的马凡综合征"
Q87410,"马凡综合征伴主动脉扩张"
Q87418,"马凡综合征伴其他心血管表现"
Q8742,"伴有眼部表现的马凡综合征"
Q8743,"伴有骨骼表现的马凡综合征"
Q875,"其他先天性畸形综合征伴其他骨骼改变"
Q878,"其他未分类的指定先天性畸形综合征"
Q8781,"Alport 综合征"
Q8782,"动脉迂曲综合征"
Q8789,"其他未分类的指定先天性畸形综合征"
Q89,"其他先天性畸形，未在其他地方分类"
Q890,"先天性缺失和脾脏畸形"
Q8901,"无脾（先天性）"
Q8909,"先天性脾脏畸形"
Q891,"肾上腺先天性畸形"
Q892,"其他内分泌腺的先天性畸形"
Q893,"Situs inversus"
Q894,"连体双胞胎"
Q897,"多发性先天性畸形，未在其他地方分类"
Q898,"其他特定的先天性畸形"
Q899,"先天性畸形，未指定"
Q90,"唐氏综合症"
Q900,"21 三体，非嵌合体（减数分裂不分离）"
Q901,"21 三体，嵌合体（有丝分裂不分离）"
Q902,"21 三体，易位"
Q909,"唐氏综合症，未指定"
Q91,"18 三体和 13 三体"
Q910,"18 三体，非嵌合体（减数分裂不分离）"
Q911,"18 三体，嵌合体（有丝分裂不分离）"
Q912,"18 三体，易位"
Q913,"18 三体，未指定"
Q914,"13 三体，非嵌合体（减数分裂不分离）"
Q915,"13 三体，嵌合体（有丝分裂不分离）"
Q916,"13 三体，易位"
Q917,"13 三体，未指定"
Q92,"常染色体的其他三体性和部分三体性，未在其他地方分类"
Q920,"全染色体三体性，非嵌合体（减数分裂不分离）"
Q921,"全染色体三体性、嵌合体（有丝分裂不分离）"
Q922,"部分三体"
Q925,"与其他复杂重排的重复"
Q926,"标记染色体"
Q9261,"正常个体的标记染色体"
Q9262,"异常个体的标记染色体"
Q927,"三倍体和多倍体"
Q928,"常染色体的其他特定三体性和部分三体性"
Q929,"常染色体三体性和部分三体性，未指定"
Q93,"常染色体中的单体和缺失，未在其他地方分类"
Q930,"全染色体单体，非嵌合体（减数分裂不分离）"
Q931,"全染色体单体、嵌合体（有丝分裂不分离）"
Q932,"染色体被环状、双着丝粒或等染色体取代"
Q933,"4 号染色体短臂缺失"
Q934,"5 号染色体短臂缺失"
Q935,"染色体部分的其他缺失"
Q9351,"安格尔曼综合征"
Q9359,"染色体部分的其他缺失"
Q937,"其他复杂重排的缺失"
Q938,"常染色体的其他缺失"
Q9381,"Velo\-cardio\-facial 综合征"
Q9382,"威廉姆斯综合征"
Q9388,"其他微缺失"
Q9389,"常染色体的其他缺失"
Q939,"从常染色体中删除，未指定"
Q95,"平衡重排和结构标记，未分类"
Q950,"正常个体的平衡易位和插入"
Q951,"正常个体的染色体倒置"
Q952,"异常个体的平衡常染色体重排"
Q953,"异常个体的性别平衡/常染色体重排"
Q955,"常染色体脆弱部位的个体"
Q958,"其他平衡重排和结构标志物"
Q959,"平衡重排和结构标记，未指定"
Q96,"特纳综合征"
Q960,"核型 45，X"
Q961,"核型 46，X iso （Xq）"
Q962,"核型 46，X 伴有异常性染色体，除 iso （Xq） 外"
Q963,"嵌合体、45、X/46、XX 或 XY"
Q964,"嵌合体，45，性染色体异常的 X/其他细胞系"
Q968,"特纳综合征的其他变体"
Q969,"特纳综合征，未指定"
Q97,"其他性染色体异常、女性表型，未分类"
Q970,"核型 47， XXX"
Q971,"拥有三条以上 X 染色体的女性"
Q972,"嵌合体，具有不同数量 X 染色体的线条"
Q973,"女性 46，XY 核型"
Q978,"其他特定的性染色体异常、女性表型"
Q979,"性染色体异常，女性表型，未指定"
Q98,"其他性染色体异常，男性表型，未分类"
Q980,"克兰费尔特综合征核型 47，XXY"
Q981,"先天性睾丸发育不全综合征，男性，X 染色体超过 2 条"
Q983,"其他具有 46， XX 核型的男性"
Q984,"克兰费尔特综合征，未指定"
Q985,"核型 47，XYY"
Q986,"性染色体结构异常的男性"
Q987,"性染色体嵌合体的男性"
Q988,"其他特定的性染色体异常、男性表型"
Q989,"性染色体异常，男性表型，未指定"
Q99,"其他未分类的染色体异常"
Q990,"奇美拉 46、XX/46、XY"
Q991,"46、XX 真雌雄同体"
Q992,"脆性 X 染色体"
Q998,"其他特定的染色体异常"
Q999,"染色体异常，未指定"
R00,"心跳异常"
R000,"心动过速，未指明"
R001,"心动过缓，未指定"
R002,"心悸"
R008,"其他心跳异常"
R009,"未指定的心跳异常"
R01,"心脏杂音和其他心音"
R010,"良性和无害的心脏杂音"
R011,"心脏杂音，未明确"
R012,"其他心音"
R03,"血压读数异常，无诊断"
R030,"血压读数升高，但未诊断为高血压"
R031,"非特异性低血压读数"
R04,"呼吸道出血"
R040,"鼻出血"
R041,"咽喉出血"
R042,"咯血"
R048,"呼吸道其他部位出血"
R0481,"婴儿急性特发性肺出血"
R0489,"呼吸道其他部位出血"
R049,"呼吸道出血，未指明"
R05,"咳嗽"
R051,"急性咳嗽"
R052,"亚急性咳嗽"
R053,"慢性咳嗽"
R054,"咳嗽晕厥"
R058,"其他特定咳嗽"
R059,"咳嗽，未指明"
R06,"呼吸异常"
R060,"呼吸困难"
R0600,"呼吸困难，未指明"
R0601,"端坐呼吸"
R0602,"气短"
R0603,"急性呼吸窘迫"
R0609,"其他形式的呼吸困难"
R061,"鸣"
R062,"喘息"
R063,"周期性呼吸"
R064,"换气过度"
R065,"张口呼吸"
R066,"㰣"
R067,"打喷嚏"
R068,"其他呼吸异常"
R0681,"呼吸暂停，未分类"
R0682,"呼吸急促，未分类"
R0683,"打鼾"
R0689,"其他呼吸异常"
R069,"未指明的呼吸异常"
R07,"喉咙和胸部疼痛"
R070,"喉咙痛"
R071,"呼吸时胸痛"
R072,"心前区疼痛"
R078,"其他胸痛"
R0781,"胸痛"
R0782,"肋间疼痛"
R0789,"其他胸痛"
R079,"胸痛，未指明"
R09,"涉及循环和呼吸系统的其他症状和体征"
R090,"窒息和低氧血症"
R0901,"窒息"
R0902,"低氧血症"
R091,"胸膜炎"
R092,"呼吸停止"
R093,"痰液异常"
R098,"涉及循环和呼吸系统的其他特定症状和体征"
R0981,"鼻塞"
R0982,"鼻后滴漏"
R0989,"涉及循环和呼吸系统的其他特定症状和体征"
R10,"腹部和盆腔疼痛"
R100,"急腹症"
R101,"疼痛局限于上腹部"
R1010,"上腹痛，未明确"
R1011,"右上腹疼痛"
R1012,"左上腹疼痛"
R1013,"上腹痛"
R102,"盆腔和会阴疼痛"
R103,"疼痛局限于下腹部其他部位"
R1030,"下腹痛，未指明"
R1031,"右下腹疼痛"
R1032,"左下腹疼痛"
R1033,"脐周疼痛"
R108,"其他腹痛"
R1081,"腹部压痛"
R10811,"右上腹压痛"
R10812,"左上腹压痛"
R10813,"右下腹压痛"
R10814,"左下腹压痛"
R10815,"脐周腹部压痛"
R10816,"上腹压痛"
R10817,"全身性腹部压痛"
R10819,"腹部压痛，部位不明"
R1082,"腹部反跳压痛"
R10821,"右上腹反跳痛"
R10822,"左上腹反跳痛"
R10823,"右下腹反跳痛"
R10824,"左下腹反跳痛"
R10825,"脐周反跳痛 腹部压痛"
R10826,"上腹反跳痛 腹部压痛"
R10827,"全身反跳性腹部压痛"
R10829,"腹部反弹性压痛，部位不明"
R1083,"绞痛"
R1084,"全身性腹痛"
R109,"未指明的腹痛"
R11,"恶心和呕吐"
R110,"恶心"
R111,"呕吐"
R1110,"呕吐，未指明"
R1111,"呕吐无恶心"
R1112,"喷射性呕吐"
R1113,"呕吐粪便"
R1114,"胆汁性呕吐"
R1115,"与偏头痛无关的周期性呕吐综合征"
R112,"恶心伴呕吐，未指明"
R12,"烧心"
R13,"食厌痛和吞咽困难"
R130,"失闭症"
R131,"吞咽 困难"
R1310,"吞咽困难，未指明"
R1311,"吞咽困难，口腔期"
R1312,"吞咽困难，口咽期"
R1313,"吞咽困难，咽期"
R1314,"吞咽困难，咽食管期"
R1319,"其他 吞咽困难"
R14,"肠胃胀气和相关病症"
R140,"腹胀（气态）"
R141,"胀痛"
R142,"采集"
R143,"胀 气"
R15,"大便失禁"
R150,"排便不彻底"
R151,"粪便涂片"
R152,"大便急迫"
R159,"大便完全失禁"
R16,"肝肿大和脾肿大，未在其他部位分类"
R160,"肝肿大，未分类"
R161,"脾肿大，未分类"
R162,"肝肿大伴脾肿大，未分类"
R17,"未指明的黄疸"
R18,"腹水"
R180,"恶性腹水"
R188,"其他腹水"
R19,"涉及消化系统和腹部的其他症状和体征"
R190,"腹腔内和盆腔肿胀、肿块和肿块"
R1900,"腹腔内和盆腔肿胀、肿块和肿块，部位不明"
R1901,"右上腹肿胀、肿块和肿块"
R1902,"左上腹肿胀、肿块和肿块"
R1903,"右下腹肿胀、肿块和肿块"
R1904,"左下腹肿胀、肿块和肿块"
R1905,"脐周肿胀、肿块或肿块"
R1906,"上腹肿胀、肿块或肿块"
R1907,"全身性腹腔内和盆腔肿胀、肿块和肿块"
R1909,"其他腹腔内和盆腔肿胀、肿块和肿块"
R191,"肠鸣音异常"
R1911,"肠鸣音消失"
R1912,"肠鸣音亢进"
R1915,"其他异常肠鸣音"
R192,"可见的蠕动"
R193,"腹部强直"
R1930,"腹部强直，部位不明"
R1931,"右上腹强直"
R1932,"左上腹强直"
R1933,"右下腹强直"
R1934,"左下腹强直"
R1935,"脐周腹部强直"
R1936,"上腹强直"
R1937,"全身性腹强直"
R194,"排便习惯改变"
R195,"其他粪便异常"
R196,"口臭"
R197,"腹泻，未指定"
R198,"涉及消化系统和腹部的其他特定症状和体征"
R20,"皮肤感觉紊乱"
R200,"皮肤麻醉"
R201,"皮肤感觉减退"
R202,"皮肤感觉异常"
R203,"感觉过敏"
R208,"其他皮肤感觉障碍"
R209,"不明原因的皮肤感觉障碍"
R21,"皮疹和其他非特异性皮疹"
R22,"皮肤和皮下组织的局部肿胀、肿块和肿块"
R220,"局部肿胀、肿块和肿块、头部"
R221,"颈部局部肿胀、肿块和肿块"
R222,"局部肿胀、肿块和肿块、躯干"
R223,"局部肿胀、肿块和肿块、上肢"
R2230,"局部肿胀、肿块和肿块、未指明的上肢"
R2231,"局部肿胀、肿块和肿块，右上肢"
R2232,"左上肢局部肿胀、肿块和肿块"
R2233,"局部肿胀、肿块和肿块，上肢，双侧"
R224,"下肢局部肿胀、肿块和肿块"
R2240,"局部肿胀、肿块和肿块，下肢不明"
R2241,"右下肢局部肿胀、肿块和肿块"
R2242,"左下肢局部肿胀、肿块和肿块"
R2243,"局部肿胀、肿块和肿块、下肢、双侧"
R229,"局部肿胀、肿块和肿块，未指明"
R23,"其他皮肤变化"
R230,"紫 绀"
R231,"苍白"
R232,"冲洗"
R233,"自发性瘀斑"
R234,"皮肤纹理的变化"
R238,"其他皮肤变化"
R239,"不明皮肤变化"
R25,"异常的不自主运动"
R250,"头部运动异常"
R251,"震颤，未指明"
R252,"痉挛和痉挛"
R253,"肌束颤动"
R258,"其他异常不自主运动"
R259,"未指明的异常不自主运动"
R26,"步态和活动异常"
R260,"共济失调步态"
R261,"麻痹步态"
R262,"行走困难，未分类"
R268,"步态和活动能力的其他异常"
R2681,"脚部不稳"
R2689,"步态和活动能力的其他异常"
R269,"未特明的步态和活动异常"
R27,"其他缺乏协调"
R270,"共济失调，未指明"
R278,"其他缺乏协调"
R279,"未指明的缺乏协调"
R29,"涉及神经和肌肉骨骼系统的其他症状和体征"
R290,"手足搐搦"
R291,"假性脑膜炎"
R292,"反射异常"
R293,"姿势异常"
R294,"咔哒咔哒"
R295,"短暂性麻痹"
R296,"反复跌倒"
R297,"美国国立卫生研究院卒中量表 （NIHSS） 评分"
R2970,"NIHSS 评分 0\-9"
R29700,"NIHSS 评分 0"
R29701,"NIHSS 评分 1"
R29702,"NIHSS 评分 2"
R29703,"NIHSS 评分 3"
R29704,"NIHSS 评分 4"
R29705,"NIHSS 评分 5"
R29706,"NIHSS 评分 6"
R29707,"NIHSS 评分 7"
R29708,"NIHSS 评分 8"
R29709,"NIHSS 评分 9"
R2971,"NIHSS 评分 10\-19"
R29710,"NIHSS 评分 10"
R29711,"NIHSS 评分 11"
R29712,"NIHSS 评分 12"
R29713,"NIHSS 评分 13"
R29714,"NIHSS 评分 14"
R29715,"NIHSS 评分 15"
R29716,"NIHSS 评分 16"
R29717,"NIHSS 评分 17"
R29718,"NIHSS 评分 18"
R29719,"NIHSS 评分 19"
R2972,"NIHSS 评分 20\-29"
R29720,"NIHSS 评分 20"
R29721,"NIHSS 评分 21"
R29722,"NIHSS 评分 22"
R29723,"NIHSS 评分 23"
R29724,"NIHSS 评分 24"
R29725,"NIHSS 评分 25"
R29726,"NIHSS 评分 26"
R29727,"NIHSS 评分 27"
R29728,"NIHSS 评分 28"
R29729,"NIHSS 评分 29"
R2973,"NIHSS 评分 30\-39"
R29730,"NIHSS 评分 30"
R29731,"NIHSS 评分 31"
R29732,"NIHSS 评分 32"
R29733,"NIHSS 评分 33"
R29734,"NIHSS 评分 34"
R29735,"NIHSS 评分 35"
R29736,"NIHSS 评分 36"
R29737,"NIHSS 评分 37"
R29738,"NIHSS 评分 38"
R29739,"NIHSS 评分 39"
R2974,"NIHSS 评分 40\-42"
R29740,"NIHSS 评分 40"
R29741,"NIHSS 评分 41"
R29742,"NIHSS 评分 42"
R298,"涉及神经和肌肉骨骼系统的其他症状和体征"
R2981,"涉及神经系统的其他症状和体征"
R29810,"面部无力"
R29818,"涉及神经系统的其他症状和体征"
R2989,"涉及肌肉骨骼系统的其他症状和体征"
R29890,"身高下降"
R29891,"眼斜颈"
R29898,"涉及肌肉骨骼系统的其他症状和体征"
R299,"涉及神经和肌肉骨骼系统的未明确症状和体征"
R2990,"涉及神经系统的未明确症状和体征"
R2991,"涉及肌肉骨骼系统的未明确症状和体征"
R30,"排尿相关的疼痛"
R300,"排尿困难"
R301,"膀胱里急后重"
R309,"排尿疼痛，未指明"
R31,"血尿"
R310,"肉眼血尿"
R311,"良性原发性镜下血尿"
R312,"其他镜下血尿"
R3121,"无症状镜下血尿"
R3129,"其他镜下血尿"
R319,"血尿，未指明"
R32,"未指明的尿失禁"
R33,"尿潴留"
R330,"药物诱导的尿潴留"
R338,"其他尿潴留"
R339,"尿潴留，未指定"
R34,"无尿和少尿"
R35,"多尿症"
R350,"排尿频率"
R351,"夜尿症"
R358,"其他多尿"
R3581,"夜间多尿"
R3589,"其他多尿"
R36,"尿道分泌物"
R360,"尿道分泌物无血"
R361,"血精症"
R369,"尿道分泌物，未指定"
R37,"性功能障碍，未指定"
R39,"涉及泌尿生殖系统的其他和未指明的症状和体征"
R390,"尿液外渗"
R391,"排尿的其他困难"
R3911,"排尿犹豫"
R3912,"尿流不良"
R3913,"尿流分流"
R3914,"感觉膀胱排空不完全"
R3915,"尿急"
R3916,"努力排空"
R3919,"排尿的其他困难"
R39191,"需要立即重新作废"
R39192,"位置依赖性排尿"
R39198,"排尿的其他困难"
R392,"肾外尿毒症"
R398,"涉及泌尿生殖系统的其他症状和体征"
R3981,"功能性尿失禁"
R3982,"慢性膀胱疼痛"
R3983,"单侧不可触及的睾丸"
R3984,"双侧不可触及的睾丸"
R3989,"涉及泌尿生殖系统的其他症状和体征"
R399,"涉及泌尿生殖系统的未明确症状和体征"
R40,"嗜睡、昏睡和昏迷"
R400,"嗜 睡"
R401,"昏迷"
R402,"昏迷"
R4020,"未指明的昏迷"
R4021,"昏迷量表，睁眼"
R40211,"昏迷量表，睁开眼睛，从不"
R402110,"昏迷量表，睁开眼睛，从来没有，不明时间"
R402111,"昏迷量表，睁开眼睛，从不，在现场 \[EMT 或救护车\]"
R402112,"昏迷量表，睁开眼睛，从不，到达急诊科时"
R402113,"昏迷量表，睁开眼睛，从不，入院时"
R402114,"昏迷量表，睁眼，从不，入院后 24 小时或更长时间"
R40212,"昏迷量表，睁开眼睛，疼痛"
R402120,"昏迷量表，睁开眼睛，疼痛，时间不明"
R402121,"昏迷量表，睁眼，疼痛，在现场 \[EMT 或救护车\]"
R402122,"昏迷量表，睁眼，疼痛，到达急诊科时"
R402123,"昏迷量表，睁眼，疼痛，入院时"
R402124,"昏迷量表，睁眼，疼痛，入院后 24 小时或更长时间"
R40213,"昏迷量表，睁开眼睛，有声音"
R402130,"昏迷量表，睁开眼睛，有声音，时间不明"
R402131,"昏迷量表，睁开眼睛，有声音，在现场 \[EMT 或救护车\]"
R402132,"昏迷量表，睁眼，声音，到达急诊科时"
R402133,"昏迷量表，睁开眼睛，声音，入院时"
R402134,"昏迷量表，睁眼，有声音，入院后 24 小时或更长时间"
R40214,"昏迷量表，睁眼，自发性"
R402140,"昏迷量表，睁眼，自发，不明时间"
R402141,"昏迷量表，睁眼，自发性，在现场 \[EMT 或救护车\]"
R402142,"昏迷量表，睁眼，自发性，到达急诊科时"
R402143,"昏迷量表，睁眼，自发性，入院时"
R402144,"昏迷量表，睁眼，自发性，入院后 24 小时或更长时间"
R4022,"昏迷量表，最佳口头反应"
R40221,"昏迷量表，最佳口头反应，无"
R402210,"昏迷量表，最佳口头反应，无，未指定时间"
R402211,"昏迷量表，最佳口头反应，无，现场 \[EMT 或救护车\]"
R402212,"到达急诊科时昏迷量表，最佳口头反应，无"
R402213,"昏迷量表，最佳口头反应，无，入院时"
R402214,"昏迷量表，最佳口头反应，无，入院后 24 小时或更长时间"
R40222,"昏迷量表、最佳口头反应、难以理解的词语"
R402220,"昏迷量表、最佳口头反应、难以理解的单词、未指定时间"
R402221,"昏迷量表，最佳口头反应，难以理解的词语，在现场 \[EMT 或救护车\]"
R402222,"到达急诊科时昏迷量表、最佳口头反应、难以理解的词语"
R402223,"入院时昏迷量表、最佳口头反应、难以理解的词语"
R402224,"昏迷量表、最佳口头反应、难以理解的词语、入院后 24 小时或以上"
R40223,"昏迷量表、最佳口头反应、不恰当的词语"
R402230,"昏迷量表、最佳口头反应、不恰当词语、未指定时间"
R402231,"昏迷量表、最佳口头反应、不恰当词语、现场 \[EMT 或救护车\]"
R402232,"到达急诊科时昏迷量表、最佳口头反应、不恰当词语"
R402233,"昏迷量表、最佳口头反应、不恰当词语、入院时"
R402234,"昏迷量表、最佳口头反应、不恰当的词语、入院后 24 小时或更长时间"
R40224,"昏迷量表、最佳口头反应、对话混乱"
R402240,"昏迷量表、最佳口头反应、对话混乱、未指定时间"
R402241,"昏迷量表、最佳口头反应、对话混乱、现场 \[EMT 或救护车\]"
R402242,"昏迷量表、最佳口头反应、对话混乱、到达急诊科时"
R402243,"昏迷量表、最佳口头反应、对话混乱、入院时"
R402244,"昏迷量表、最佳口头反应、对话混乱、入院后 24 小时或更长时间"
R40225,"昏迷量表，最佳口头反应，定向"
R402250,"昏迷量表、最佳口头反应、定向、未指定时间"
R402251,"昏迷量表，最佳口头反应，定向，在现场 \[EMT 或救护车\]"
R402252,"昏迷量表，最佳口头反应，定向，到达急诊科时"
R402253,"昏迷量表，最佳口头反应，定向，入院时"
R402254,"昏迷量表，最佳口头反应，定向性，入院后 24 小时或更长时间"
R4023,"昏迷量表，最佳运动反应"
R40231,"昏迷量表，最佳运动反应，无"
R402310,"昏迷量表，最佳运动反应，无，未指定时间"
R402311,"昏迷量表，最佳运动反应，无，现场 \[EMT 或救护车\]"
R402312,"到达急诊科时昏迷量表，最佳运动反应，无"
R402313,"昏迷量表，最佳运动反应，无，入院时"
R402314,"昏迷量表，最佳运动反应，无，入院后 24 小时或更长时间"
R40232,"昏迷量表、最佳运动反应、伸展"
R402320,"昏迷量表、最佳运动反应、伸展、未指定时间"
R402321,"昏迷量表，最佳运动反应，伸展，现场 \[EMT 或救护车\]"
R402322,"昏迷量表、最佳运动反应、延长、到达急诊科时"
R402323,"昏迷量表、最佳运动反应、伸展、入院时"
R402324,"昏迷量表、最佳运动反应、延长、入院后 24 小时或更长时间"
R40233,"昏迷量表、最佳运动反应、异常屈曲"
R402330,"昏迷量表、最佳运动反应、异常屈曲、未指定时间"
R402331,"昏迷量表，最佳运动反应，异常屈曲，现场 \[EMT 或救护车\]"
R402332,"昏迷量表、最佳运动反应、异常屈曲、到达急诊科时"
R402333,"昏迷量表、最佳运动反应、异常屈曲、入院时"
R402334,"昏迷量表、最佳运动反应、异常屈曲、入院后 24 小时或更长时间"
R40234,"昏迷量表、最佳运动反应、屈曲退缩"
R402340,"昏迷量表、最佳运动反应、屈曲退缩、未指定时间"
R402341,"昏迷量表、最佳运动反应、屈曲退出、现场 \[EMT 或救护车\]"
R402342,"昏迷量表、最佳运动反应、屈曲退出、到达急诊科时"
R402343,"昏迷量表、最佳运动反应、屈曲退缩、入院时"
R402344,"昏迷量表、最佳运动反应、屈曲退缩、入院后 24 小时或更长时间"
R40235,"昏迷量表，最佳运动反应，定位疼痛"
R402350,"昏迷量表，最佳运动反应，定位疼痛，未指定时间"
R402351,"昏迷量表，最佳运动反应，定位疼痛，在现场 \[EMT 或救护车\]"
R402352,"昏迷量表，最佳运动反应，定位疼痛，到达急诊科时"
R402353,"昏迷量表，最佳运动反应，定位疼痛，入院时"
R402354,"昏迷量表，最佳运动反应，定位疼痛，入院后 24 小时或更长时间"
R40236,"昏迷量表，最佳运动反应，服从命令"
R402360,"昏迷量表、最佳运动反应、服从命令、未指定时间"
R402361,"昏迷量表，最佳运动反应，服从命令，在现场 \[EMT 或救护车\]"
R402362,"昏迷量表，最佳运动反应，服从命令，到达急诊科时"
R402363,"昏迷量表、最佳运动反应、服从命令、入院时"
R402364,"昏迷量表、最佳运动反应、服从命令、入院后 24 小时或更长时间"
R4024,"格拉斯哥昏迷量表，总分"
R40241,"格拉斯哥昏迷量表评分 13\-15"
R402410,"格拉斯哥昏迷量表评分 13\-15，未指定时间"
R402411,"格拉斯哥昏迷量表评分 13\-15，现场 \[EMT 或救护车\]"
R402412,"到达急诊科时格拉斯哥昏迷量表评分 13\-15 分"
R402413,"入院时格拉斯哥昏迷量表评分 13\-15 分"
R402414,"格拉斯哥昏迷量表评分 13\-15 分，入院后 24 小时或更长时间"
R40242,"格拉斯哥昏迷量表评分 9\-12"
R402420,"格拉斯哥昏迷量表评分 9\-12，未指定时间"
R402421,"格拉斯哥昏迷量表评分 9\-12，现场 \[EMT 或救护车\]"
R402422,"到达急诊科时格拉斯哥昏迷量表评分 9\-12 分"
R402423,"入院时格拉斯哥昏迷量表评分 9\-12 分"
R402424,"格拉斯哥昏迷量表评分 9\-12 分，入院后 24 小时或更长时间"
R40243,"格拉斯哥昏迷量表评分 3\-8 分"
R402430,"格拉斯哥昏迷量表评分 3\-8，未指定时间"
R402431,"格拉斯哥昏迷量表评分 3\-8，现场 \[EMT 或救护车\]"
R402432,"到达急诊科时格拉斯哥昏迷量表评分 3\-8 分"
R402433,"入院时格拉斯哥昏迷量表评分 3\-8 分"
R402434,"格拉斯哥昏迷量表评分 3\-8 分，入院后 24 小时或更长时间"
R40244,"其他昏迷，没有记录的格拉斯哥昏迷量表评分，或报告了部分评分"
R402440,"其他昏迷，没有记录的格拉斯哥昏迷量表评分，或报告了部分评分，时间未指定"
R402441,"其他昏迷，没有记录的格拉斯哥昏迷量表评分，或报告了部分评分，在现场 \[EMT 或救护车\]"
R402442,"其他昏迷，到达急诊科时没有记录的格拉斯哥昏迷量表评分，或报告了部分评分"
R402443,"入院时没有记录的格拉斯哥昏迷量表评分或报告部分评分的其他昏迷"
R402444,"入院后 24 小时或更长时间的其他昏迷，没有记录的格拉斯哥昏迷量表评分，或报告了部分评分"
R403,"持续性植物人状态"
R404,"意识的短暂改变"
R41,"涉及认知功能和意识的其他症状和体征"
R410,"定向障碍，未指定"
R411,"顺行性遗忘症"
R412,"逆行性健忘症"
R413,"其他遗忘症"
R414,"神经忽视综合征"
R418,"涉及认知功能和意识的其他症状和体征"
R4181,"与年龄相关的认知能力下降"
R4182,"精神状态改变，未指明"
R4183,"边缘智力功能"
R4184,"其他特定的认知缺陷"
R41840,"注意力和注意力缺陷"
R41841,"认知沟通缺陷"
R41842,"视觉空间缺陷"
R41843,"精神运动缺陷"
R41844,"额叶和执行功能缺陷"
R4189,"涉及认知功能和意识的其他症状和体征"
R419,"涉及认知功能和意识的未指明症状和体征"
R42,"头晕和头晕"
R43,"嗅觉和味觉障碍"
R430,"嗅觉丧失"
R431,"嗅觉倒错"
R432,"Parageusia"
R438,"其他嗅觉和味觉障碍"
R439,"未指明的嗅觉和味觉障碍"
R44,"涉及一般感觉和知觉的其他症状和体征"
R440,"幻听"
R441,"幻视"
R442,"其他幻觉"
R443,"幻觉，未指定"
R448,"涉及一般感觉和知觉的其他症状和体征"
R449,"涉及一般感觉和知觉的未明确症状和体征"
R45,"涉及情绪状态的症状和体征"
R450,"紧张"
R451,"烦躁不安和激越"
R452,"不幸"
R453,"士气低落和冷漠"
R454,"易怒和愤怒"
R455,"敌意"
R456,"暴力行为"
R457,"情绪冲击和压力状态，未指明"
R458,"涉及情绪状态的其他症状和体征"
R4581,"自卑"
R4582,"担心"
R4583,"儿童、青少年或成人过度哭泣"
R4584,"快感缺乏"
R4585,"杀人和自杀意念"
R45850,"杀人意念"
R45851,"自杀意念"
R4586,"情绪不稳定"
R4587,"冲动"
R4588,"非自杀性自我伤害"
R4589,"涉及情绪状态的其他症状和体征"
R46,"涉及外观和行为的症状和体征"
R460,"个人卫生水平非常低"
R461,"奇异的个人外表"
R462,"奇怪莫名其妙的行为"
R463,"过度活跃"
R464,"速度慢，响应能力差"
R465,"多疑和明显的逃避"
R466,"过度关注和关注压力事件"
R467,"冗长和环境细节掩盖了联系的原因"
R468,"涉及外表和行为的其他症状和体征"
R4681,"强迫行为"
R4689,"涉及外表和行为的其他症状和体征"
R47,"言语障碍，未分类"
R470,"言语障碍和失语症"
R4701,"失语症"
R4702,"言语障碍"
R471,"构音障碍和失落症"
R478,"其他言语障碍"
R4781,"言语不清"
R4782,"其他分类疾病中的流畅性障碍"
R4789,"其他言语障碍"
R479,"不明原因的言语障碍"
R48,"阅读障碍和其他象征性功能障碍，未在其他地方分类"
R480,"阅读障碍和失语症"
R481,"失认症"
R482,"失用症"
R483,"视觉失认症"
R488,"其他象征性功能障碍"
R489,"未指明的象征性功能障碍"
R49,"声音和共鸣障碍"
R490,"发音困难"
R491,"失音症"
R492,"高鼻音和低鼻音"
R4921,"鼻音高"
R4922,"低鼻音"
R498,"其他声音和共鸣障碍"
R499,"未分类的嗓音和共鸣障碍"
R50,"其他原因不明的发热"
R502,"药物引起的发热"
R508,"其他特定发热"
R5081,"发热表现为其他分类疾病"
R5082,"术后发热"
R5083,"接种疫苗后发热"
R5084,"发热性非溶血性输血反应"
R509,"发热，未指明"
R51,"头痛"
R510,"头痛伴直立性成分，未分类"
R519,"头痛，未指明"
R52,"疼痛，未指明"
R53,"不适和疲劳"
R530,"肿瘤性（恶性）相关疲劳"
R531,"弱点"
R532,"功能性四肢瘫痪"
R538,"其他不适和疲劳"
R5381,"其他不适"
R5382,"慢性疲劳，未指定"
R5383,"其他疲劳"
R54,"与年龄相关的身体虚弱"
R55,"晕厥和虚脱"
R56,"抽搐，未分类"
R560,"发热性惊厥"
R5600,"单纯性热性惊厥"
R5601,"复杂发热惊厥"
R561,"创伤后癫痫发作"
R569,"未指明的惊厥"
R57,"休克，未分类"
R570,"心源性休克"
R571,"低血容量性休克"
R578,"其他休克"
R579,"休克，未指定"
R58,"出血，未分类"
R59,"淋巴结肿大"
R590,"局限性淋巴结肿大"
R591,"全身性肿大的淋巴结"
R599,"淋巴结肿大，未指定"
R60,"水肿，未分类"
R600,"局部水肿"
R601,"全身性水肿"
R609,"水肿，未指定"
R61,"全身性多汗症"
R62,"儿童和成人缺乏预期的正常生理发育"
R620,"童年期里程碑延迟"
R625,"其他和未指明的儿童期缺乏预期的正常生理发育"
R6250,"儿童期未明确缺乏预期的正常生理发育"
R6251,"生长迟缓（儿童）"
R6252,"身材矮小（儿童）"
R6259,"其他 儿童期缺乏预期的正常生理发育"
R627,"成人生长迟缓"
R63,"有关食物和液体摄入的症状和体征"
R630,"厌食"
R631,"烦渴"
R632,"多食"
R633,"喂养困难"
R6330,"喂养困难，未指明"
R6331,"急性小儿喂养障碍"
R6332,"慢性儿科喂养障碍"
R6339,"其他喂养困难"
R634,"体重异常减轻"
R635,"体重异常增加"
R636,"体重"
R638,"有关食物和液体摄入的其他症状和体征"
R64,"恶病质"
R65,"与全身炎症和感染特别相关的症状和体征"
R651,"非感染性全身炎症反应综合征 （SIRS）"
R6510,"无急性器官功能障碍的非感染性全身炎症反应综合征 （SIRS）"
R6511,"非感染性全身炎症反应综合征 （SIRS） 伴急性器官功能障碍"
R652,"重度脓毒症"
R6520,"无脓毒性休克的重度脓毒症"
R6521,"重度脓毒症伴脓毒性休克"
R68,"其他一般症状和体征"
R680,"体温过低，与低环境温度无关"
R681,"婴儿特有的非特异性症状"
R6811,"婴儿 （baby） 过度哭闹"
R6812,"挑剔的婴儿 （婴儿）"
R6813,"婴儿明显危及生命的事件 （ALTE）"
R6819,"婴儿特有的其他非特异性症状"
R682,"口干，未指明"
R683,"杵状指"
R688,"其他一般症状和体征"
R6881,"早饱"
R6882,"下降"
R6883,"发冷（无发热）"
R6884,"下颌疼痛"
R6889,"其他一般症状和体征"
R69,"疾病，未指定"
R70,"红细胞沉降率升高和血浆粘度异常"
R700,"红细胞沉降率升高"
R701,"血浆粘度异常"
R71,"红细胞异常"
R710,"血细胞比容急剧下降"
R718,"红细胞的其他异常"
R73,"血糖水平升高"
R730,"血糖异常"
R7301,"空腹血糖受损"
R7302,"葡萄糖耐量受损（口服）"
R7303,"糖尿病前期"
R7309,"其他血糖异常"
R739,"高血糖，未指定"
R74,"血清酶水平异常"
R740,"转氨酶和乳酸脱氢酶 \[LDH\] 水平非特异性升高"
R7401,"肝转氨酶水平升高"
R7402,"乳酸脱氢酶 \[LDH\] 水平升高"
R748,"其他血清酶水平异常"
R749,"血清酶水平异常，未指定"
R75,"人类免疫缺陷病毒 \[HIV\] 的不确定实验室证据"
R76,"血清中的其他异常免疫学发现"
R760,"抗体滴度升高"
R761,"对结核病检测的非特异性反应"
R7611,"对结核菌素皮肤试验的非特异性反应，无活动性结核病"
R7612,"对细胞介导的免疫测量的非特异性反应 γ 干扰素抗原反应，无活动性结核病"
R768,"血清中其他特定的异常免疫学发现"
R769,"血清免疫学异常，未指定"
R77,"血浆蛋白的其他异常"
R770,"白蛋白异常"
R771,"球蛋白异常"
R772,"甲胎蛋白异常"
R778,"血浆蛋白的其他特定异常"
R779,"血浆蛋白异常，未指定"
R78,"发现血液中通常未发现的药物和其他物质"
R780,"血液中发现酒精"
R781,"血液中发现阿片类药物"
R782,"在血液中发现可卡因"
R783,"在血液中发现致幻剂"
R784,"在血液中发现其他具有成瘾潜力的药物"
R785,"血液中发现其他精神药物"
R786,"在血液中发现类固醇药物"
R787,"发现血液中重金属水平异常"
R7871,"血液中铅水平异常"
R7879,"发现血液中重金属水平异常"
R788,"发现血液中通常未发现的其他特定物质"
R7881,"菌血症"
R7889,"发现血液中通常未发现的其他特定物质"
R789,"发现血液中通常未发现的未指明物质"
R79,"血液化学的其他异常发现"
R790,"血液矿物质水平异常"
R791,"凝血功能异常"
R798,"其他指定的血液化学异常发现"
R7981,"血气水平异常"
R7982,"C 反应蛋白 （CRP） 升高"
R7983,"血液氨基酸水平异常"
R7989,"其他指定的血液化学异常发现"
R799,"血液化学异常发现，未指定"
R80,"蛋白尿"
R800,"孤立性蛋白尿"
R801,"持续性蛋白尿，未指定"
R802,"直立性蛋白尿，未指明"
R803,"Bence Jones 蛋白尿"
R808,"其他蛋白尿"
R809,"蛋白尿，未指定"
R81,"糖尿"
R82,"尿液中其他和未特明的异常发现"
R820,"乳糜尿症"
R821,"肌红蛋白尿"
R822,"胆尿症"
R823,"血红蛋白尿"
R824,"丙酮尿症"
R825,"尿液中药物、药物和生物物质的水平升高"
R826,"主要非药用物质的尿水平异常"
R827,"尿液微生物学检查异常"
R8271,"菌尿"
R8279,"尿液微生物学检查的其他异常发现"
R828,"尿液细胞学和组织学检查异常"
R8281,"脓尿"
R8289,"尿液细胞学和组织学检查的其他异常发现"
R829,"尿液中其他和未特明的异常发现"
R8290,"尿液中未指明的异常发现"
R8291,"尿液的其他染色体异常"
R8299,"尿液中的其他异常发现"
R82991,"低氓尿症"
R82992,"高草酸尿症"
R82993,"高尿酸尿症"
R82994,"高钙尿症"
R82998,"尿液中的其他异常发现"
R83,"脑脊液异常"
R830,"脑脊液中酶水平异常"
R831,"脑脊液中激素水平异常"
R832,"脑脊液中其他药物、药物和生物物质水平异常"
R833,"脑脊液中主要非药用物质的异常水平"
R834,"脑脊液免疫学检查结果异常"
R835,"脑脊液中的异常微生物学发现"
R836,"脑脊液细胞学异常"
R838,"脑脊液的其他异常发现"
R839,"脑脊液中未指明的异常发现"
R84,"呼吸器官和胸部标本的异常发现"
R840,"呼吸器官和胸部标本中的酶水平异常"
R841,"呼吸器官和胸部标本中的激素水平异常"
R842,"呼吸器官和胸部标本中其他药物、药物和生物物质水平异常"
R843,"呼吸器官和胸部标本中来源的物质（主要是非药用物质）水平异常"
R844,"呼吸器官和胸部标本的免疫学发现异常"
R845,"呼吸器官和胸部标本中的异常微生物学发现"
R846,"呼吸器官和胸部标本的异常细胞学发现"
R847,"呼吸器官和胸部标本的组织学发现异常"
R848,"呼吸器官和胸部标本中的其他异常发现"
R849,"呼吸器官和胸部标本中的不明异常发现"
R85,"消化器官和腹腔标本的异常发现"
R850,"消化器官和腹腔标本中酶水平异常"
R851,"消化器官和腹腔标本中的激素水平异常"
R852,"消化器官和腹腔标本中其他药物、药物和生物物质水平异常"
R853,"来自消化器官和腹腔的标本中物质（主要是非药用物质）水平异常"
R854,"消化器官和腹腔标本的免疫学异常"
R855,"消化器官和腹腔标本中的异常微生物学发现"
R856,"消化器官和腹腔标本的异常细胞学发现"
R8561,"肛门细胞学涂片异常"
R85610,"肛门细胞学涂片意义未明的非典型鳞状细胞 （ASC\-US）"
R85611,"非典型鳞状细胞不能在肛门细胞学涂片 （ASC\-H） 上排除高级别鳞状上皮内病变"
R85612,"肛门细胞学涂片 （LGSIL） 上的低级别鳞状上皮内病变"
R85613,"肛门细胞学涂片 （HGSIL） 上的高级别鳞状上皮内病变"
R85614,"肛门涂片上恶性肿瘤的细胞学证据"
R85615,"肛门细胞学涂片不满意"
R85616,"肛门涂片满意但缺乏移行区"
R85618,"肛门标本的其他异常细胞学发现"
R85619,"肛门标本中未特异性的异常细胞学发现"
R8569,"其他消化器官和腹腔标本的细胞学发现异常"
R857,"消化器官和腹腔标本的组织学发现异常"
R858,"消化器官和腹腔标本中的其他异常发现"
R8581,"肛门高危人瘤病毒 （HPV） DNA 检测呈阳性"
R8582,"肛门低危人瘤病毒 （HPV） DNA 检测呈阳性"
R8589,"消化器官和腹腔标本中的其他异常发现"
R859,"消化器官和腹腔标本中的不明异常发现"
R86,"男性生殖器官标本的异常发现"
R860,"男性生殖器官标本中的酶水平异常"
R861,"男性生殖器官标本中的激素水平异常"
R862,"男性生殖器官标本中其他药物、药物和生物物质水平异常"
R863,"来自男性生殖器官的标本中物质（主要是非药用物质）水平异常"
R864,"男性生殖器官标本的免疫学异常"
R865,"男性生殖器官标本中的异常微生物学发现"
R866,"男性生殖器官标本的细胞学发现异常"
R867,"男性生殖器官标本的组织学异常发现"
R868,"男性生殖器官标本中的其他异常发现"
R869,"男性生殖器官标本中的不明异常发现"
R87,"女性生殖器官标本的异常发现"
R870,"女性生殖器官标本中的酶水平异常"
R871,"女性生殖器官标本中的激素水平异常"
R872,"女性生殖器官标本中其他药物、药物和生物物质的水平异常"
R873,"女性生殖器官标本中来源的物质（主要是非药用物质）水平异常"
R874,"女性生殖器官标本的免疫学异常"
R875,"女性生殖器官标本中的异常微生物学发现"
R876,"女性生殖器官标本的异常细胞学发现"
R8761,"宫颈标本的异常细胞学发现"
R87610,"宫颈细胞学涂片上意义未明的非典型鳞状细胞 （ASC\-US）"
R87611,"非典型鳞状细胞不能在宫颈细胞学涂片 （ASC\-H） 上排除高级别鳞状上皮内病变"
R87612,"宫颈细胞学涂片 （LGSIL） 上的低级别鳞状上皮内病变"
R87613,"宫颈细胞学涂片 （HGSIL） 上的高级别鳞状上皮内病变"
R87614,"宫颈涂片上恶性肿瘤的细胞学证据"
R87615,"宫颈细胞学涂片不满意"
R87616,"宫颈涂片满意，但缺乏移行区"
R87618,"宫颈标本的其他异常细胞学发现"
R87619,"宫颈样本中未特异性的异常细胞学发现"
R8762,"阴道标本的异常细胞学发现"
R87620,"阴道细胞学涂片意义未确定的非典型鳞状细胞 （ASC\-US）"
R87621,"非典型鳞状细胞不能在阴道细胞学涂片 （ASC\-H） 上排除高级别鳞状上皮内病变"
R87622,"阴道细胞学涂片 （LGSIL） 上的低级别鳞状上皮内病变"
R87623,"阴道细胞学涂片 （HGSIL） 上的高级别鳞状上皮内病变"
R87624,"阴道涂片上恶性肿瘤的细胞学证据"
R87625,"阴道细胞学涂片不满意"
R87628,"阴道标本的其他异常细胞学发现"
R87629,"阴道标本中未特异性的异常细胞学发现"
R8769,"来自其他女性生殖器官的标本的异常细胞学发现"
R877,"女性生殖器官标本的组织学异常发现"
R878,"女性生殖器官标本中的其他异常发现"
R8781,"女性生殖器官高危人瘤病毒 （HPV） DNA 检测呈阳性"
R87810,"宫颈高危人瘤病毒 （HPV） DNA 检测呈阳性"
R87811,"阴道高危人瘤病毒 （HPV） DNA 检测呈阳性"
R8782,"女性生殖器官低危人瘤病毒 （HPV） DNA 检测呈阳性"
R87820,"宫颈低危人瘤病毒 （HPV） DNA 检测阳性"
R87821,"阴道低危人瘤病毒 （HPV） DNA 检测阳性"
R8789,"女性生殖器官标本中的其他异常发现"
R879,"女性生殖器官标本中的不明异常发现"
R88,"其他体液和物质的异常发现"
R880,"浑浊（血液透析）（腹膜）透析流出物"
R888,"其他体液和物质的异常发现"
R89,"其他器官、系统和组织的标本出现异常"
R890,"来自其他器官、系统和组织的标本中的酶水平异常"
R891,"来自其他器官、系统和组织的标本中的激素水平异常"
R892,"来自其他器官、系统和组织的标本中其他药物、药物和生物物质的水平异常"
R893,"来自其他器官、系统和组织的标本中主要为非药用物质的异常水平"
R894,"来自其他器官、系统和组织的标本中的异常免疫学发现"
R895,"来自其他器官、系统和组织的标本中的异常微生物学发现"
R896,"来自其他器官、系统和组织的标本中的异常细胞学发现"
R897,"来自其他器官、系统和组织的标本中的异常组织学发现"
R898,"来自其他器官、系统和组织的标本中的其他异常发现"
R899,"来自其他器官、系统和组织的标本中的不明异常发现"
R90,"中枢神经系统诊断性影像学检查结果异常"
R900,"在中枢神经系统的诊断性影像学检查中发现颅内占位病灶"
R908,"中枢神经系统诊断性影像学检查的其他异常发现"
R9081,"脑回声异常"
R9082,"白质病，未指定"
R9089,"中枢神经系统诊断性影像学检查的其他异常发现"
R91,"肺部诊断性影像学检查结果异常"
R911,"孤立性肺结节"
R918,"肺野的其他非特异性异常发现"
R92,"乳腺诊断性影像学检查的异常和不确定结果"
R920,"乳腺 X 线摄影微钙化在乳腺诊断成像中发现"
R921,"乳腺 X 线摄影发现乳腺 X 线摄影钙化"
R922,"不确定的乳腺 X 线摄影"
R928,"乳腺诊断性影像学检查的其他异常和不确定发现"
R93,"其他身体结构的诊断性影像学检查结果异常"
R930,"颅骨和头部的诊断性影像学检查结果异常，未在其他部位分类"
R931,"心脏和冠状动脉循环诊断性影像学检查结果异常"
R932,"肝脏和胆道诊断性影像学检查结果异常"
R933,"消化道其他部位的诊断性影像学检查结果异常"
R934,"泌尿器官诊断性影像学检查的异常发现"
R9341,"肾盂、输尿管或膀胱诊断性影像学检查结果异常"
R9342,"肾脏诊断性影像学检查结果异常"
R93421,"右肾诊断性影像学检查结果异常"
R93422,"左肾诊断性影像学检查结果异常"
R93429,"未指定肾脏的诊断性影像学检查结果异常"
R9349,"其他泌尿器官诊断性影像学检查结果异常"
R935,"其他腹部区域（包括腹膜后）的诊断性影像学检查结果异常"
R936,"肢体诊断性影像学检查结果异常"
R937,"肌肉骨骼系统其他部位的诊断性影像学检查结果异常"
R938,"其他特定身体结构的诊断性影像学检查结果异常"
R9381,"睾丸诊断性影像学检查结果异常"
R93811,"右睾丸诊断性影像学检查结果异常"
R93812,"左睾丸诊断性影像学检查结果异常"
R93813,"睾丸诊断性影像学检查结果异常，双侧"
R93819,"未指定睾丸的诊断性影像学检查结果异常"
R9389,"其他特定身体结构的诊断性影像学检查结果异常"
R939,"由于患者体内脂肪过多，诊断成像不确定"
R94,"功能检查结果异常"
R940,"中枢神经系统功能研究结果异常"
R9401,"异常脑电图 \[EEG\]"
R9402,"脑部扫描异常"
R9409,"中枢神经系统其他功能研究结果异常"
R941,"周围神经系统和特殊感觉功能检查的异常结果"
R9411,"眼睛功能研究结果异常"
R94110,"异常眼电图 \[EOG\]"
R94111,"异常视网膜电图 \[ERG\]"
R94112,"异常的视觉诱发电位 \[VEP\]"
R94113,"动眼神经检查异常"
R94118,"眼睛其他功能检查结果异常"
R9412,"耳朵和其他特殊感觉的功能研究结果异常"
R94120,"听觉功能异常研究"
R94121,"前庭功能检查异常"
R94128,"耳和其他特殊感官的其他功能研究结果异常"
R9413,"周围神经系统功能研究结果异常"
R94130,"对神经刺激的异常反应，未指定"
R94131,"异常肌电图 \[EMG\]"
R94138,"周围神经系统其他功能研究结果异常"
R942,"肺功能检查结果异常"
R943,"心血管功能检查结果异常"
R9430,"心血管功能研究结果异常，未指定"
R9431,"心电图异常 \[ECG\] \[EKG\]"
R9439,"其他心血管功能研究结果异常"
R944,"肾功能检查结果异常"
R945,"肝功能检查结果异常"
R946,"甲状腺功能检查结果异常"
R947,"其他内分泌功能检查结果异常"
R948,"其他器官和系统功能研究结果异常"
R97,"异常肿瘤标志物"
R970,"癌胚抗原 \[CEA\] 升高"
R971,"癌抗原 125 升高 \[CA 125\]"
R972,"前列腺特异性抗原 \[PSA\] 升高"
R9720,"前列腺特异性抗原 \[PSA\] 升高"
R9721,"前列腺恶性肿瘤治疗后 PSA 升高"
R978,"其他异常肿瘤标志物"
R99,"死亡原因不明"
U07,"紧急使用 U07"
U070,"电子烟相关障碍"
U071,"新型冠状病毒 （COVID\-19）"
U09,"COVID\-19 后状况"
U099,"COVID\-19 后状况，未指定"
Z00,"无主诉、疑似或报告诊断的全身检查"
Z000,"一般成人体检的遭遇"
Z0000,"遇到一般成人体格检查，无异常发现"
Z0001,"遇到一般成人体检并有异常发现"
Z001,"新生儿、婴儿和儿童健康检查"
Z0011,"新生儿健康检查"
Z00110,"8 天以下新生儿健康检查"
Z00111,"新生儿 8 至 28 日龄健康检查"
Z0012,"遭遇儿童常规健康检查"
Z00121,"遇到常规儿童健康检查并发现异常"
Z00129,"遇到常规儿童健康检查，无异常发现"
Z002,"童年快速成长期的体检相遇"
Z003,"青少年发育状态检查的遭遇"
Z005,"会面以检查器官和组织的潜在供体"
Z006,"临床研究计划中正常比较和控制的检查相遇"
Z007,"儿童期发育迟缓期检查的相遇"
Z0070,"遇到儿童期发育迟缓期无异常发现"
Z0071,"儿童期生长迟缓期检查有异常的情况"
Z008,"遇到其他一般检查"
Z01,"遇到其他特殊检查，无主诉、疑似或报告诊断"
Z010,"检查眼睛和视力的相遇"
Z0100,"会见检查眼睛和视力，无异常发现"
Z0101,"遇到异常发现的眼睛和视力检查"
Z0102,"视力筛查失败后进行眼睛和视力检查"
Z01020,"视力筛查失败后无异常发现的眼睛和视力检查"
Z01021,"视力筛查失败后出现异常结果后进行眼睛和视力检查"
Z011,"耳部和听力检查的遭遇"
Z0110,"接触耳部和听力检查，无异常发现"
Z0111,"遇到异常发现的耳部和听力检查"
Z01110,"听力筛查失败后进行听力检查"
Z01118,"遇到其他异常发现的耳和听"
Z0112,"邂逍逅听力保护和治疗"
Z012,"牙科检查和清洁"
Z0120,"进行牙科检查和清洁，无异常发现"
Z0121,"遇到牙科检查和清洁异常情况"
Z013,"检查血压的遭遇"
Z0130,"遇见血压检查，无异常发现"
Z0131,"遇到血压检查但结果异常"
Z014,"妇科检查的会面"
Z0141,"常规妇科检查的遭遇"
Z01411,"遇到妇科检查（一般）（常规）并有异常发现"
Z01419,"无异常发现的妇科检查（一般）（常规）"
Z0142,"在初始异常涂片后进行宫颈涂片检查以确认近期正常涂片的结果"
Z018,"遇到其他指定的特别检查"
Z0181,"术前检查的相遇"
Z01810,"术前心血管检查"
Z01811,"术前呼吸检查"
Z01812,"术前实验室检查的相遇"
Z01818,"遇到其他术前检查"
Z0182,"遭遇过敏测试"
Z0183,"血型鉴定的遭遇"
Z0184,"抗体反应检查的遭遇"
Z0189,"遇到其他指定的特别检查"
Z02,"行政审查的相遇"
Z020,"参加教育机构入学考试"
Z021,"职前考试的相遇"
Z022,"住宿机构入学考试"
Z023,"参加武装部队招募考试"
Z024,"驾驶执照考试的遭遇"
Z025,"参加体育运动的考试"
Z026,"为保险目的而进行的检查"
Z027,"申请签发医疗证明书"
Z0271,"残疾鉴定的遭遇"
Z0279,"申请签发其他医疗证明书"
Z028,"遇到其他行政考试"
Z0281,"亲子鉴定的遭遇"
Z0282,"Encounter for Adoption 服务"
Z0283,"遇见血液酒精和血液药物测试"
Z0289,"遇到其他行政考试"
Z029,"行政考试的遭遇，未指定"
Z03,"因疑似疾病和病症而遭遇医学观察被排除"
Z036,"排除了因摄入物质的可疑毒性作用而进行观察的遭遇"
Z037,"排除了疑似母体和胎儿疾病的遭遇"
Z0371,"排除了羊膜的疑似问题"
Z0372,"排除疑似胎盘问题的遭遇"
Z0373,"排除疑似胎儿异常的遭遇"
Z0374,"排除了疑似胎儿生长问题的遭遇"
Z0375,"排除疑似宫颈缩短的遭遇"
Z0379,"排除了其他疑似母体和胎儿疾病的遭遇"
Z038,"排除了其他疑似疾病和病症的观察"
Z0381,"排除了疑似接触生物制剂的观察"
Z03810,"排除了疑似炭疽暴露的观察"
Z03818,"排除了疑似暴露于其他生物制剂的观察遭遇"
Z0382,"排除了疑似异物观察的遭遇"
Z03821,"排除了疑似摄入异物的观察"
Z03822,"排除了疑似吸入（吸入）异物的观察"
Z03823,"排除了疑似插入（注射）异物的观察"
Z0383,"排除了与家庭生理监测设备相关的可疑情况的观察"
Z0389,"排除了其他疑似疾病和病症的观察"
Z04,"因其他原因进行检查和观察的相遇"
Z041,"运输事故后的检查和观察"
Z042,"工伤事故后检查和观察的相遇"
Z043,"其他事故后进行检查和观察的相遇"
Z044,"被指控强奸后的检查和观察"
Z0441,"被指控的成人强奸后的检查和观察"
Z0442,"被指控强奸儿童后的检查和观察"
Z046,"当局要求进行一般精神病学检查"
Z047,"在涉嫌身体虐待后遭遇检查和观察"
Z0471,"在涉嫌成人身体虐待后进行检查和观察"
Z0472,"在被指控的儿童身体虐待后进行检查和观察"
Z048,"因其他特定原因进行检查和观察"
Z0481,"遭遇被强迫性剥削后的受害者进行检查和观察"
Z0482,"对被强迫劳动剥削后的受害者进行检查和观察的遭遇"
Z0489,"因其他特定原因进行检查和观察"
Z049,"因不明原因遭遇检查和观察"
Z05,"排除了对新生儿可疑疾病和病症进行观察和评估的会面"
Z050,"排除新生儿疑似心脏病的观察和评估"
Z051,"排除新生儿疑似感染性疾病的观察和评估"
Z052,"排除新生儿疑似神经系统疾病的观察和评估"
Z053,"排除新生儿疑似呼吸系统疾病的观察和评估"
Z054,"排除了新生儿疑似遗传、代谢或免疫疾病的观察和评估"
Z0541,"排除新生儿疑似遗传病的观察和评估"
Z0542,"排除新生儿疑似代谢性疾病的观察和评估"
Z0543,"排除新生儿疑似免疫性疾病的观察和评估"
Z055,"排除新生儿疑似胃肠道疾病的观察和评估"
Z056,"排除新生儿疑似泌尿生殖系统疾病的观察和评估"
Z057,"排除了新生儿疑似皮肤、皮下、肌肉骨骼和结缔组织状况的观察和评估"
Z0571,"排除了新生儿疑似皮肤和皮下组织状况的观察和评估"
Z0572,"排除新生儿疑似肌肉骨骼疾病的观察和评估"
Z0573,"排除新生儿疑似结缔组织病的观察和评估"
Z058,"排除新生儿其他特定疑似病症的观察和评估"
Z059,"排除新生儿未指明疑似病症的观察和评估"
Z08,"恶性肿瘤治疗完成后的随访检查"
Z09,"完成恶性肿瘤以外的疾病治疗后进行随访检查"
Z11,"筛查传染病和寄生虫病的遭遇"
Z110,"邂逅肠道传染病筛查"
Z111,"邂逅呼吸道结核筛查"
Z112,"遇到其他细菌性疾病的筛查"
Z113,"筛查以性传播方式为主的感染的遭遇"
Z114,"人类免疫缺陷病毒 \[HIV\] 筛查的遭遇"
Z115,"遇到其他病毒性疾病的筛查"
Z1151,"人瘤病毒 （HPV） 筛查的遭遇"
Z1152,"COVID\-19 筛查的遭遇"
Z1159,"遇到其他病毒性疾病的筛查"
Z116,"筛查其他原生动物疾病和蠕虫病的遭遇"
Z117,"发现潜伏性结核感染的检测"
Z118,"遇到其他传染病和寄生虫病筛查"
Z119,"筛查传染病和寄生虫病的遭遇，未指定"
Z12,"邂逅筛查恶性肿瘤"
Z120,"筛查胃恶性肿瘤的遭遇"
Z121,"遇到筛查肠道恶性肿瘤"
Z1210,"遭遇筛查肠道恶性肿瘤，未指定"
Z1211,"筛查结肠恶性肿瘤的遭遇"
Z1212,"直肠恶性肿瘤筛查的遭遇"
Z1213,"小肠恶性肿瘤筛查的相遇"
Z122,"呼吸器官恶性肿瘤筛查的遭遇"
Z123,"筛查乳腺恶性肿瘤的遭遇"
Z1231,"乳腺恶性肿瘤乳腺 X 线摄影筛查"
Z1239,"遇到乳腺恶性肿瘤的其他筛查"
Z124,"宫颈恶性肿瘤筛查的遭遇"
Z125,"前列腺恶性肿瘤筛查的遭遇"
Z126,"筛查膀胱恶性肿瘤的遭遇"
Z127,"筛查其他泌尿生殖器官恶性肿瘤的遭遇"
Z1271,"睾丸恶性肿瘤筛查的遭遇"
Z1272,"阴道恶性肿瘤筛查的遭遇"
Z1273,"遭遇卵巢恶性肿瘤筛查"
Z1279,"筛查其他泌尿生殖器官恶性肿瘤的遭遇"
Z128,"遇到其他部位的恶性肿瘤筛查"
Z1281,"遇到筛查口腔恶性肿瘤"
Z1282,"神经系统恶性肿瘤筛查的遭遇"
Z1283,"皮肤恶性肿瘤筛查的遭遇"
Z1289,"遇到其他部位的恶性肿瘤筛查"
Z129,"遇到恶性肿瘤筛查，部位未指定"
Z13,"遇到其他疾病和病症的筛查"
Z130,"筛查血液和造血器官疾病以及涉及免疫机制的某些疾病"
Z131,"糖尿病筛查的遭遇"
Z132,"筛查营养、代谢和其他内分泌疾病"
Z1321,"遇到营养障碍筛查"
Z1322,"相遇代谢紊乱筛查"
Z13220,"筛查类脂性疾病的遭遇"
Z13228,"遇到其他代谢性疾病的筛查"
Z1329,"遇到其他疑似内分泌疾病的筛查"
Z133,"遇到心理健康和行为障碍的筛查检查"
Z1330,"遇到心理健康和行为障碍的筛查检查，未指定"
Z1331,"邂逅抑郁症筛查"
Z1332,"孕产妇抑郁症筛查的遭遇"
Z1339,"遇到其他心理健康和行为障碍的筛查检查"
Z134,"儿童期某些发育障碍筛查的遭遇"
Z1340,"筛查未指明的发育迟缓"
Z1341,"邂逅自闭症筛查"
Z1342,"筛查全球发育迟缓（里程碑）"
Z1349,"遇到其他发育迟缓筛查"
Z135,"筛查眼耳疾病"
Z136,"筛查心血管疾病的遭遇"
Z137,"筛查遗传和染色体异常的相遇"
Z1371,"遭遇遗传病携带者状态的非生育筛查"
Z1379,"遇到其他遗传和染色体异常筛查"
Z138,"筛查其他特定疾病和病症的会面"
Z1381,"消化系统疾病筛查的邂逅"
Z13810,"筛查上消化道疾病的遭遇"
Z13811,"筛查下消化道疾病的遭遇"
Z13818,"遇到其他消化系统疾病的筛查"
Z1382,"肌肉骨骼疾病筛查的遭遇"
Z13820,"邂逅骨质疏松症筛查"
Z13828,"筛查其他肌肉骨骼疾病的遭遇"
Z1383,"呼吸系统疾病 NEC 筛查的遭遇"
Z1384,"筛查牙齿疾病的相遇"
Z1385,"筛查神经系统疾病的邂逅"
Z13850,"创伤性脑损伤筛查的遭遇"
Z13858,"遇到其他神经系统疾病的筛查"
Z1388,"因暴露于污染物而出现疾病筛查"
Z1389,"遇到其他疾病筛查"
Z139,"筛查的遭遇，未指定"
Z14,"遗传载体"
Z140,"血友病 A 携带者"
Z1401,"无症状血友病 A 携带者"
Z1402,"症状性血友病 A 携带者"
Z141,"囊性纤维化携带者"
Z148,"其他疾病的遗传携带者"
Z15,"对疾病的遗传易感性"
Z150,"对恶性肿瘤的遗传易感性"
Z1501,"乳腺恶性肿瘤的遗传易感性"
Z1502,"对卵巢恶性肿瘤的遗传易感性"
Z1503,"对前列腺恶性肿瘤的遗传易感性"
Z1504,"对子宫内膜恶性肿瘤的遗传易感性"
Z1509,"对其他恶性肿瘤的遗传易感性"
Z158,"对其他疾病的遗传易感性"
Z1581,"多发性内分泌腺瘤病的遗传易感性 \[MEN\]"
Z1589,"对其他疾病的遗传易感性"
Z16,"对抗微生物药物耐药性"
Z161,"对 β 内酰胺类抗生素耐药"
Z1610,"对未指定的 β 内酰胺类抗生素耐药"
Z1611,"对青霉素耐药"
Z1612,"广谱 β 内酰胺酶 （ESBL） 耐药"
Z1619,"对其他特定 β 内酰胺类抗生素耐药"
Z162,"对其他抗生素耐药"
Z1620,"对未指定抗生素的耐药性"
Z1621,"对万古霉素耐药"
Z1622,"对万古霉素相关抗生素的耐药性"
Z1623,"对喹诺酮类和氟喹诺酮类药物耐药"
Z1624,"对多种抗生素耐药"
Z1629,"对其他单一特定抗生素的耐药性"
Z163,"对其他抗菌药物的耐药性"
Z1630,"对未指明的抗菌药物耐药"
Z1631,"对抗寄生虫药物耐药"
Z1632,"对抗真菌药物的耐药性"
Z1633,"对抗病毒药物耐药"
Z1634,"对抗分枝杆菌药物耐药"
Z16341,"对单一抗分枝杆菌药物耐药"
Z16342,"对多种抗分枝杆菌药物耐药"
Z1635,"对多种抗菌药物耐药"
Z1639,"对其他特定抗菌药物的耐药性"
Z17,"雌激素受体状态"
Z170,"雌激素受体阳性状态 \[ER\+\]"
Z171,"雌激素受体阴性状态 \[ER\-\]"
Z18,"残留的异物碎片"
Z180,"残留的放射性碎片"
Z1801,"残存的贫铀碎片"
Z1809,"其他残留放射性碎片"
Z181,"残留的金属碎片"
Z1810,"残留的金属碎片，未指定"
Z1811,"残留的磁性金属碎片"
Z1812,"残留的非磁性金属碎片"
Z182,"残留的塑料碎片"
Z183,"保留的有机片段"
Z1831,"保留的动物刺或刺"
Z1832,"固齿"
Z1833,"保留的木头碎片"
Z1839,"其他保留的有机片段"
Z188,"其他特定残留异物"
Z1881,"残留的玻璃碎片"
Z1883,"残留的结石或结晶碎片"
Z1889,"其他特定残留的异物碎片"
Z189,"残留的异物碎片，未指定材料"
Z19,"激素敏感性恶性肿瘤状态"
Z191,"激素敏感性恶性肿瘤状态"
Z192,"激素抵抗性恶性肿瘤状态"
Z20,"接触和（疑似）接触传染病"
Z200,"接触和（疑似）暴露于肠道传染病"
Z2001,"接触和（怀疑）暴露于大肠埃希菌（E\. coli）引起的肠道传染病"
Z2009,"接触和（疑似）暴露于其他肠道传染病"
Z201,"接触和（怀疑）接触结核病"
Z202,"接触和（疑似）暴露于以性传播方式为主的感染"
Z203,"接触狂犬病和（疑似）暴露于狂犬病"
Z204,"接触风疹和（疑似）暴露于风疹"
Z205,"接触和（疑似）暴露于病毒性肝炎"
Z206,"接触和（疑似）暴露于人类免疫缺陷病毒 \[HIV\]"
Z207,"接触和（怀疑）暴露于虱病、螨虫病和其他感染"
Z208,"接触和（疑似）接触其他传染病"
Z2081,"接触和（疑似）暴露于其他细菌传染病"
Z20810,"接触炭疽和（疑似）暴露于炭疽"
Z20811,"接触和（怀疑）暴露于脑膜炎球菌"
Z20818,"接触和（疑似）暴露于其他细菌传染病"
Z2082,"接触和（疑似）接触其他病毒性传染病"
Z20820,"接触和（怀疑）暴露于水痘"
Z20821,"接触和（疑似）接触寨卡病毒"
Z20822,"接触和（疑似）接触 COVID\-19"
Z20828,"接触和（疑似）接触其他病毒性传染病"
Z2089,"接触和（疑似）接触其他传染病"
Z209,"接触和（疑似）暴露于未指明传染病"
Z21,"无症状人类免疫缺陷病毒 \[HIV\] 感染状态"
Z22,"传染病携带者"
Z220,"伤寒携带者"
Z221,"其他肠道传染病的携带者"
Z222,"白喉携带者"
Z223,"其他特定细菌性疾病的携带者"
Z2231,"脑膜炎球菌引起的细菌性疾病携带者"
Z2232,"葡萄球菌引起的细菌性疾病携带者"
Z22321,"甲氧西林敏感金黄色葡萄球菌的携带者或疑似携带者"
Z22322,"耐甲氧西林金黄色葡萄球菌的携带者或疑似携带者"
Z2233,"链球菌引起的细菌性疾病携带者"
Z22330,"B 组链球菌的携带者"
Z22338,"其他链球菌的携带者"
Z2239,"其他特定细菌性疾病的携带者"
Z224,"以性传播方式为主的感染携带者"
Z225,"病毒性肝炎携带者"
Z2250,"未指明病毒性肝炎的携带者"
Z2251,"乙型病毒性肝炎携带者"
Z2252,"丙型病毒性肝炎携带者"
Z2259,"其他病毒性肝炎携带者"
Z226,"人嗜 T 淋巴细胞病毒 1 型 \[HTLV\-1\] 感染的携带者"
Z227,"潜伏性结核病"
Z228,"其他传染病携带者"
Z229,"传染病携带者，未指定"
Z23,"免疫接种"
Z28,"未进行免疫接种和免疫接种不足状态"
Z280,"因禁忌症而未进行免疫接种"
Z2801,"因患者急性疾病而未进行免疫接种"
Z2802,"因慢性疾病或患者状况而未进行免疫接种"
Z2803,"由于患者的免疫功能低下状态而未进行免疫接种"
Z2804,"由于患者对疫苗或成分过敏而未进行免疫接种"
Z2809,"因其他禁忌症而未进行免疫接种"
Z281,"由于患者出于信仰或群体压力的决定而未进行免疫接种"
Z282,"由于患者出于其他和未指明的原因决定而未进行免疫接种"
Z2820,"由于患者决定原因不明而未进行免疫接种"
Z2821,"因患者拒绝而未进行免疫接种"
Z2829,"由于患者出于其他原因的决定而未进行免疫接种"
Z283,"免疫接种不足状态"
Z2831,"COVID\-19 状态免疫接种不足"
Z28310,"未接种 COVID\-19 疫苗"
Z28311,"部分接种 COVID\-19 疫苗"
Z2839,"其他免疫接种不足状态"
Z288,"因其他原因未进行免疫接种"
Z2881,"由于患者患有疾病而未进行免疫接种"
Z2882,"由于护理人员拒绝而未进行免疫接种"
Z2883,"由于疫苗不可用而未进行免疫接种"
Z2889,"因其他原因未进行免疫接种"
Z289,"因不明原因未进行免疫接种"
Z29,"需要其他预防措施"
Z291,"预防性免疫治疗的遭遇"
Z2911,"呼吸道合胞病毒 （RSV） 预防性免疫治疗的遭遇"
Z2912,"预防性抗蛇毒素的遭遇"
Z2913,"预防性 Rho（D） 免疫球蛋白的治疗"
Z2914,"预防性狂犬病免疫球蛋白的遭遇"
Z293,"预防性氟化物给药的遭遇"
Z298,"遇到其他特定的预防措施"
Z299,"遇到预防措施，未指定"
Z30,"避孕管理的遭遇"
Z300,"一般咨询和避孕建议的会面"
Z3001,"初次开具避孕药具处方的遭遇"
Z30011,"初次开避孕药处方的遭遇"
Z30012,"紧急避孕药处方的遭遇"
Z30013,"初次开具避孕针剂处方的遭遇"
Z30014,"初次开具宫内节育器处方的遭遇"
Z30015,"初次开具阴道环激素避孕药的处方"
Z30016,"初次开具透皮贴剂激素避孕装置的处方"
Z30017,"初次开具植入式皮下避孕药的处方"
Z30018,"遇到其他避孕药具的初始处方"
Z30019,"初次开具避孕药具处方的遭遇，未指定"
Z3002,"自然计划生育避免怀孕的咨询和指导"
Z3009,"遇到其他一般性咨询和避孕建议"
Z302,"邂逅绝育"
Z304,"避孕药具监测的遭遇"
Z3040,"遭遇避孕药具监测，未指定"
Z3041,"避孕药监测的遭遇"
Z3042,"接触注射避孕药的监测"
Z3043,"遭遇宫内节育器监测"
Z30430,"遇到放置宫内节育器的情况"
Z30431,"例行检查宫内节育器的遭遇"
Z30432,"取下宫内节育器的遭遇"
Z30433,"取下和重新放置宫内节育器的遭遇"
Z3044,"遭遇阴道环激素避孕装置的监测"
Z3045,"经皮贴剂激素避孕装置监测的遭遇"
Z3046,"接触植入式皮下避孕药的监测"
Z3049,"遇到其他避孕药具的监测"
Z308,"遇到其他避孕管理"
Z309,"避孕药具管理的遭遇，未指定"
Z31,"Encounter for proreproductive management （邂逅生育管理）"
Z310,"遇到逆转先前的绝育"
Z314,"相遇进行生育调查和测试"
Z3141,"邂逅生育能力测试"
Z3142,"逆向灭菌后的善后护理"
Z3143,"遭遇对雌性进行基因检测以进行生殖管理"
Z31430,"遇到女性进行遗传病携带者状态检测以进行生殖管理"
Z31438,"遇到其他雌性基因检测以进行生殖管理"
Z3144,"遭遇对雄性进行基因检测以进行生育管理"
Z31440,"遇到男性进行遗传病携带者状态检测以进行生育管理"
Z31441,"复发性流产患者男性伴侣检测的相遇"
Z31448,"遇到男性进行其他基因检测以进行生殖管理"
Z3149,"其他生育调查和测试的遭遇"
Z315,"生育遗传咨询的邂逅"
Z316,"一般咨询和生育建议的会面"
Z3161,"使用自然计划生育的生育咨询和建议"
Z3162,"相遇保留生育力咨询"
Z3169,"遇到其他一般性咨询和生育建议"
Z317,"孕育者生育管理和咨询的相遇"
Z318,"遇到其他生育管理"
Z3181,"女性患者男性因素不育的遭遇"
Z3182,"遇到 Rh 不相容状态"
Z3183,"辅助生殖生育手术周期的相遇"
Z3184,"相遇保留生育力程序"
Z3189,"遇到其他生育管理"
Z319,"邂逍逅生育管理，未指定"
Z32,"怀孕检查和分娩及育儿指导的相遇"
Z320,"遭遇妊娠试验"
Z3200,"遇到妊娠试验，结果未知"
Z3201,"遇到妊娠试验，结果阳性"
Z3202,"遇到妊娠试验，结果为阴性"
Z322,"分娩指导的相遇"
Z323,"育儿指导的邂逅"
Z33,"怀孕状态"
Z331,"怀孕状态，偶然"
Z332,"选择性终止妊娠的遭遇"
Z333,"怀孕状态，妊娠携带者"
Z34,"正常怀孕的监督"
Z340,"正常第一次怀孕的监督相遇"
Z3400,"对正常第一次怀孕、未指定妊娠的监督"
Z3401,"对正常第一次怀孕、孕早期的监督相遇"
Z3402,"第一次怀孕、孕中期正常监督的相遇"
Z3403,"第一次怀孕、孕晚期正常监督的相遇"
Z348,"遇到其他正常怀孕的监督"
Z3480,"遇到其他正常妊娠的监督，未指定的妊娠期"
Z3481,"遇到其他正常妊娠的监督，孕早期"
Z3482,"遇到其他正常妊娠的监督，孕中期"
Z3483,"遇到其他正常妊娠的监督，妊娠晚期"
Z349,"正常妊娠监督的遭遇，未指定"
Z3490,"遭遇正常妊娠、未指定、未指定妊娠的监督"
Z3491,"正常妊娠监督的遭遇，未指定，妊娠早期"
Z3492,"遇到正常妊娠的监督，未指定，孕中期"
Z3493,"正常妊娠监督的遭遇，未指定，妊娠晚期"
Z36,"母亲产前筛查的遭遇"
Z360,"遭遇染色体异常的产前筛查"
Z361,"遭遇产前筛查甲胎蛋白水平升高"
Z362,"遇到其他产前筛查随访"
Z363,"遭遇产前畸形筛查"
Z364,"胎儿生长迟缓产前筛查的遭遇"
Z365,"遭遇产前同种免疫筛查"
Z368,"进行其他产前筛查"
Z3681,"胎儿水肿产前筛查的遭遇"
Z3682,"遭遇颈项透明层的产前筛查"
Z3683,"先天性心脏异常的胎儿筛查"
Z3684,"胎儿肺成熟度产前筛查的相遇"
Z3685,"B 型链球菌产前筛查的遭遇"
Z3686,"宫颈长度产前筛查的遭遇"
Z3687,"不确定日期的产前筛查"
Z3688,"巨大儿产前筛查的遭遇"
Z3689,"遇到其他指定的产前筛查"
Z368A,"遇到其他遗传缺陷的产前筛查"
Z369,"遭遇产前筛查，未指定"
Z37,"分娩结果"
Z370,"单活产"
Z371,"单胎死产"
Z372,"双胞胎，都是活产的"
Z373,"双胞胎，一个活产儿和一个死胎"
Z374,"双胞胎，都是死胎"
Z375,"其他多胞胎，全部活产"
Z3750,"多胞胎，未指定，全部活产"
Z3751,"三胞胎，都是活生生的"
Z3752,"四胞胎，都是活生生的"
Z3753,"五胞胎，都是活生生的"
Z3754,"六胞胎，都是活生生的"
Z3759,"其他多胞胎，全部活产"
Z376,"其他多胞胎，一些活产"
Z3760,"多胞胎，未指定，一些活产"
Z3761,"三胞胎，一些活生生的"
Z3762,"四胞胎，一些活生生的"
Z3763,"五胞胎，一些活生生的"
Z3764,"六胞胎，一些活生生的"
Z3769,"其他多胞胎，一些活产"
Z377,"其他多胞胎，全部死产"
Z379,"分娩结果，未指定"
Z38,"根据出生地和分娩类型划分的活产婴儿"
Z380,"在医院出生的单个活产婴儿"
Z3800,"单个活产婴儿，经阴道分娩"
Z3801,"单个活产婴儿，剖宫产"
Z381,"在医院外出生的单个活产婴儿"
Z382,"单个活产婴儿，未指定出生地点"
Z383,"双胞胎活产婴儿，在医院出生"
Z3830,"双胞胎活产婴儿，经阴道分娩"
Z3831,"双胞胎活产婴儿，剖宫产"
Z384,"双胞胎活产婴儿，在医院外出生"
Z385,"双胞胎活产婴儿，出生地未明确"
Z386,"其他在医院出生的多胞胎活产婴儿"
Z3861,"经阴道分娩的三胞胎活产婴儿"
Z3862,"三胞胎活产婴儿，剖宫产"
Z3863,"经阴道分娩的四胞胎活产婴儿"
Z3864,"剖宫产分娩的四胞胎活产婴儿"
Z3865,"阴道分娩的 Quintuplet 活产婴儿"
Z3866,"五胞胎活产婴儿，剖宫产"
Z3868,"其他多胞胎活产婴儿，经阴道分娩"
Z3869,"其他多胎活产婴儿，剖宫产分娩"
Z387,"其他多胞胎活产婴儿，在医院外出生"
Z388,"其他多胞胎活产婴儿，未指明出生地"
Z39,"产妇产后护理和检查的相遇"
Z390,"分娩后立即遇到母亲的护理和检查"
Z391,"哺乳期母亲的护理和检查的相遇"
Z392,"产后常规随访的相遇"
Z3A,"妊娠周数"
Z3A0,"怀孕周数，未指定或少于 10 周"
Z3A00,"未指定妊娠周数"
Z3A01,"怀孕少于 8 周"
Z3A08,"怀孕 8 周"
Z3A09,"怀孕 9 周"
Z3A1,"怀孕周，第 10\-19 周"
Z3A10,"怀孕 10 周"
Z3A11,"怀孕 11 周"
Z3A12,"怀孕 12 周"
Z3A13,"怀孕 13 周"
Z3A14,"怀孕 14 周"
Z3A15,"怀孕 15 周"
Z3A16,"怀孕 16 周"
Z3A17,"怀孕 17 周"
Z3A18,"怀孕 18 周"
Z3A19,"怀孕 19 周"
Z3A2,"妊娠周，第 20\-29 周"
Z3A20,"怀孕 20 周"
Z3A21,"怀孕 21 周"
Z3A22,"怀孕 22 周"
Z3A23,"怀孕 23 周"
Z3A24,"怀孕 24 周"
Z3A25,"怀孕 25 周"
Z3A26,"怀孕 26 周"
Z3A27,"怀孕 27 周"
Z3A28,"怀孕 28 周"
Z3A29,"怀孕 29 周"
Z3A3,"妊娠周，第 30\-39 周"
Z3A30,"怀孕 30 周"
Z3A31,"怀孕 31 周"
Z3A32,"怀孕 32 周"
Z3A33,"妊娠 33 周"
Z3A34,"怀孕 34 周"
Z3A35,"怀孕 35 周"
Z3A36,"怀孕 36 周"
Z3A37,"怀孕 37 周"
Z3A38,"怀孕 38 周"
Z3A39,"怀孕 39 周"
Z3A4,"妊娠周数，40 周或更长时间"
Z3A40,"妊娠 40 周"
Z3A41,"怀孕 41 周"
Z3A42,"怀孕 42 周"
Z3A49,"怀孕超过 42 周"
Z40,"预防性手术的遭遇"
Z400,"针对恶性肿瘤相关危险因素的预防性手术"
Z4000,"预防性切除未指定器官的遭遇"
Z4001,"预防性切除乳房的遭遇"
Z4002,"预防性切除卵巢的遭遇"
Z4003,"预防性切除输卵管的遭遇"
Z4009,"预防性切除其他器官的遭遇"
Z408,"遇到其他预防性手术"
Z409,"遭遇预防性手术，未指定"
Z41,"遇到用于补救健康状态以外的目的的程序"
Z411,"邂逅整容手术"
Z412,"例行公事和仪式性男性包皮环切术的相遇"
Z413,"邂逅耳洞"
Z418,"遇到用于补救健康状态以外的其他目的的其他程序"
Z419,"遇到用于补救运行状况状态以外的目的的程序，未指定"
Z42,"在医疗程序或愈合的损伤后进行整形和重建手术"
Z421,"乳房切除术后乳房重建的遭遇"
Z428,"在医疗程序或愈合的损伤后进行其他整形和重建手术"
Z43,"注意人工开口的遭遇"
Z430,"注意气管切开术的相遇"
Z431,"注意胃造瘘术"
Z432,"引起回肠造口术注意的遭遇"
Z433,"注意结肠造口术的遭遇"
Z434,"注意消化道的其他人工开口"
Z435,"膀胱造口术的注意事项"
Z436,"注意尿路的其他人工开口"
Z437,"人工阴道的关注"
Z438,"遇到其他人工开口"
Z439,"遭遇未指明人工开口"
Z44,"遇到外部修复装置的安装和调整"
Z440,"遇到人工臂的安装和调整"
Z4400,"未指定人工臂的拟合和调整的遭遇"
Z44001,"未指定右人工臂的安装和调整的遭遇"
Z44002,"未指定左人工臂的拟合和调整的遭遇"
Z44009,"未指定人工臂、未指定手臂的拟合和调整的遭遇"
Z4401,"完整人工臂的装配和调整的邂逅"
Z44011,"遇到完整的右人工臂的安装和调整"
Z44012,"完整左人工臂的安装和调整的遭遇"
Z44019,"遇到完整的人工臂、未指定手臂的安装和调整"
Z4402,"部分假肢的装配和调整的邂逅"
Z44021,"部分人工右臂的安装与调整"
Z44022,"部分人工左臂的装配和调整的遭遇"
Z44029,"部分人工臂、未指定手臂的拟合和调整的遭遇"
Z441,"遇到假肢的安装和调整"
Z4410,"未指定假肢的拟合和调整的遭遇"
Z44101,"未指定右假肢的安装和调整的遭遇"
Z44102,"未指定左假肢的安装和调整的遭遇"
Z44109,"遇到未指定假肢、未指定腿的安装和调整"
Z4411,"完整假肢的拟合和调整"
Z44111,"遇到完整的右假肢的安装和调整"
Z44112,"完整的左假肢的拟合和调整"
Z44119,"遇到完整的假肢、未指定腿的安装和调整"
Z4412,"部分假肢的装配和调整的邂逅"
Z44121,"部分人工右腿的拟合和调整的相遇"
Z44122,"部分人工左腿的装配和调整的遭遇"
Z44129,"部分假肢、未指定腿的拟合和调整的遭遇"
Z442,"遇到人造眼的拟合和调整"
Z4420,"遇到人工眼的拟合和调整，未指定"
Z4421,"人工右眼的拟合和调整的遭遇"
Z4422,"人工左眼的拟合和调整的邂逅"
Z443,"外乳房假体的安装和调整"
Z4430,"遇到外乳房假体的安装和调整，未指定的乳房"
Z4431,"遇到右外乳房假体的安装和调整"
Z4432,"左外乳房假体的安装与调整"
Z448,"遇到其他外部假体装置的安装和调整"
Z449,"遇到未指定的外部修复装置的安装和调整"
Z45,"植入装置调整和管理的相遇"
Z450,"心脏装置调整和管理的相遇"
Z4501,"心脏起搏器调整和管理的相遇"
Z45010,"心脏起搏器脉冲发生器 \[电池\] 检查和测试的遭遇"
Z45018,"遇到心脏起搏器其他部分的调整和管理"
Z4502,"自动植入式心脏除颤器的调整和管理"
Z4509,"遇到其他心脏装置的调整和管理"
Z451,"输液泵调整和管理的相遇"
Z452,"遇到血管通路装置的调整和管理"
Z453,"特殊感官植入装置的调整和管理"
Z4531,"植入式视觉替代装置的调整和管理的遭遇"
Z4532,"植入式助听器调整和管理的相遇"
Z45320,"骨传导装置调整与管理的邂逅"
Z45321,"人工耳蜗装置的调整和管理"
Z45328,"其他植入式助听器的调整和管理"
Z454,"植入式神经系统装置的调整与管理之遇"
Z4541,"脑脊液引流装置调整和管理的邂逅"
Z4542,"神经刺激器调整和管理的邂逅"
Z4549,"遇到其他植入式神经系统装置的调整和管理"
Z458,"遇到其他植入装置的调整和管理"
Z4581,"遇到调整或移除乳房植入物"
Z45811,"遇到调整或移除右乳房植入物"
Z45812,"遇到调整或移除左乳房植入物"
Z45819,"遇到调整或移除未指定的乳房植入物"
Z4582,"遇到调整或移除鼓膜切开装置（支架）（管）"
Z4589,"遇到其他植入装置的调整和管理"
Z459,"未指定植入装置调整和管理的遭遇"
Z46,"遇到其他设备的安装和调整"
Z460,"眼镜和隐形眼镜的验配和调整"
Z461,"遇到助听器的安装和调整"
Z462,"遇到与神经系统和特殊感官相关的其他装置的安装和调整"
Z463,"牙科修复装置的安装和调整"
Z464,"正畸装置的安装与调整"
Z465,"遇到其他胃肠道器具和装置的安装和调整"
Z4651,"胃腰带的安装和调整的相遇"
Z4659,"遇到其他胃肠道器具和装置的安装和调整"
Z466,"遇到导尿装置的安装和调整"
Z468,"遇到其他指定设备的安装和调整"
Z4681,"胰岛素泵的安装和调整"
Z4682,"非血管导管的安装和调整"
Z4689,"遇到其他指定设备的安装和调整"
Z469,"遇到未指定设备的安装和调整"
Z47,"骨科术后护理"
Z471,"关节置换手术后的善后护理"
Z472,"遇到移除内固定装置"
Z473,"关节假体移植后的术后护理"
Z4731,"肩关节假体移植术后的善后护理"
Z4732,"髋关节假体移植术后的善后护理"
Z4733,"膝关节假体移植术后的善后护理"
Z478,"遇到其他骨科术后护理"
Z4781,"手术截肢后骨科术后护理的会面"
Z4782,"脊柱侧弯手术后骨科术后护理的相遇"
Z4789,"遇到其他骨科术后护理"
Z48,"遇到其他术后护理"
Z480,"注意敷料、缝合线和引流管"
Z4800,"遇到更换或去除非手术伤口敷料"
Z4801,"遇到更换或移除手术伤口敷料"
Z4802,"移除缝合线的遭遇"
Z4803,"遇到更换或拆除排水管"
Z481,"计划术后伤口闭合的相遇"
Z482,"器官移植后善后护理的会面"
Z4821,"心脏移植术后的善后护理"
Z4822,"肾移植术后的善后护理"
Z4823,"肝移植术后护理的会面"
Z4824,"肺移植术后护理的会面"
Z4828,"多器官移植术后的善后咨询"
Z48280,"心肺移植术后的术后护理会面"
Z48288,"多器官移植术后的善后咨询"
Z4829,"其他器官移植后的善后护理"
Z48290,"骨髓移植术后的术后护理"
Z48298,"其他器官移植后的善后护理"
Z483,"肿瘤手术后的善后护理"
Z488,"遇到其他指定的术后护理"
Z4881,"特定身体系统手术后的手术后护理"
Z48810,"感觉器官手术后的手术后护理"
Z48811,"神经系统手术后的手术后护理"
Z48812,"循环系统手术后的手术后护理"
Z48813,"呼吸系统手术后的手术后护理"
Z48814,"牙齿或口腔手术后的手术后护理"
Z48815,"消化系统手术后的手术后护理"
Z48816,"泌尿生殖系统手术后的手术后护理"
Z48817,"皮肤和皮下组织手术后的手术后护理"
Z4889,"遇到其他指定的手术后护理"
Z49,"涉及肾透析的护理"
Z490,"肾透析的准备护理"
Z4901,"体外透析导管的安装与调整"
Z4902,"腹膜透析导管的安装与调整"
Z493,"透析充分性检测的相遇"
Z4931,"遇见血液透析的充分性测试"
Z4932,"腹膜透析充分性检测的相遇"
Z51,"其他善后和医疗护理的相遇"
Z510,"抗肿瘤放射治疗的遭遇"
Z511,"抗肿瘤化疗和免疫治疗的相遇"
Z5111,"抗肿瘤化疗的遭遇"
Z5112,"抗肿瘤免疫治疗的邂逅"
Z515,"姑息治疗的邂逅"
Z516,"遭遇对过敏原脱敏"
Z518,"遇到其他指定的善后护理"
Z5181,"治疗药物水平监测的 Encounter"
Z5189,"遇到其他指定的善后护理"
Z52,"器官和组织捐献者"
Z520,"献血"
Z5200,"未指明的献血者"
Z52000,"未指明的供体，全血"
Z52001,"未指明的供体，干细胞"
Z52008,"未指明的供体、其他血液"
Z5201,"自体献血者"
Z52010,"自体供体，全血"
Z52011,"自体供体，干细胞"
Z52018,"自体供体、其他血液"
Z5209,"其他献血者"
Z52090,"其他献血者、全血"
Z52091,"其他献血者、干细胞"
Z52098,"其他献血者、其他血液"
Z521,"皮肤供体"
Z5210,"皮肤供体，未指定"
Z5211,"皮肤供体，自体"
Z5219,"皮肤捐献者、其他"
Z522,"骨捐献者"
Z5220,"骨供体，未指定"
Z5221,"骨供体，自体"
Z5229,"骨捐献者、其他"
Z523,"骨髓捐献者"
Z524,"肾脏捐献者"
Z525,"角膜供体"
Z526,"肝脏供体"
Z528,"其他指定器官或组织的捐赠者"
Z5281,"卵子（卵母细胞）供体"
Z52810,"35 岁以下的卵子（卵母细胞）捐赠者，匿名接受者"
Z52811,"35 岁以下的卵子（卵母细胞）捐赠者，指定接受者"
Z52812,"35 岁及以上的卵子（卵母细胞）捐赠者，匿名接受者"
Z52813,"35 岁及以上的卵子（卵母细胞）捐赠者，指定接受者"
Z52819,"卵子（卵母细胞）供体，未指定"
Z5289,"其他指定器官或组织的捐赠者"
Z529,"未指定器官或组织的供体"
Z53,"接受健康服务进行特定程序和治疗但未执行的人"
Z530,"由于禁忌症而未进行程序和治疗"
Z5301,"因患者吸烟而未进行程序和治疗"
Z5309,"由于其他禁忌症而未进行手术和治疗"
Z531,"由于信念和群体压力的原因，由于患者的决定而未进行程序和治疗"
Z532,"由于其他和未指明的原因，由于患者的决定而未进行程序和治疗"
Z5320,"由于不明原因而因患者决定而未进行的程序和治疗"
Z5321,"由于患者在医疗保健提供者就诊之前离开而未进行程序和治疗"
Z5329,"由于患者因其他原因的决定而未进行的程序和治疗"
Z533,"过程转换为 open 过程"
Z5331,"腹腔镜手术转换为开放手术"
Z5332,"胸腔镜手术转为开放手术"
Z5333,"关节镜手术转换为开放手术"
Z5339,"转换为打开过程的其他指定过程"
Z538,"因其他原因未进行手术和治疗"
Z539,"未进行手术和治疗，原因不明"
Z55,"与教育和扫盲有关的问题"
Z550,"文盲和低水平识字"
Z551,"无法接受学校教育，也无法实现"
Z552,"学校考试不及格"
Z553,"在学校成绩不佳"
Z554,"教育适应不良以及与老师和同学的不和。"
Z555,"高中文凭以下"
Z556,"与健康素养相关的问题"
Z558,"与教育和扫盲有关的其他问题"
Z559,"与教育和识字相关的问题，未指明"
Z56,"与就业和失业有关的问题"
Z560,"失业率，未指定"
Z561,"换工作"
Z562,"失业的威胁"
Z563,"紧张的工作时间表"
Z564,"与老板和同事不和谐"
Z565,"不合宜的工作环境"
Z566,"与工作相关的其他身心劳损"
Z568,"其他与就业有关的问题"
Z5681,"工作中的性骚扰"
Z5682,"军事部署状态"
Z5689,"其他与就业有关的问题"
Z569,"与就业相关的未指明问题"
Z57,"危险因素的职业暴露"
Z570,"职业噪音暴露"
Z571,"职业辐射暴露"
Z572,"粉尘的职业暴露"
Z573,"职业暴露于其他空气污染物"
Z5731,"职业暴露于环境烟草烟雾"
Z5739,"职业暴露于其他空气污染物"
Z574,"农业中有毒物质的职业暴露"
Z575,"其他行业的有毒物质的职业暴露"
Z576,"职业暴露于极端温度"
Z577,"职业振动暴露"
Z578,"职业暴露于其他风险因素"
Z579,"职业暴露于未指明的危险因素"
Z58,"与物理环境相关的问题"
Z586,"饮用水供应不足"
Z588,"其他与物理环境有关的问题"
Z5881,"物理环境中的基础服务不可用"
Z5889,"其他与物理环境有关的问题"
Z59,"与住房和经济状况有关的问题"
Z590,"无家可归"
Z5900,"无家可归者未指定"
Z5901,"庇护所无家可归者"
Z5902,"无家可归者"
Z591,"住房不足"
Z5910,"住房不足，未指明"
Z5911,"房屋环境温度不足"
Z5912,"住房公用事业不足"
Z5919,"其他不适宜住房"
Z592,"与邻居、房客和房东不和。"
Z593,"与住宿机构生活有关的问题"
Z594,"缺乏足够的食物"
Z5941,"粮食不安全"
Z5948,"其他特定缺乏足够的食物"
Z595,"极端贫困"
Z596,"低收入"
Z597,"社会保险和福利支持不足"
Z598,"与住房和经济状况相关的其他问题"
Z5981,"住房不稳定，有住房"
Z59811,"住房不稳定，有住房，有无家可归的风险"
Z59812,"过去 12 个月的住房不稳定、有住房、无家可归"
Z59819,"住房不稳定，住房未指定"
Z5982,"交通不安全"
Z5986,"财务不安全"
Z5987,"由于财政资源有限而导致的物质困难，未在其他地方分类"
Z5989,"与住房和经济状况相关的其他问题"
Z599,"与住房和经济状况相关的问题，未指明"
Z60,"与社会环境相关的问题"
Z600,"适应生命周期转换的问题"
Z602,"与独居有关的问题"
Z603,"文化适应难度"
Z604,"社会排斥和排斥"
Z605,"（感知到的）不利歧视和迫害的对象"
Z608,"其他与社会环境有关的问题"
Z609,"与社会环境相关的问题，未指明"
Z62,"与教养有关的问题"
Z620,"父母的监督和控制不足"
Z621,"父母过度保护"
Z622,"远离父母的抚养"
Z6221,"福利监护儿童"
Z6222,"机构教养"
Z6229,"远离父母的其他教养"
Z623,"敌视儿童和将儿童作为替罪羊"
Z626,"父母施加不适当（过度）压力"
Z628,"其他与教养相关的特定问题"
Z6281,"童年时期的个人虐待史"
Z62810,"童年时期身体虐待和性虐待的个人史"
Z62811,"童年时期心理虐待的个人史"
Z62812,"童年时期被忽视的个人史"
Z62813,"童年时期强迫劳动或性剥削的个人历史"
Z62814,"儿童经济虐待的个人历史"
Z62815,"童年时期虐待亲密伴侣的个人史"
Z62819,"童年时期未指明的虐待个人史"
Z6282,"父子冲突"
Z62820,"亲生子女冲突"
Z62821,"父母与收养的孩子冲突"
Z62822,"父母与寄养儿童的冲突"
Z6289,"其他与教养相关的特定问题"
Z62890,"亲子疏远 NEC"
Z62891,"兄弟姐妹竞争"
Z62898,"其他与教养相关的特定问题"
Z629,"与教养相关的问题，未指定"
Z63,"与初级互助小组相关的其他问题，包括家庭情况"
Z630,"与配偶或伴侣的关系问题"
Z631,"与姻亲的关系问题"
Z633,"家人不在"
Z6331,"因军事部署而没有家人"
Z6332,"其他家庭成员缺席"
Z634,"家庭成员的失踪和死亡"
Z635,"分居和离婚对家庭的破坏"
Z636,"需要在家中照顾的受抚养亲属"
Z637,"影响家庭和家庭的其他压力性生活事件"
Z6371,"家庭成员从军队部署返回给家庭带来压力"
Z6372,"家庭中的酗酒和药物成瘾"
Z6379,"影响家庭和家庭的其他压力性生活事件"
Z638,"与初级互助组相关的其他特定问题"
Z639,"与主要支持组相关的问题，未指定"
Z64,"与某些社会心理环境相关的问题"
Z640,"与意外怀孕相关的问题"
Z641,"与多重奇偶性相关的问题"
Z644,"与咨询师不和谐"
Z65,"与其他社会心理环境相关的问题"
Z650,"在民事和刑事诉讼中被定罪而无监禁"
Z651,"监禁和其他监禁"
Z652,"与出狱有关的问题"
Z653,"与其他法律情况相关的问题"
Z654,"犯罪和恐怖主义的受害者"
Z655,"暴露于灾难、战争和其他敌对行动中"
Z658,"与社会心理环境相关的其他特定问题"
Z659,"与未指明的社会心理环境相关的问题"
Z66,"不要复苏"
Z67,"血型"
Z671,"A 型血"
Z6710,"A 型血，Rh 阳性"
Z6711,"A 型血，Rh 阴性"
Z672,"B 型血"
Z6720,"B 型血，Rh 阳性"
Z6721,"B 型血，Rh 阴性"
Z673,"AB 型血"
Z6730,"AB 型血，Rh 阳性"
Z6731,"AB 型血，Rh 阴性"
Z674,"O 型血"
Z6740,"O 型血，Rh 阳性"
Z6741,"O 型血，Rh 阴性"
Z679,"未指定血型"
Z6790,"血型不明，Rh 阳性"
Z6791,"血型不明，Rh 阴性"
Z68,"体重指数 \[BMI\]"
Z681,"体重指数 \[BMI\] 19\.9 或更低，成人"
Z682,"体重指数 \[BMI\] 20\-29，成人"
Z6820,"体重指数 \[BMI\] 20\.0\-20\.9，成人"
Z6821,"体重指数 \[BMI\] 21\.0\-21\.9，成人"
Z6822,"体重指数 \[BMI\] 22\.0\-22\.9，成人"
Z6823,"体重指数 \[BMI\] 23\.0\-23\.9，成人"
Z6824,"体重指数 \[BMI\] 24\.0\-24\.9，成人"
Z6825,"体重指数 \[BMI\] 25\.0\-25\.9，成人"
Z6826,"体重指数 \[BMI\] 26\.0\-26\.9，成人"
Z6827,"体重指数 \[BMI\] 27\.0\-27\.9，成人"
Z6828,"体重指数 \[BMI\] 28\.0\-28\.9，成人"
Z6829,"体重指数 \[BMI\] 29\.0\-29\.9，成人"
Z683,"体重指数 \[BMI\] 30\-39，成人"
Z6830,"体重指数 \[BMI\] 30\.0\-30\.9，成人"
Z6831,"体重指数 \[BMI\] 31\.0\-31\.9，成人"
Z6832,"体重指数 \[BMI\] 32\.0\-32\.9，成人"
Z6833,"体重指数 \[BMI\] 33\.0\-33\.9，成人"
Z6834,"体重指数 \[BMI\] 34\.0\-34\.9，成人"
Z6835,"体重指数 \[BMI\] 35\.0\-35\.9，成人"
Z6836,"体重指数 \[BMI\] 36\.0\-36\.9，成人"
Z6837,"体重指数 \[BMI\] 37\.0\-37\.9，成人"
Z6838,"体重指数 \[BMI\] 38\.0\-38\.9，成人"
Z6839,"体重指数 \[BMI\] 39\.0\-39\.9，成人"
Z684,"体重指数 \[BMI\] 40 或更高，成人"
Z6841,"体重指数 \[BMI\] 40\.0\-44\.9，成人"
Z6842,"体重指数 \[BMI\] 45\.0\-49\.9，成人"
Z6843,"体重指数 \[BMI\] 50\.0\-59\.9，成人"
Z6844,"体重指数 \[BMI\] 60\.0\-69\.9，成人"
Z6845,"体重指数 \[BMI\] 70 或更高，成人"
Z685,"儿科体重指数 \[BMI\]"
Z6851,"儿童体重指数 \[BMI\]，小于年龄第 5 个百分位数"
Z6852,"体重指数 \[BMI\] 儿科，年龄第 5 个百分位数至低于第 85 个百分位数"
Z6853,"体重指数 \[BMI\] 儿科，年龄第 85 个百分位数至低于第 95 个百分位数"
Z6854,"体重指数 \[BMI\] 儿科，大于或等于年龄第 95 个百分位数"
Z69,"为虐待受害者和施暴者提供心理健康服务的遭遇"
Z690,"针对虐待儿童问题的心理健康服务的遭遇"
Z6901,"父母虐待儿童的心理健康服务"
Z69010,"为父母虐待儿童的受害者提供心理健康服务的遭遇"
Z69011,"为父母虐待儿童的肇事者提供心理健康服务的遭遇"
Z6902,"非父母虐待儿童的心理健康服务的遭遇"
Z69020,"为非父母虐待儿童的受害者提供心理健康服务的遭遇"
Z69021,"为非父母虐待儿童的肇事者提供心理健康服务"
Z691,"遇到配偶或伴侣虐待问题的心理健康服务"
Z6911,"为配偶或伴侣虐待的受害者提供心理健康服务"
Z6912,"为虐待配偶或伴侣的肇事者提供心理健康服务"
Z698,"为其他虐待的受害者或肇事者提供心理健康服务的遭遇"
Z6981,"为其他虐待受害者提供心理健康服务的遭遇"
Z6982,"为其他虐待的肇事者提供心理健康服务"
Z70,"与性态度、行为和性取向相关的咨询"
Z700,"与性态度相关的咨询"
Z701,"与患者的性行为和性取向相关的咨询"
Z702,"与第三方的性行为和性取向相关的咨询"
Z703,"与性态度、行为和性取向的共同担忧相关的咨询"
Z708,"其他性咨询"
Z709,"性咨询，未指明"
Z71,"寻求其他咨询和医疗建议的健康服务人员，未在其他地方分类"
Z710,"代表他人咨询健康服务机构的人"
Z711,"有恐惧的健康抱怨但未做出诊断的人"
Z712,"为解释检查或检查结果而咨询的人"
Z713,"饮食咨询和监测"
Z714,"酒精滥用咨询和监测"
Z7141,"酒精滥用咨询和酒精监测"
Z7142,"为酗酒者家属提供咨询"
Z715,"药物滥用咨询和监测"
Z7151,"药物滥用咨询和监测药物滥用者"
Z7152,"为吸毒者家属提供咨询"
Z716,"烟草滥用咨询"
Z717,"人类免疫缺陷病毒 \[HIV\] 咨询"
Z718,"其他特定咨询"
Z7181,"精神或宗教咨询"
Z7182,"运动咨询"
Z7183,"非生育遗传咨询的相遇"
Z7184,"与旅行相关的健康咨询的会面"
Z7185,"免疫接种安全咨询"
Z7187,"儿童到成人过渡咨询的相遇"
Z7188,"社会经济因素咨询的相遇"
Z7189,"其他特定咨询"
Z719,"咨询，未指定"
Z72,"与生活方式相关的问题"
Z720,"烟草使用"
Z723,"缺乏体育锻炼"
Z724,"不适当的饮食和饮食习惯"
Z725,"高危性行为"
Z7251,"高危异性恋行为"
Z7252,"高危同性恋行为"
Z7253,"高危双性恋行为"
Z726,"赌博和博彩"
Z728,"与生活方式相关的其他问题"
Z7281,"反社会行为"
Z72810,"儿童和青少年反社会行为"
Z72811,"成人反社会行为"
Z7282,"与睡眠相关的问题"
Z72820,"睡眠剥夺"
Z72821,"睡眠卫生不足"
Z72823,"睡觉时被他人窒息（窒息）的风险"
Z7289,"与生活方式相关的其他问题"
Z729,"与生活方式相关的问题，未指定"
Z73,"与生活管理困难相关的问题"
Z730,"倦怠"
Z731,"A 型行为模式"
Z732,"缺乏放松和闲暇"
Z733,"压力，未分类"
Z734,"社交技能不足，未在其他地方分类"
Z735,"社会角色冲突，没有其他分类"
Z736,"因残疾而限制活动"
Z738,"与生活管理困难相关的其他问题"
Z7381,"儿童行为性失眠"
Z73810,"儿童期行为性失眠，入睡关联型"
Z73811,"儿童行为性失眠，限制设置类型"
Z73812,"儿童行为性失眠，混合型"
Z73819,"儿童期行为性失眠，类型不明"
Z7382,"双重感觉障碍"
Z7389,"与生活管理困难相关的其他问题"
Z739,"与生活管理困难相关的问题，未指定"
Z74,"与照护提供者依赖相关的问题"
Z740,"行动不便"
Z7401,"卧月状态"
Z7409,"其他行动不便"
Z741,"需要个人护理方面的帮助"
Z742,"需要在家中提供帮助，并且没有其他家庭成员能够提供护理"
Z743,"需要持续监督"
Z748,"与护理提供者依赖相关的其他问题"
Z749,"与护理提供者依赖相关的问题，未指定"
Z75,"与医疗设施和其他医疗保健相关的问题"
Z750,"家庭无法提供的医疗服务"
Z751,"等待进入其他地方的适当设施的人"
Z752,"其他检查和治疗的等待期"
Z753,"医疗保健设施不可用和无法进入"
Z754,"其他帮助机构不可用和无法访问"
Z755,"节日救济护理"
Z758,"与医疗设施和其他医疗保健相关的其他问题"
Z759,"与医疗设施和其他医疗保健相关的未指明问题"
Z76,"在其他情况下接触卫生服务的人"
Z760,"遇到重复处方的问题"
Z761,"遭遇弃婴的健康监督和照顾"
Z762,"遇到其他健康婴幼儿的健康监督和护理"
Z763,"健康的人陪病的人"
Z764,"其他医疗机构的寄宿生"
Z765,"装病者 \[有意识模拟\]"
Z768,"在其他特定情况下接触卫生服务的人"
Z7681,"准父母产前儿科医生访视"
Z7682,"等待器官移植状态"
Z7689,"在其他特定情况下接触卫生服务的人"
Z77,"其他危害健康的接触和（疑似）暴露"
Z770,"接触和（疑似）接触危险化学品，主要是非药用化学品"
Z7701,"接触和（疑似）暴露于有害金属"
Z77010,"接触和（怀疑）暴露于砷"
Z77011,"接触铅和（疑似）接触铅"
Z77012,"接触和（怀疑）接触铀"
Z77018,"接触和（疑似）暴露于其他有害金属"
Z7702,"接触和（疑似）暴露于有害芳香族化合物"
Z77020,"接触和（怀疑）暴露于芳香胺"
Z77021,"接触和（疑似）暴露于苯"
Z77028,"接触和（怀疑）暴露于其他有害芳香族化合物"
Z7709,"接触和（疑似）接触其他有害化学品，主要是非药用化学品"
Z77090,"接触石棉和（怀疑）接触石棉"
Z77098,"接触和（疑似）接触其他有害化学品，主要是非药用化学品"
Z771,"接触和（疑似）暴露于物理环境中的环境污染和危害"
Z7711,"接触和（怀疑）暴露于环境污染"
Z77110,"接触和（怀疑）暴露于空气污染"
Z77111,"接触和（怀疑）暴露于水污染"
Z77112,"接触和（怀疑）暴露于土壤污染"
Z77118,"接触和（怀疑）暴露于其他环境污染"
Z7712,"接触和（怀疑）暴露于物理环境中的危险"
Z77120,"接触和（怀疑）暴露于霉菌（有毒）"
Z77121,"接触和（疑似）接触有害藻类和藻类毒素"
Z77122,"接触噪声和（怀疑）暴露于噪声"
Z77123,"接触和（疑似）暴露于氡和其他自然产生的辐射"
Z77128,"接触和（疑似）暴露于物理环境中的其他危害"
Z772,"接触和（疑似）接触其他有害物质"
Z7721,"接触和（怀疑）暴露于具有潜在危险的体液"
Z7722,"接触和（怀疑）暴露于环境烟草烟雾（急性）（慢性）"
Z7729,"接触和（疑似）接触其他有害物质"
Z779,"其他危害健康的接触和（疑似）暴露"
Z78,"其他指定的运行状况"
Z780,"无症状的更年期状态"
Z781,"身体约束状态"
Z789,"其他指定的运行状况"
Z79,"长期（当前）药物治疗"
Z790,"长期（当前）使用抗凝剂和抗血栓药/抗血小板药"
Z7901,"长期（当前）使用抗凝剂"
Z7902,"长期（当前）使用抗血栓药/抗血小板药"
Z791,"长期（当前）使用非甾体抗炎药 （NSAID）"
Z792,"长期（当前）使用抗生素"
Z793,"长期（当前）使用激素避孕药"
Z794,"长期（当前）使用胰岛素"
Z795,"长期（当前）使用类固醇"
Z7951,"长期（当前）使用吸入类固醇"
Z7952,"长期（当前）使用全身性类固醇"
Z796,"长期（当前）使用免疫调节剂和免疫抑制剂"
Z7960,"长期（当前）使用未指定的免疫调节剂和免疫抑制剂"
Z7961,"长期（当前）使用免疫调节剂"
Z7962,"长期（当前）使用免疫抑制剂"
Z79620,"长期（当前）使用免疫抑制生物制剂"
Z79621,"长期（当前）使用钙调磷酸酶抑制剂"
Z79622,"长期（当前）使用 Janus 激酶抑制剂"
Z79623,"长期（当前）使用哺乳动物雷帕霉素靶标 （mTOR） 抑制剂"
Z79624,"长期（当前）使用核苷酸合成抑制剂"
Z7963,"长期（当前）使用化疗药物"
Z79630,"长期（当前）使用烷基化剂"
Z79631,"长期（当前）使用抗代谢药物"
Z79632,"长期（当前）使用抗肿瘤抗生素"
Z79633,"长期（当前）使用有丝分裂抑制剂"
Z79634,"长期（当前）使用拓扑异构酶抑制剂"
Z7964,"长期（当前）使用骨髓抑制剂"
Z7969,"长期（当前）使用其他免疫调节剂和免疫抑制剂"
Z798,"其他长期（当前）药物治疗"
Z7981,"长期（当前）使用影响雌激素受体和雌激素水平的药物"
Z79810,"长期（当前）使用选择性雌激素受体调节剂 （SERM）"
Z79811,"长期（当前）使用芳香化酶抑制剂"
Z79818,"长期（当前）使用影响雌激素受体和雌激素水平的其他药物"
Z7982,"长期（当前）使用阿司匹林"
Z7983,"长期（当前）使用双膦酸盐"
Z7984,"长期（当前）使用口服降糖药"
Z7985,"长期（当前）使用注射用非胰岛素抗糖尿病药物"
Z7989,"其他长期（当前）药物治疗"
Z79890,"激素替代疗法"
Z79891,"长期（当前）使用阿片类镇痛药"
Z79899,"其他长期（当前）药物治疗"
Z80,"原发性恶性肿瘤家族史"
Z800,"消化器官恶性肿瘤家族史"
Z801,"气管、支气管和肺恶性肿瘤家族史"
Z802,"其他呼吸器官和胸腔内器官恶性肿瘤家族史"
Z803,"乳腺恶性肿瘤家族史"
Z804,"生殖器官恶性肿瘤家族史"
Z8041,"卵巢恶性肿瘤家族史"
Z8042,"前列腺恶性肿瘤家族史"
Z8043,"睾丸恶性肿瘤家族史"
Z8049,"其他生殖器官恶性肿瘤家族史"
Z805,"尿路恶性肿瘤家族史"
Z8051,"肾恶性肿瘤家族史"
Z8052,"膀胱恶性肿瘤家族史"
Z8059,"其他泌尿道器官恶性肿瘤家族史"
Z806,"白血病家族史"
Z807,"淋巴、造血和相关组织的其他恶性肿瘤家族史"
Z808,"其他器官或系统的恶性肿瘤家族史"
Z809,"恶性肿瘤家族史，未明确"
Z81,"精神和行为障碍家族史"
Z810,"智障家族史"
Z811,"酗酒和依赖的家族史"
Z812,"烟草滥用和依赖家族史"
Z813,"其他精神活性物质滥用和依赖的家族史"
Z814,"其他药物滥用和依赖的家族史"
Z818,"其他精神和行为障碍的家族史"
Z82,"某些残疾和慢性疾病的家族史（导致残疾）"
Z820,"癫痫和其他神经系统疾病的家族史"
Z821,"失明和视力丧失家族史"
Z822,"耳聋和听力损失的家族史"
Z823,"中风家族史"
Z824,"缺血性心脏病和其他循环系统疾病的家族史"
Z8241,"心源性猝死家族史"
Z8249,"缺血性心脏病和其他循环系统疾病的家族史"
Z825,"哮喘和其他慢性下呼吸道疾病家族史"
Z826,"关节炎和其他肌肉骨骼系统和结缔组织疾病的家族史"
Z8261,"关节炎家族史"
Z8262,"骨质疏松症家族史"
Z8269,"肌肉骨骼系统和结缔组织其他疾病的家族史"
Z827,"先天性畸形、畸形和染色体异常的家族史"
Z8271,"多囊肾家族史"
Z8279,"其他先天性畸形、畸形和染色体异常的家族史"
Z828,"其他残疾和导致残疾的慢性病的家族史，未在其他地方分类"
Z83,"其他特定疾病的家族史"
Z830,"人类免疫缺陷病毒 \[HIV\] 病家族史"
Z831,"其他感染性和寄生虫病家族史"
Z832,"血液和造血器官疾病的家族史以及某些涉及免疫机制的疾病"
Z833,"糖尿病家族史"
Z834,"其他内分泌、营养和代谢疾病的家族史"
Z8341,"多发性内分泌腺瘤病 \[MEN\] 综合征家族史"
Z8342,"家族性高胆固醇血症家族史"
Z8343,"其他脂蛋白代谢疾病和其他血脂血症家族史"
Z83430,"脂蛋白升高家族史 （a）"
Z83438,"其他脂蛋白代谢疾病和其他血脂血症家族史"
Z8349,"其他内分泌、营养和代谢疾病的家族史"
Z835,"眼耳疾病家族史"
Z8351,"眼病家族史"
Z83511,"青光眼家族史"
Z83518,"其他特定眼病的家族史"
Z8352,"耳部疾病家族史"
Z836,"呼吸系统其他疾病的家族史"
Z837,"消化系统疾病家族史"
Z8371,"结肠息肉家族史"
Z8379,"消化系统其他疾病的家族史"
Z84,"其他疾病的家族史"
Z840,"皮肤和皮下组织疾病家族史"
Z841,"肾脏和输尿管疾病家族史"
Z842,"泌尿生殖系统其他疾病的家族史"
Z843,"血缘关系家族史"
Z848,"其他特定病症的家族史"
Z8481,"遗传病携带者家族史"
Z8482,"婴儿猝死综合征家族史"
Z8489,"其他特定病症的家族史"
Z85,"恶性肿瘤个人史"
Z850,"消化器官恶性肿瘤个人史"
Z8500,"未指明的消化器官恶性肿瘤个人史"
Z8501,"食管恶性肿瘤个人史"
Z8502,"胃恶性肿瘤个人史"
Z85020,"胃恶性类癌瘤个人史"
Z85028,"其他胃恶性肿瘤的个人史"
Z8503,"大肠恶性肿瘤个人史"
Z85030,"大肠恶性类癌瘤个人史"
Z85038,"其他大肠恶性肿瘤的个人史"
Z8504,"直肠、直肠乙状结肠交界处和肛门恶性肿瘤的个人史"
Z85040,"直肠恶性类癌瘤个人史"
Z85048,"直肠、直肠乙状结肠交界处和肛门其他恶性肿瘤的个人病史"
Z8505,"肝脏恶性肿瘤个人史"
Z8506,"小肠恶性肿瘤个人史"
Z85060,"小肠恶性类癌瘤个人史"
Z85068,"其他小肠恶性肿瘤的个人史"
Z8507,"胰腺恶性肿瘤个人史"
Z8509,"其他消化器官恶性肿瘤的个人史"
Z851,"气管、支气管和肺恶性肿瘤的个人病史"
Z8511,"支气管和肺恶性肿瘤的个人病史"
Z85110,"支气管和肺恶性类癌瘤的个人病史"
Z85118,"支气管和肺的其他恶性肿瘤的个人史"
Z8512,"气管恶性肿瘤个人史"
Z852,"其他呼吸和胸腔内器官恶性肿瘤的个人史"
Z8520,"未指明呼吸器官恶性肿瘤的个人史"
Z8521,"喉恶性肿瘤个人史"
Z8522,"鼻腔、中耳和副鼻窦恶性肿瘤的个人病史"
Z8523,"胸腺恶性肿瘤个人史"
Z85230,"胸腺恶性类癌瘤个人史"
Z85238,"其他胸腺恶性肿瘤的个人史"
Z8529,"其他呼吸和胸腔内器官恶性肿瘤的个人史"
Z853,"乳腺恶性肿瘤个人史"
Z854,"生殖器官恶性肿瘤的个人史"
Z8540,"未指明的女性生殖器官恶性肿瘤的个人史"
Z8541,"宫颈恶性肿瘤个人史"
Z8542,"子宫其他部位恶性肿瘤的个人史"
Z8543,"卵巢恶性肿瘤个人史"
Z8544,"其他女性生殖器官恶性肿瘤的个人史"
Z8545,"未指明的男性生殖器官恶性肿瘤的个人史"
Z8546,"前列腺恶性肿瘤的个人病史"
Z8547,"睾丸恶性肿瘤的个人病史"
Z8548,"附睾恶性肿瘤的个人史"
Z8549,"其他男性生殖器官恶性肿瘤的个人史"
Z855,"尿路恶性肿瘤个人史"
Z8550,"未指定尿路器官恶性肿瘤的个人史"
Z8551,"膀胱恶性肿瘤个人史"
Z8552,"肾恶性肿瘤个人史"
Z85520,"肾恶性类癌瘤个人史"
Z85528,"其他肾脏恶性肿瘤的个人史"
Z8553,"肾盂恶性肿瘤个人史"
Z8554,"输尿管恶性肿瘤个人史"
Z8559,"其他尿路器官恶性肿瘤的个人史"
Z856,"白血病个人史"
Z857,"淋巴、造血和相关组织的其他恶性肿瘤的个人史"
Z8571,"霍奇金淋巴瘤个人史"
Z8572,"非霍奇金淋巴瘤的个人史"
Z8579,"淋巴、造血和相关组织的其他恶性肿瘤的个人史"
Z858,"其他器官和系统恶性肿瘤的个人史"
Z8581,"唇、口腔和咽部恶性肿瘤的个人病史"
Z85810,"舌恶性肿瘤个人史"
Z85818,"唇、口腔和咽部其他部位恶性肿瘤的个人史"
Z85819,"唇、口腔和咽部不明部位恶性肿瘤的个人病史"
Z8582,"皮肤恶性肿瘤的个人史"
Z85820,"皮肤恶性黑色素瘤的个人病史"
Z85821,"默克尔细胞癌个人史"
Z85828,"其他皮肤恶性肿瘤的个人史"
Z8583,"骨和软组织恶性肿瘤的个人史"
Z85830,"骨恶性肿瘤的个人病史"
Z85831,"软组织恶性肿瘤个人史"
Z8584,"眼和神经组织恶性肿瘤的个人史"
Z85840,"眼部恶性肿瘤个人史"
Z85841,"脑恶性肿瘤的个人病史"
Z85848,"神经组织其他部位恶性肿瘤的个人病史"
Z8585,"内分泌腺恶性肿瘤的个人史"
Z85850,"甲状腺恶性肿瘤个人史"
Z85858,"其他内分泌腺恶性肿瘤的个人史"
Z8589,"其他器官和系统的恶性肿瘤个人史"
Z859,"恶性肿瘤个人史，未明确"
Z86,"某些其他疾病的个人史"
Z860,"原位和良性肿瘤以及行为不确定的肿瘤的个人史"
Z8600,"原位肿瘤个人史"
Z86000,"乳腺原位肿瘤个人史"
Z86001,"宫颈原位肿瘤个人史"
Z86002,"其他和未指明的生殖器官原位肿瘤的个人史"
Z86003,"口腔、食管和胃原位肿瘤的个人病史"
Z86004,"其他和未指明的消化器官原位肿瘤的个人史"
Z86005,"中耳和呼吸系统原位肿瘤的个人史"
Z86006,"原位黑色素瘤的个人史"
Z86007,"皮肤原位肿瘤的个人病史"
Z86008,"其他部位原位肿瘤的个人病史"
Z8601,"良性肿瘤个人史"
Z86010,"结肠息肉的个人史"
Z86011,"脑良性肿瘤的个人病史"
Z86012,"良性类癌瘤的个人病史"
Z86018,"其他良性肿瘤的个人史"
Z8603,"行为不明的肿瘤个人史"
Z861,"感染病和寄生虫病的个人史"
Z8611,"结核病个人史"
Z8612,"脊髓灰质炎个人史"
Z8613,"个人疟疾史"
Z8614,"耐甲氧西林金黄色葡萄球菌感染的个人史"
Z8615,"潜伏性结核病感染的个人史"
Z8616,"COVID\-19 个人史"
Z8619,"其他感染性和寄生虫病的个人史"
Z862,"血液和造血器官疾病的个人史以及涉及免疫机制的某些疾病"
Z863,"内分泌、营养和代谢疾病的个人史"
Z8631,"糖尿病足溃疡个人史"
Z8632,"妊娠糖尿病个人史"
Z8639,"其他内分泌、营养和代谢疾病的个人史"
Z865,"精神和行为障碍的个人史"
Z8651,"个人战斗史和作战压力反应"
Z8659,"其他精神和行为障碍的个人史"
Z866,"神经系统和感觉器官疾病的个人史"
Z8661,"中枢神经系统感染的个人史"
Z8669,"神经系统和感觉器官其他疾病的个人史"
Z867,"循环系统疾病的个人史"
Z8671,"静脉血栓形成和栓塞的个人病史"
Z86711,"肺栓塞个人史"
Z86718,"其他静脉血栓形成和栓塞的个人史"
Z8672,"血栓性静脉炎个人史"
Z8673,"短暂性脑缺血发作 （TIA） 和无残余功能障碍的脑梗死个人史"
Z8674,"心脏骤停的个人史"
Z8679,"循环系统其他疾病的个人史"
Z87,"其他疾病和病症的个人史"
Z870,"呼吸系统疾病的个人史"
Z8701,"肺炎个人史（复发）"
Z8709,"呼吸系统其他疾病的个人史"
Z871,"消化系统疾病的个人史"
Z8711,"消化性溃疡病个人史"
Z8719,"消化系统其他疾病的个人史"
Z872,"皮肤和皮下组织疾病的个人史"
Z873,"肌肉骨骼系统和结缔组织疾病的个人史"
Z8731,"（已愈合的）非创伤性骨折的个人史"
Z87310,"（已愈合的）骨质疏松症骨折的个人史"
Z87311,"其他病理性骨折（已治愈）的个人病史"
Z87312,"（已愈合的）应力性骨折的个人史"
Z8739,"肌肉骨骼系统和结缔组织其他疾病的个人史"
Z874,"泌尿生殖系统疾病的个人史"
Z8741,"女性生殖道发育不良的个人史"
Z87410,"宫颈发育不良的个人史"
Z87411,"阴道发育不良的个人史"
Z87412,"外阴发育不良的个人史"
Z8742,"女性生殖道其他疾病的个人史"
Z8743,"男性生殖器官疾病的个人史"
Z87430,"前列腺发育不良的个人史"
Z87438,"男性生殖器官其他疾病的个人史"
Z8744,"泌尿系统疾病的个人史"
Z87440,"泌尿（道）感染个人史"
Z87441,"肾病综合征个人史"
Z87442,"尿路结石个人史"
Z87448,"泌尿系统其他疾病的个人史"
Z875,"妊娠、分娩和产褥期并发症的个人史"
Z8751,"早产个人史"
Z8759,"妊娠、分娩和产褥期其他并发症的个人史"
Z876,"围产期出现的某些（纠正的）疾病的个人史"
Z8761,"新生儿（矫正）坏死性小肠结肠炎个人史"
Z8768,"围产期出现的其他（纠正的）疾病的个人史"
Z877,"（矫正的）先天性畸形个人史"
Z8771,"泌尿生殖系统（矫正的）先天性畸形的个人史"
Z87710,"（矫正的）尿道下裂的个人病史"
Z87718,"其他特定（纠正的）泌尿生殖系统先天性畸形的个人病史"
Z8772,"神经系统和感觉器官（矫正的）先天性畸形的个人病史"
Z87720,"（矫正的）先天性眼畸形的个人病史"
Z87721,"（矫正的）先天性耳畸形的个人病史"
Z87728,"其他特定（矫正）神经系统和感觉器官先天性畸形的个人病史"
Z8773,"消化系统（矫正）先天性畸形的个人病史"
Z87730,"（矫正的）唇裂和腭裂的个人史"
Z87731,"（矫正的）气管食管瘘或闭锁的个人史"
Z87732,"（纠正的）持续性泄殖腔或泄殖腔畸形的个人史"
Z87738,"其他特定（纠正的）消化系统先天性畸形的个人病史"
Z8774,"（矫正的）心脏和循环系统先天性畸形的个人病史"
Z8775,"（矫正的）先天性呼吸系统畸形的个人病史"
Z8776,"（矫正的）外皮、四肢和肌肉骨骼系统先天性畸形的个人病史"
Z87760,"（矫正的）先天性膈疝或其他先天性膈肌畸形的个人病史"
Z87761,"（纠正的）腹裂的个人史"
Z87762,"（矫正的）Prune Belly 畸形的个人史"
Z87763,"其他（矫正的）先天性腹壁畸形的个人史"
Z87768,"其他指定（矫正）外皮、四肢和肌肉骨骼系统先天性畸形的个人病史"
Z8779,"其他（已矫正的）先天性畸形的个人史"
Z87790,"面部和颈部（矫正的）先天性畸形的个人病史"
Z87798,"其他（已矫正的）先天性畸形的个人史"
Z878,"其他特定情况的个人病史"
Z8781,"（已愈合的）外伤性骨折个人史"
Z8782,"其他（已治愈的）身体损伤和创伤的个人史"
Z87820,"创伤性脑损伤的个人史"
Z87821,"完全去除残留异物的个人史"
Z87828,"其他（已治愈的）身体损伤和创伤的个人史"
Z8789,"其他特定情况的个人病史"
Z87890,"变性个人史"
Z87891,"尼古丁依赖的个人史"
Z87892,"全身过敏反应的个人史"
Z87898,"其他特定情况的个人病史"
Z88,"对药物、药物和生物物质的过敏状态"
Z880,"对青霉素的过敏状态"
Z881,"对其他抗生素药物的过敏状态"
Z882,"对磺胺类药物的过敏状态"
Z883,"对其他抗感染药物的过敏状态"
Z884,"对麻醉剂的过敏状态"
Z885,"对麻醉剂的过敏状态"
Z886,"对镇痛药的过敏状态"
Z887,"对血清和疫苗的过敏状态"
Z888,"对其他药物、药物和生物物质的过敏状态"
Z889,"对未指明的药物、药物和生物物质的过敏状态"
Z89,"获得性肢体缺失"
Z890,"获得性拇指和其他手指缺失"
Z8901,"获得性拇指缺失"
Z89011,"获得性右手拇指缺失"
Z89012,"获得性左手拇指缺失"
Z89019,"获得性未指定拇指缺失"
Z8902,"获得性缺失其他手指"
Z89021,"获得性右指缺失"
Z89022,"获得性左指缺失"
Z89029,"获得性缺失未指定的手指"
Z891,"获得性手和手腕缺失"
Z8911,"获得性手缺失"
Z89111,"获得性右手缺失"
Z89112,"获得性左手缺失"
Z89119,"获得性缺失的未指定手"
Z8912,"获得性腕部缺失"
Z89121,"获得性右腕缺失"
Z89122,"获得性左腕缺失"
Z89129,"获得性缺失 未指明的腕部"
Z892,"手腕以上上肢获得性缺失"
Z8920,"获得性上肢缺失，水平不明"
Z89201,"获得性右上肢缺失，水平不明"
Z89202,"获得性左上肢缺失，水平不明"
Z89209,"获得性缺失未指定的上肢，未指定的水平"
Z8921,"肘部以下上肢获得性缺失"
Z89211,"肘部以下右上肢获得性缺失"
Z89212,"肘部以下左上肢获得性缺失"
Z89219,"肘部以下未指明的上肢获得性缺失"
Z8922,"肘部以上上肢获得性缺失"
Z89221,"肘部以上右上肢获得性缺失"
Z89222,"肘部以上左上肢获得性缺失"
Z89229,"肘部以上未指明的上肢获得性缺失"
Z8923,"获得性肩关节缺失"
Z89231,"获得性右肩缺失"
Z89232,"获得性左肩缺失"
Z89239,"获得性缺失 未指明的肩关节"
Z894,"获得性脚趾、足和踝缺失"
Z8941,"获得性大脚趾缺失"
Z89411,"获得性右大脚趾缺失"
Z89412,"获得性左大脚趾缺失"
Z89419,"获得性缺失未指定的大脚趾"
Z8942,"获得性其他脚趾缺失"
Z89421,"获得性缺失其他右脚趾"
Z89422,"获得性其他左脚趾缺失"
Z89429,"获得性没有其他脚趾，未指定的一侧"
Z8943,"获得性足缺失"
Z89431,"获得性右脚缺失"
Z89432,"获得性左脚缺失"
Z89439,"获得性缺失 不明足"
Z8944,"获得性踝关节缺失"
Z89441,"获得性右踝缺失"
Z89442,"获得性左踝缺失"
Z89449,"获得性缺失未指明的踝关节"
Z895,"膝盖以下腿部获得性缺失"
Z8951,"膝盖以下腿部获得性缺失"
Z89511,"膝盖以下右腿获得性缺失"
Z89512,"膝关节以下左腿获得性缺失"
Z89519,"膝关节以下未指定腿的获得性缺失"
Z8952,"获得性膝关节缺失"
Z89521,"获得性右膝关节缺失"
Z89522,"获得性左膝关节缺失"
Z89529,"获得性缺失未指定膝关节"
Z896,"膝盖以上腿部获得性缺失"
Z8961,"膝盖以上腿部获得性缺失"
Z89611,"膝盖以上右腿获得性缺失"
Z89612,"获得性膝关节以上左腿缺失"
Z89619,"膝盖以上未指定腿的获得性缺失"
Z8962,"获得性髋关节缺失"
Z89621,"获得性右髋关节缺失"
Z89622,"获得性左髋关节缺失"
Z89629,"获得性缺失未指明的髋关节"
Z899,"获得性肢体缺失，未指定"
Z90,"获得性器官缺失，未在其他位置分类"
Z900,"头部和颈部部分获得性缺失"
Z9001,"获得性缺眼"
Z9002,"获得性喉缺失"
Z9009,"头部和颈部其他部位获得性缺失"
Z901,"获得性乳房和缺失"
Z9010,"获得性缺失，未指明的乳房和"
Z9011,"获得性右乳房和缺失"
Z9012,"获得性左乳房和缺失"
Z9013,"获得性双侧乳房和缺失"
Z902,"获得性肺缺失 \[部分\]"
Z903,"获得性胃缺失 \[部分\]"
Z904,"获得性消化道其他特定部分缺失"
Z9041,"获得性胰腺缺失"
Z90410,"获得性胰腺完全缺失"
Z90411,"获得性胰腺部分缺失"
Z9049,"获得性消化道其他特定部分缺失"
Z905,"获得性肾缺失"
Z906,"尿路其他部位的获得性缺失"
Z907,"获得性生殖器官缺失"
Z9071,"获得性宫颈和子宫缺失"
Z90710,"获得性宫颈和子宫缺失"
Z90711,"获得性子宫缺失，仍有宫颈残端"
Z90712,"获得性宫颈缺失但子宫残留"
Z9072,"获得性卵巢缺失"
Z90721,"获得性卵巢缺失，单侧"
Z90722,"获得性卵巢缺失，双侧"
Z9079,"获得性缺乏其他生殖器官"
Z908,"获得性其他器官缺失"
Z9081,"获得性脾缺失"
Z9089,"获得性其他器官缺失"
Z91,"个人风险因素，未分类"
Z910,"过敏状态，对药物和生物物质除外"
Z9101,"食物过敏状态"
Z91010,"对花生过敏"
Z91011,"对奶制品过敏"
Z91012,"对鸡蛋过敏"
Z91013,"对海鲜过敏"
Z91014,"对哺乳动物肉类过敏"
Z91018,"对其他食物过敏"
Z9102,"食品添加剂过敏状态"
Z9103,"昆虫过敏状态"
Z91030,"蜜蜂过敏状态"
Z91038,"其他昆虫过敏状态"
Z9104,"非药用物质过敏状态"
Z91040,"乳胶过敏状态"
Z91041,"放射学造影剂过敏状态"
Z91048,"其他非药用物质过敏状态"
Z9109,"其他过敏状态，对药物和生物物质除外"
Z911,"患者不依从药物治疗和治疗方案"
Z9111,"患者不遵守饮食方案"
Z91110,"由于经济困难，患者不遵守饮食方案"
Z91118,"患者因其他原因不遵守饮食方案"
Z91119,"由于不明原因，患者不遵守饮食方案"
Z9112,"患者故意用药不足"
Z91120,"由于经济困难，患者故意用药不足"
Z91128,"患者因其他原因故意用药不足"
Z9113,"患者无意中剂量不足"
Z91130,"由于年龄相关的虚弱，患者无意中剂量不足"
Z91138,"患者因其他原因无意中剂量不足"
Z9114,"患者对药物治疗方案的其他不依从性"
Z91141,"患者因经济困难而不遵守药物治疗方案的其他情况"
Z91148,"患者因其他原因不遵守药物治疗方案"
Z9115,"患者不依从肾透析"
Z91151,"患者因经济困难而不依从肾透析"
Z91158,"患者因其他原因不依从肾透析"
Z9119,"患者不依从其他药物治疗和方案"
Z91190,"患者因经济困难而不遵守其他药物治疗和治疗方案"
Z91198,"患者因其他原因不遵守其他药物治疗和方案"
Z91199,"患者因不明原因不依从其他药物治疗和方案"
Z914,"个人心理创伤史，未分类"
Z9141,"成人虐待的个人史"
Z91410,"成人身体虐待和性虐待的个人史"
Z91411,"成人心理虐待的个人史"
Z91412,"成人忽视的个人史"
Z91413,"成人财务虐待的个人史"
Z91414,"成人亲密伴侣虐待的个人史"
Z91419,"未指明的成人虐待个人史"
Z9142,"强迫劳动或性剥削的个人历史"
Z9149,"其他未分类的心理创伤个人史"
Z915,"个人自我伤害史"
Z9151,"自杀行为的个人史"
Z9152,"非自杀性自我伤害的个人史"
Z918,"其他未分类的特定个人风险因素"
Z9181,"跌倒史"
Z9182,"个人军事部署历史"
Z9183,"徘徊在别处分类的疾病中"
Z9184,"口腔健康风险因素"
Z91841,"龋齿风险低"
Z91842,"龋齿风险，中度"
Z91843,"龋齿风险，高"
Z91849,"不明的龋齿风险"
Z9189,"其他未分类的特定个人风险因素"
Z91A,"护理人员不依从患者的药物治疗和方案"
Z91A1,"护理人员不遵守患者的饮食方案"
Z91A10,"护理人员因经济困难而不遵守患者的饮食方案"
Z91A18,"护理人员因其他原因不遵守患者的饮食方案"
Z91A2,"护理人员故意减少患者的药物治疗方案"
Z91A20,"护理人员由于经济困难而故意减少患者的药物治疗方案"
Z91A28,"护理人员出于其他原因故意剂量不足"
Z91A3,"护理人员无意中患者用药方案剂量不足"
Z91A4,"护理人员对患者药物治疗方案的其他不依从性"
Z91A5,"护理人员不依从患者的肾透析"
Z91A9,"护理人员不遵守患者的其他药物治疗和方案"
Z92,"个人医疗史"
Z920,"个人避孕史"
Z922,"药物治疗的个人史"
Z9221,"抗肿瘤化疗的个人史"
Z9222,"单克隆药物治疗的个人史"
Z9223,"雌激素治疗的个人史"
Z9224,"类固醇治疗的个人史"
Z92240,"吸入类固醇治疗的个人史"
Z92241,"全身性类固醇治疗的个人史"
Z9225,"免疫抑制治疗的个人史"
Z9229,"其他药物治疗的个人史"
Z923,"个人照射史"
Z928,"其他医疗的个人病史"
Z9281,"体外膜肺氧合 （ECMO） 的个人病史"
Z9282,"在进入当前设施之前的最后 24 小时内在不同设施中接受 tPA （rtPA） 后的状态"
Z9283,"中度镇静失败的个人史"
Z9284,"全身麻醉下意外意识的个人史"
Z9285,"细胞治疗的个人史"
Z92850,"嵌合抗原受体 T 细胞治疗的个人史"
Z92858,"其他细胞疗法的个人史"
Z92859,"细胞治疗的个人史，未指定"
Z9286,"基因治疗的个人史"
Z9289,"其他医疗的个人病史"
Z93,"人工打开状态"
Z930,"气管切开状态"
Z931,"胃造瘘状态"
Z932,"回肠造口术状态"
Z933,"结肠造口术状态"
Z934,"胃肠道状态的其他人工开口"
Z935,"膀胱造口术状态"
Z9350,"未指明的膀胱造口术状态"
Z9351,"皮肤膀胱造口术状态"
Z9352,"阑尾膀胱造口术状态"
Z9359,"其他膀胱造口情况"
Z936,"尿路状态的其他人工开口"
Z938,"其他人工开启状态"
Z939,"人工打开状态，未指定"
Z94,"移植器官和组织状态"
Z940,"肾移植状态"
Z941,"心脏移植状态"
Z942,"肺移植状态"
Z943,"心肺移植状态"
Z944,"肝移植状态"
Z945,"皮肤移植状态"
Z946,"骨移植状态"
Z947,"角膜移植状态"
Z948,"其他移植器官和组织状态"
Z9481,"骨髓移植状态"
Z9482,"肠道移植状态"
Z9483,"胰腺移植状态"
Z9484,"干细胞移植状态"
Z9489,"其他移植器官和组织状态"
Z949,"移植器官和组织状态，未明确"
Z95,"存在心脏和血管植入物和移植物"
Z950,"存在心脏起搏器"
Z951,"存在主动脉冠状动脉旁路移植术"
Z952,"存在人工心脏瓣膜"
Z953,"存在异种心脏瓣膜"
Z954,"存在其他心脏瓣膜置换术"
Z955,"存在冠状动脉血管成形术植入物和移植物"
Z958,"存在其他心脏和血管植入物和移植物"
Z9581,"存在其他心脏植入物和移植物"
Z95810,"存在自动（植入式）心脏除颤器"
Z95811,"存在心脏辅助装置"
Z95812,"存在完全植入的人工心脏"
Z95818,"存在其他心脏植入物和移植物"
Z9582,"存在其他血管植入物和移植物"
Z95820,"植入物和移植物的外周血管成形术状态"
Z95828,"存在其他血管植入物和移植物"
Z959,"存在心脏和血管植入物和移植物，未指定"
Z96,"存在其他功能性植入物"
Z960,"存在泌尿生殖道植入物"
Z961,"存在人工晶状体"
Z962,"存在耳科和听力植入物"
Z9620,"存在耳科和听力植入物，未指定"
Z9621,"人工耳蜗状态"
Z9622,"鼓膜切开管状态"
Z9629,"存在其他耳科和听力植入物"
Z963,"存在人工喉"
Z964,"存在内分泌植入物"
Z9641,"存在胰岛素泵（外部）（内部）"
Z9649,"存在其他内分泌植入物"
Z965,"存在牙根和下颌种植体"
Z966,"存在骨科关节植入物"
Z9660,"存在未指定的骨科关节植入物"
Z9661,"存在人工肩关节"
Z96611,"存在右侧人工肩关节"
Z96612,"存在左人工肩关节"
Z96619,"存在未指定的人工肩关节"
Z9662,"存在人工肘关节"
Z96621,"存在右侧人工肘关节"
Z96622,"存在左侧人工肘关节"
Z96629,"存在未指明的人工肘关节"
Z9663,"存在人工腕关节"
Z96631,"存在右侧人工腕关节"
Z96632,"存在左侧人工腕关节"
Z96639,"存在未指明的人工腕关节"
Z9664,"存在人工髋关节"
Z96641,"存在右侧人工髋关节"
Z96642,"存在左侧人工髋关节"
Z96643,"存在双侧人工髋关节"
Z96649,"存在未指明的人工髋关节"
Z9665,"存在人工膝关节"
Z96651,"存在右侧人工膝关节"
Z96652,"存在左侧人工膝关节"
Z96653,"存在人工膝关节，双侧"
Z96659,"存在未指明的人工膝关节"
Z9666,"存在人工踝关节"
Z96661,"存在右侧人工踝关节"
Z96662,"存在左侧人工踝关节"
Z96669,"存在未指明的人工踝关节"
Z9669,"存在其他骨科关节植入物"
Z96691,"右手手指关节置换术"
Z96692,"左手手指关节置换术"
Z96693,"双侧指关节置换术"
Z96698,"存在其他骨科关节植入物"
Z967,"存在其他骨和肌腱植入物"
Z968,"存在其他指定的功能性植入物"
Z9681,"存在人造皮肤"
Z9682,"存在神经刺激器"
Z9689,"存在其他指定的功能性植入物"
Z969,"存在功能性植入物，未指定"
Z97,"存在其他设备"
Z970,"存在人工眼"
Z971,"存在假肢（完全）（部分）"
Z9710,"存在假肢（完全）（部分），未指定"
Z9711,"存在人工右臂（完全）（部分）"
Z9712,"存在人工左臂（完全）（部分）"
Z9713,"存在人工右腿（完全）（部分）"
Z9714,"存在人工左腿（完全）（部分）"
Z9715,"存在人工手臂，双侧（完全）（部分）"
Z9716,"存在假肢，双侧（完全）（部分）"
Z972,"存在牙科修复装置（完整）（部分）"
Z973,"存在眼镜和隐形眼镜"
Z974,"存在外部助听器"
Z975,"存在（宫内）避孕装置"
Z978,"存在其他指定设备"
Z98,"其他术后状态"
Z980,"肠道旁路和吻合状态"
Z981,"关节融合术状态"
Z982,"存在脑脊液引流装置"
Z983,"治疗后肺状态衰竭"
Z984,"白内障摘除术状态"
Z9841,"白内障摘除状态，右眼"
Z9842,"白内障摘除状态，左眼"
Z9849,"白内障摘除状态，未指明的眼睛"
Z985,"灭菌状态"
Z9851,"输卵管结扎状态"
Z9852,"输精管结扎术状态"
Z986,"血管成形术状态"
Z9861,"冠状动脉血管成形术状态"
Z9862,"外周血管成形术状态"
Z988,"其他指定的术后状态"
Z9881,"牙科手术状态"
Z98810,"牙科密封剂状态"
Z98811,"牙齿修复状态"
Z98818,"其他牙科手术状态"
Z9882,"乳房植入物状态"
Z9883,"青光眼手术后的过滤（玻璃体）水泡"
Z9884,"减重手术状态"
Z9885,"移植器官切除状态"
Z9886,"移除乳房植入物的个人史"
Z9887,"宫内手术的个人史"
Z98870,"怀孕期间宫内手术的个人史"
Z98871,"胎儿子宫内手术的个人史"
Z9889,"其他指定的术后状态"
Z98890,"其他指定的术后状态"
Z98891,"既往手术子宫瘢痕史"
Z99,"依赖于启用机器和设备，未在其他位置分类"
Z990,"对吸气器的依赖性"
Z991,"对呼吸器的依赖"
Z9911,"对呼吸器 \[呼吸机\] 状态的依赖"
Z9912,"停电时遇到呼吸器 \[呼吸机\] 依赖"
Z992,"对肾透析的依赖"
Z993,"对轮椅的依赖"
Z998,"对其他使能机器和设备的依赖"
Z9981,"对辅助供氧的依赖"
Z9989,"对其他使能机器和设备的依赖"
